,,,,,,,,,,,,,,,,,,,,,,
ESPN STANDARD,,,,,,,,,,,,YAHOO STANDARD,,,,,,,,,,
BEST VALUES,,,,,,WORST VALUES,,,,,,BEST VALUES,,,,,,WORST VALUES,,,,
PLAYER,POS,ECR,DRAFT RANK,VALUE,,PLAYER,POS,ECR,DRAFT RANK,VALUE,,PLAYER,POS,ECR,DRAFT RANK,VALUE,,PLAYER,POS,ECR,DRAFT RANK,VALUE
Tucker Kraft,TE,56,104,0.86,,Jeremiyah Love,RB,49,18,-0.63,,Derrick Henry,RB,13,21,0.62,,Kenneth Walker,RB,30,15,-0.5
A.J. Brown,WR,15,26,0.73,,Matthew Golden,WR,154,80,-0.48,,A.J. Brown,WR,15,24,0.6,,Jeremiyah Love,RB,49,26,-0.47
Brock Bowers,TE,14,24,0.71,,Travis Hunter,WR,162,91,-0.44,,Jameson Williams,WR,38,51,0.34,,Ashton Jeanty,RB,20,12,-0.4
George Pickens,WR,17,27,0.59,,Kenyon Sadiq,TE,192,112,-0.42,,Courtland Sutton,WR,72,94,0.31,,Chase Brown,RB,26,16,-0.38
Blake Corum,RB,80,121,0.51,,T.J. Hockenson,TE,195,120,-0.38,,Brock Bowers,TE,14,18,0.29,,DeVonta Smith,WR,35,23,-0.34
,,,,,,,,,,,,,,,,,,,,,,
ESPN HALF PPR,,,,,,,,,,,,YAHOO HALF PPR,,,,,,,,,,
BEST VALUES,,,,,,WORST VALUES,,,,,,BEST VALUES,,,,,,WORST VALUES,,,,
PLAYER,POS,ECR,DRAFT RANK,VALUE,,PLAYER,POS,ECR,DRAFT RANK,VALUE,,PLAYER,POS,ECR,DRAFT RANK,VALUE,,PLAYER,POS,ECR,DRAFT RANK,VALUE
Brock Bowers,TE,14,24,0.71,,Jeremiyah Love,RB,41,13,-0.68,,A.J. Brown,WR,17,24,0.41,,Kenneth Walker,RB,29,15,-0.48
Tucker Kraft,TE,62,103,0.66,,Matthew Golden,WR,151,79,-0.48,,De'Von Achane,RB,15,20,0.33,,Jeremiyah Love,RB,41,26,-0.37
A.J. Brown,WR,17,27,0.59,,Travis Hunter,WR,161,90,-0.44,,Courtland Sutton,WR,71,94,0.32,,Ricky Pearsall,WR,140,89,-0.36
Chris Godwin,WR,81,127,0.57,,Carnell Tate,WR,86,51,-0.41,,Jakobi Meyers,WR,88,116,0.32,,Parker Washington,WR,96,67,-0.3
Jaylen Warren,RB,65,96,0.48,,Kenyon Sadiq,TE,197,117,-0.41,,Wan'Dale Robinson,WR,100,130,0.3,,Saquon Barkley,RB,18,13,-0.28
,,,,,,,,,,,,,,,,,,,,,,
ESPN PPR,,,,,,,,,,,,YAHOO PPR,,,,,,,,,,
BEST VALUES,,,,,,WORST VALUES,,,,,,BEST VALUES,,,,,,WORST VALUES,,,,
PLAYER,POS,ECR,DRAFT RANK,VALUE,,PLAYER,POS,ECR,DRAFT RANK,VALUE,,PLAYER,POS,ECR,DRAFT RANK,VALUE,,PLAYER,POS,ECR,DRAFT RANK,VALUE
Chris Olave,WR,13,28,1.15,,Jeremiyah Love,RB,38,13,-0.66,,Chris Olave,WR,13,29,1.23,,James Cook,RB,23,10,-0.57
A.J. Brown,WR,14,27,0.93,,Derrick Henry,RB,40,20,-0.5,,A.J. Brown,WR,14,24,0.71,,Kenneth Walker,RB,35,15,-0.57
Chris Godwin,WR,72,127,0.76,,James Cook,RB,23,12,-0.48,,Trey McBride,TE,15,25,0.67,,Saquon Barkley,RB,26,13,-0.5
George Pickens,WR,18,29,0.61,,Matthew Golden,WR,148,79,-0.47,,Rashee Rice,WR,19,30,0.58,,Derrick Henry,RB,40,21,-0.48
Mike Evans,WR,48,76,0.58,,Josh Jacobs,RB,41,23,-0.44,,Wan'Dale Robinson,WR,85,130,0.53,,Jonathan Taylor,RB,11,7,-0.36
,,,,,,,,,,,,,,,,,,,,,,
SLEEPER HALF PPR,,,,,,,,,,,,SLEEPER STANDARD,,,,,,,,,,
BEST VALUES,,,,,,WORST VALUES,,,,,,BEST VALUES,,,,,,WORST VALUES,,,,
PLAYER,POS,ECR,DRAFT RANK,VALUE,,PLAYER,POS,ECR,DRAFT RANK,VALUE,,PLAYER,POS,ECR,DRAFT RANK,VALUE,,PLAYER,POS,ECR,DRAFT RANK,VALUE
Zay Flowers,WR,30,46,0.53,,Jeremiyah Love,RB,41,24,-0.41,,A.J. Brown,WR,15,34,1.27,,Jeremiyah Love,RB,49,17,-0.65
Drake London,WR,11,16,0.45,,Jordyn Tyson,WR,111,71,-0.36,,Drake London,WR,12,21,0.75,,Kyren Williams,RB,33,13,-0.61
George Pickens,WR,22,29,0.32,,Ricky Pearsall,WR,140,92,-0.34,,Zay Flowers,WR,31,52,0.68,,De'Von Achane,RB,19,8,-0.58
Chris Olave,WR,23,30,0.3,,Makai Lemon,WR,113,76,-0.33,,George Pickens,WR,17,28,0.65,,James Cook,RB,11,5,-0.55
Isiah Pacheco,RB,143,182,0.27,,Oronde Gadsden,TE,153,103,-0.33,,Jadarian Price,RB,68,111,0.63,,RJ Harvey,RB,88,42,-0.52
,,,,,,,,,,,,,,,,,,,,,,
SLEEPER PPR,,,,,,,,,,,,,,,,,,,,,,
BEST VALUES,,,,,,WORST VALUES,,,,,,,,,,,,,,,,
PLAYER,POS,ECR,DRAFT RANK,VALUE,,PLAYER,POS,ECR,DRAFT RANK,VALUE,,,,,,,,,,,,
Chris Olave,WR,13,27,1.08,,James Cook,RB,23,12,-0.48,,,,,,,,,,,,
DeVonta Smith,WR,25,44,0.76,,Jeremiyah Love,RB,38,20,-0.47,,,,,,,,,,,,
Nico Collins,WR,17,26,0.53,,Saquon Barkley,RB,26,15,-0.42,,,,,,,,,,,,
Ladd McConkey,WR,30,42,0.4,,Kenyon Sadiq,TE,200,117,-0.42,,,,,,,,,,,,
Zay Flowers,WR,31,43,0.39,,Oronde Gadsden,TE,156,94,-0.4,,,,,,,,,,,,
