,Name,Team,BYE,Pos,ADP,FantasyPros,ESPN,ESPNvFP,Landmine,Round,Pick
,Jahmyr Gibbs,DET,6,RB,2,2,1,-0.5,5.6,1,1
,Bijan Robinson,ATL,11,RB,1,1,2,1,5.4,,2
,Puka Nacua,LAR,11,WR,4,4,3,-0.25,5.6,,3
,Ja'Marr Chase,CIN,6,WR,3,3,4,0.33,5.4,,4
,Jaxon Smith-Njigba,SEA,11,WR,7,5,5,0,5.5,,5
,Christian McCaffrey,SF,8,RB,6,6,6,0,5.5,,6
,Jonathan Taylor,IND,13,RB,5,9,7,-0.22,5.5,,7
,Amon-Ra St. Brown,DET,6,WR,9,7,8,0.14,5.5,,8
,CeeDee Lamb,DAL,14,WR,11,8,9,0.13,5.5,,9
,Derrick Henry,BAL,13,RB,10,13,10,-0.23,5.6,,10
,Justin Jefferson,MIN,6,WR,12,10,11,0.1,5.5,,11
,James Cook,BUF,7,RB,8,11,12,0.09,5.3,,12
,De'Von Achane,MIA,6,RB,15,19,13,-0.32,5.8,2,13
,Drake London,ATL,11,WR,14,12,14,0.17,5.5,,14
,Saquon Barkley,PHI,10,RB,16,16,15,-0.06,5.5,,15
,Rashee Rice,KC,5,WR,22,25,16,-0.36,6.1,,16
,Trey McBride,ARI,14,TE,18,21,17,-0.19,5.6,,17
,Jeremiyah Love,ARI,14,RB,29,49,18,-0.63,7.1,,18
,Ashton Jeanty,LV,13,RB,13,20,19,-0.05,5.3,,19
,Omarion Hampton,LAC,7,RB,17,22,20,-0.09,5.5,,20
,Kenneth Walker,KC,5,RB,20,30,21,-0.3,5.7,,21
,Josh Jacobs,GB,11,RB,27,29,22,-0.24,5.8,,22
,Chase Brown,CIN,6,RB,24,26,23,-0.12,5.7,,23
,Brock Bowers,LV,13,TE,21,14,24,0.71,5.2,,24
,Nico Collins,HOU,8,WR,19,18,25,0.39,5.3,3,25
,A.J. Brown,NE,11,WR,25,15,26,0.73,5.2,,26
,George Pickens,DAL,14,WR,23,17,27,0.59,5,,27
,Chris Olave,NO,8,WR,31,23,28,0.22,5.5,,28
,Malik Nabers,NYG,8,WR,41,39,29,-0.26,6.3,,29
,Breece Hall,NYJ,13,RB,30,37,30,-0.19,5.7,,30
,Javonte Williams,DAL,14,RB,37,41,31,-0.24,5.9,,31
,Garrett Wilson,NYJ,13,WR,34,51,32,-0.37,6.3,,32
,Emeka Egbuka,TB,10,WR,36,47,33,-0.3,6.1,,33
,Davante Adams,LAR,11,WR,35,43,34,-0.21,5.9,,34
,Zay Flowers,BAL,13,WR,33,31,35,0.13,5.3,,35
,Josh Allen,BUF,7,QB,26,24,36,0.5,5.1,,36
,Kyren Williams,LAR,11,RB,28,33,37,0.12,5,4,37
,Travis Etienne,NO,8,RB,40,52,38,-0.27,5.8,,38
,Quinshon Judkins,CLE,11,RB,46,58,39,-0.33,6.5,,39
,Cam Skattebo,NYG,8,RB,44,54,40,-0.26,5.8,,40
,Bucky Irving,TB,10,RB,42,53,41,-0.23,6,,41
,Tetairoa McMillan,CAR,5,WR,32,34,42,0.24,4.8,,42
,DeVonta Smith,PHI,10,WR,43,35,43,0.23,5.3,,43
,Jameson Williams,DET,6,WR,50,38,44,0.16,5.5,,44
,Tee Higgins,CIN,6,WR,39,32,45,0.41,4.8,,45
,Ladd McConkey,LAC,7,WR,47,36,46,0.28,5.2,,46
,Rome Odunze,CHI,10,WR,59,60,47,-0.22,6.4,,47
,Terry McLaurin,WAS,7,WR,51,40,48,0.2,5.3,,48
,Colston Loveland,CHI,10,TE,45,42,49,0.17,5.3,5,49
,Tyler Warren,IND,13,TE,57,69,50,-0.28,6.2,,50
,Jaylen Waddle,DEN,10,WR,48,45,51,0.13,5.2,,51
,DJ Moore,BUF,7,WR,58,71,52,-0.27,6.4,,52
,Carnell Tate,TEN,9,WR,60,81,53,-0.35,6.8,,53
,Luther Burden,CHI,10,WR,52,57,54,-0.05,5.5,,54
,Jayden Daniels,WAS,7,QB,55,44,55,0.25,5.1,,55
,Lamar Jackson,BAL,13,QB,38,28,56,1,4.4,,56
,Drake Maye,NE,11,QB,49,27,57,1.11,4.1,,57
,Jalen Hurts,PHI,10,QB,62,61,58,-0.05,5.7,,58
,Bhayshul Tuten,JAC,7,RB,65,70,59,-0.16,6.1,,59
,TreVeyon Henderson,NE,11,RB,53,55,60,0.09,5.1,,60
,D'Andre Swift,CHI,10,RB,54,59,61,0.03,5.2,6,61
,David Montgomery,HOU,8,RB,56,62,62,0,5.3,,62
,Jadarian Price,SEA,11,RB,68,68,63,-0.07,5.8,,63
,Tony Pollard,TEN,9,RB,66,73,64,-0.12,5.7,,64
,Courtland Sutton,DEN,10,WR,69,72,65,-0.1,5.9,,65
,Alec Pierce,IND,13,WR,73,76,66,-0.13,6.1,,66
,Mike Evans,SF,8,WR,64,50,67,0.34,4.8,,67
,Marvin Harrison,ARI,14,WR,72,84,68,-0.19,6.3,,68
,DK Metcalf,PIT,9,WR,70,65,69,0.06,5.4,,69
,Christian Watson,GB,11,WR,63,48,70,0.46,4.4,,70
,Kyle Pitts,ATL,11,TE,75,91,71,-0.22,6.4,,71
,Harold Fannin,CLE,11,TE,71,74,72,-0.03,5.5,,72
,George Kittle,SF,8,TE,102,98,73,-0.26,7.5,7,73
,Joe Burrow,CIN,6,QB,61,46,74,0.61,4.2,,74
,Jaxson Dart,NYG,8,QB,84,89,75,-0.16,6.4,,75
,Jordyn Tyson,NO,8,WR,67,108,76,-0.3,6.4,,76
,Parker Washington,JAC,7,WR,86,94,77,-0.18,6.5,,77
,Michael Pittman,PIT,9,WR,98,102,78,-0.24,7.2,,78
,Brian Thomas,JAC,7,WR,78,64,79,0.23,4.9,,79
,Matthew Golden,GB,11,WR,122,154,80,-0.48,9.9,,80
,Makai Lemon,PHI,10,WR,77,103,81,-0.21,6,,81
,Trevor Lawrence,JAC,7,QB,87,77,82,0.06,5.5,,82
,Dak Prescott,DAL,14,QB,89,75,83,0.11,5.4,,83
,Bo Nix,DEN,10,QB,103,101,84,-0.17,6.9,,84
,Brock Purdy,SF,8,QB,95,93,85,-0.09,6.2,8,85
,Matthew Stafford,LAR,11,QB,105,106,86,-0.19,7,,86
,Caleb Williams,CHI,10,QB,82,66,87,0.32,4.5,,87
,Michael Wilson,ARI,14,WR,92,100,88,-0.12,6,,88
,Jordan Addison,MIN,6,WR,97,92,89,-0.03,5.9,,89
,Jakobi Meyers,JAC,7,WR,93,95,90,-0.05,5.8,,90
,Travis Hunter,JAC,7,WR,140,162,91,-0.44,10,,91
,Xavier Worthy,KC,5,WR,121,109,92,-0.16,7.2,,92
,Quentin Johnston,LAC,7,WR,113,85,93,0.09,6,,93
,Justin Herbert,LAC,7,QB,85,63,94,0.49,4,,94
,Patrick Mahomes,KC,5,QB,99,90,95,0.06,5.5,,95
,Rico Dowdle,PIT,9,RB,81,79,96,0.22,4.3,,96
,Rhamondre Stevenson,NE,11,RB,79,78,97,0.24,4.8,9,97
,Jaylen Warren,PIT,9,RB,74,67,98,0.46,3.4,,98
,J.K. Dobbins,DEN,10,RB,90,97,99,0.02,5.1,,99
,Chuba Hubbard,CAR,5,RB,83,86,100,0.16,4.9,,100
,Kenny Gainwell,TB,10,RB,104,114,101,-0.11,6.1,,101
,Sam LaPorta,DET,6,TE,76,82,102,0.24,4.1,,102
,Dallas Goedert,PHI,10,TE,106,119,103,-0.13,6.2,,103
,Tucker Kraft,GB,11,TE,80,56,104,0.86,2.8,,104
,Mark Andrews,BAL,13,TE,107,118,105,-0.11,6.1,,105
,Jonathon Brooks,CAR,5,RB,127,126,106,-0.16,7,,106
,Aaron Jones,MIN,6,RB,100,104,107,0.03,5.1,,107
,Rachaad White,WAS,7,RB,114,121,108,-0.11,6.2,,108
,Kyle Monangai,CHI,10,RB,91,83,109,0.31,3.9,10,109
,Travis Kelce,KC,5,TE,110,110,110,0,5.5,,110
,Jake Ferguson,DAL,14,TE,112,127,111,-0.13,6.1,,111
,Kenyon Sadiq,NYJ,13,TE,141,192,112,-0.42,9.6,,112
,Wan'Dale Robinson,TEN,9,WR,109,123,113,-0.08,5.7,,113
,Jayden Reed,GB,11,WR,115,105,114,0.09,5.2,,114
,Khalil Shakir,BUF,7,WR,124,137,115,-0.16,6.7,,115
,Jacory Croskey-Merritt,WAS,7,RB,111,99,116,0.17,4.8,,116
,Dalton Kincaid,BUF,7,TE,101,96,117,0.22,4.1,,117
,Isaiah Likely,NYG,8,TE,117,117,118,0.01,5.4,,118
,Hunter Henry,NE,11,TE,119,142,119,-0.16,5.9,,119
,T.J. Hockenson,MIN,6,TE,155,195,120,-0.38,9.6,,120
,Blake Corum,LAR,11,RB,96,80,121,0.51,3,11,121
,RJ Harvey,DEN,10,RB,88,88,122,0.39,3,,122
,Woody Marks,HOU,8,RB,118,115,123,0.07,5.2,,123
,Zach Charbonnet,SEA,11,RB,125,116,124,0.07,5.4,,124
,Josh Downs,IND,13,WR,129,124,125,0.01,5.6,,125
,KC Concepcion,CLE,11,WR,123,143,126,-0.12,6,,126
,Chris Godwin,TB,10,WR,108,87,127,0.46,3.3,,127
,Romeo Doubs,NE,11,WR,126,139,128,-0.08,5.7,,128
,Jayden Higgins,HOU,8,WR,128,113,129,0.14,4.9,,129
,Jalen Coker,CAR,5,WR,134,136,130,-0.04,5.9,,130
,Jerry Jeudy,CLE,11,WR,153,155,131,-0.15,7.2,,131
,Rashid Shaheed,SEA,11,WR,147,138,132,-0.04,6.3,,132
,Kyler Murray,MIN,6,QB,133,120,134,0.12,4.9,12,133
,Tyler Shough,NO,8,QB,136,112,135,0.21,5,,134
,Jared Goff,DET,6,QB,130,107,136,0.27,4.2,,135
,Daniel Jones,IND,13,QB,165,174,137,-0.21,7.9,,136
,Jordan Mason,MIN,6,RB,116,111,138,0.24,3.7,,137
,Isiah Pacheco,DET,6,RB,144,147,139,-0.05,6,,138
,Alvin Kamara,NO,8,RB,138,135,140,0.04,5.2,,139
,Chris Rodriguez,JAC,7,RB,139,131,141,0.08,5.1,,140
,Brian Robinson,ATL,11,RB,131,149,142,-0.05,5.4,,141
,Tank Bigsby,PHI,10,RB,150,145,143,-0.01,5.8,,142
,Jalen McMillan,TB,10,WR,160,170,144,-0.15,7.1,,143
,Calvin Ridley,TEN,9,WR,168,190,145,-0.24,8.1,,144
,Ricky Pearsall,SF,8,WR,94,133,146,0.1,3.1,13,145
,Denzel Boston,CLE,11,WR,145,187,147,-0.21,6.9,,146
,Adonai Mitchell,NYJ,13,WR,163,161,148,-0.08,6.2,,147
,Baker Mayfield,TB,10,QB,142,125,149,0.19,4.7,,148
,Malik Willis,MIA,6,QB,146,130,150,0.15,4.9,,149
,Tre Tucker,LV,13,WR,169,158,153,-0.03,6,,150
,Ray Davis,BUF,7,RB,171,180,154,-0.14,7.1,,151
,Tyrone Tracy,NYG,8,RB,137,128,155,0.21,3.8,,152
,Mike Washington,LV,13,RB,149,182,156,-0.14,6.2,,153
,Tyler Allgeier,ARI,14,RB,135,129,157,0.22,3.6,,154
,Dylan Sampson,CLE,11,RB,176,150,158,0.05,5.9,,155
,Terrance Ferguson,LAR,11,TE,167,183,159,-0.13,6.7,,156
,Brenton Strange,JAC,7,TE,143,134,160,0.19,3.9,14,157
,Jalen Nailor,LV,13,WR,181,213,161,-0.24,8.2,,158
,Omar Cooper,NYJ,13,WR,148,181,162,-0.1,5.6,,159
,Rashod Bateman,BAL,13,WR,189,185,163,-0.12,7.3,,160
,Jauan Jennings,MIN,6,WR,154,148,164,0.11,4.5,,161
,Tank Dell,HOU,8,WR,213,196,165,-0.16,8.5,,162
,Tyjae Spears,TEN,9,RB,152,151,166,0.1,4.8,,163
,Braelon Allen,NYJ,13,RB,151,141,167,0.18,3.9,,164
,Keaton Mitchell,LAC,7,RB,157,146,168,0.15,4.3,,165
,Juwan Johnson,NO,8,TE,158,140,170,0.21,3.9,,166
,James Conner,ARI,14,RB,156,172,171,-0.01,5.2,,167
,Justice Hill,BAL,13,RB,229,225,172,-0.24,9.6,,168
,Jordan Love,GB,11,QB,159,122,174,0.43,3,15,169
,Cam Ward,TEN,9,QB,183,153,175,0.14,5.1,,170
,C.J. Stroud,HOU,8,QB,172,132,176,0.33,3.7,,171
,Darnell Mooney,NYG,8,WR,182,178,177,-0.01,5.7,,172
,Stefon Diggs,FA,-,WR,170,166,178,0.07,4.8,,173
,Deebo Samuel,SF,8,WR,188,160,179,0.12,5.1,,174
,Tre' Harris,LAC,7,WR,192,173,180,0.04,5.6,,175
,Ryan Flournoy,DAL,14,WR,205,167,181,0.08,5.9,,176
,Pat Freiermuth,PIT,9,TE,234,208,182,-0.13,8.4,,177
,Dalton Schultz,HOU,8,TE,175,179,183,0.02,5.2,,178
,Jaylin Noel,HOU,8,WR,179,175,184,0.05,5,,179
,Isaac TeSlaa,DET,6,WR,196,169,187,0.11,5.2,,180
,Jonah Coleman,DEN,10,RB,120,168,188,0.12,2.2,16,181
,Kaytron Allen,WAS,7,RB,162,204,190,-0.07,5,,182
,AJ Barner,SEA,11,TE,187,171,191,0.12,4.6,,183
,Gunnar Helm,TEN,9,TE,208,199,192,-0.04,6.2,,184
,Chig Okonkwo,WAS,7,TE,195,177,193,0.09,5,,185
,Sam Darnold,SEA,11,QB,184,144,194,0.35,3.6,,186
,Bryce Young,CAR,5,QB,203,156,195,0.25,4.7,,187
,Nicholas Singleton,TEN,9,RB,164,201,197,-0.02,4.6,,188
,Kimani Vidal,LAC,7,RB,197,164,199,0.21,4.1,,189
,Jaylen Wright,MIA,6,RB,214,176,201,0.14,5.1,,190
,Ollie Gordon,MIA,6,RB,247,207,202,-0.02,7.4,,191
,Malik Washington,MIA,6,WR,243,218,203,-0.07,7.6,,192
,Cooper Kupp,SEA,11,WR,222,217,205,-0.06,6.6,17,193
,Kayshon Boutte,NE,11,WR,215,157,207,0.32,3.9,,194
,Brandon Aiyuk,SF,8,WR,206,189,208,0.1,4.7,,195
,MarShawn Lloyd,GB,11,RB,242,212,214,0.01,6.5,,196
,Jaydon Blue,DAL,14,RB,228,219,215,-0.02,6.1,,197
