name,pos,pred_ppg,ppg,age,cap_pct,room_share,room_rank,room_ahead,room_ahead_gap,room_behind,room_behind_gap,rook_pick,rook_name
Josh Allen,QB,19.808254577503607,21.8125,30.28062970568104,14.7,0.9354879648039258,1,,,,,,
Drake Maye,QB,18.471022183573584,19.970588235294116,24.005475701574266,2.8,0.8657155632110198,1,,,,,234,Behren Morton
Justin Herbert,QB,17.915047854286485,17.1875,28.479123887748116,15.2,0.9319333590384608,1,,,,,,
Jalen Hurts,QB,17.813272562722613,18.125,28.0684462696783,10.1,0.9223495770614736,1,,,,,178,Cole Payton
Bijan Robinson,RB,17.55593074572918,18.735294117647058,24.58590006844627,2.3,0.6001480869383713,1,,,Brian Robinson,144,,
Trevor Lawrence,QB,17.403713593017837,18.88235294117647,26.90485968514716,7.7,0.8725686238865661,1,,,,,,
Patrick Mahomes,QB,17.397514959590087,19.535714285714285,30.95687885010267,11.5,0.8964015726474077,1,,,,,249,Garrett Nussmeier
Baker Mayfield,QB,16.9222186931063,15.058823529411764,31.38398357289528,12.6,0.9447562776957165,1,,,,,,
Lamar Jackson,QB,16.89527836383875,15.692307692307692,29.648186173853524,11.0,0.9125646809075229,1,,,,,,
Matthew Stafford,QB,16.61542142982076,19.823529411764707,38.56536618754278,15.4,0.9733842012609453,1,,,Ty Simpson,159,13,Ty Simpson
Jared Goff,QB,16.422299397949665,16.647058823529413,31.88227241615332,11.7,0.9543147208121828,1,,,,,,
Jahmyr Gibbs,RB,16.267160491566642,18.5,24.451745379876797,1.8000000000000003,0.4949509416186172,1,,,Isiah Pacheco,142,,
Brock Purdy,QB,16.157986722027555,18.88888888888889,26.680355920602327,7.000000000000001,0.8243040238132977,1,,,,,,
Jordan Love,QB,15.917480928124602,14.666666666666666,27.83025325119781,11.5,0.9062241456917444,1,,,,,,
Dak Prescott,QB,15.774060804231912,17.470588235294116,33.09240246406571,13.100000000000001,0.9240709523499031,1,,,,,,
Sam Darnold,QB,15.752958180376522,12.941176470588236,29.240246406570844,12.1,0.900801204440137,1,,,,,,
Jonathan Taylor,RB,15.746688343639503,19.176470588235293,27.616700889801507,5.1,0.8863102372876105,1,,,,,237,Seth McGowan
Caleb Williams,QB,15.574719613337527,17.764705882352942,24.78576317590691,3.5000000000000004,0.6077640150291285,1,,,,,,
Joe Burrow,QB,15.470583487726344,16.125,29.724845995893222,11.9,0.8642015925442142,1,,,,,,
Jayden Daniels,QB,15.42453366408727,15.571428571428571,25.702943189596166,3.1,0.5522958424780954,1,,,,,223,Athan Kaliakmanis
Jaxon Smith-Njigba,WR,15.17984226251161,17.147058823529413,24.54483230663929,3.3000000000000003,0.24551147370505447,1,,,Rashid Shaheed,99,199,Emmanuel Henderson Jr.
Puka Nacua,WR,15.089023758805771,18.78125,25.259411362080765,1.9,0.14610800969145732,1,,,Davante Adams,37,197,CJ Daniels
De'Von Achane,RB,14.924153393675788,17.28125,24.88432580424367,1.0,0.42729423180750714,1,,,Jaylen Wright,188,,
Ja'Marr Chase,WR,14.885327046709046,15.28125,26.50239561943874,8.3,0.4178067793215978,1,,,Tee Higgins,34,140,Colbie Young
Christian McCaffrey,RB,14.878285771510122,20.647058823529413,30.234086242299796,3.2,0.5653374575761482,1,,,,,90,Kaelon Black
Bryce Young,QB,14.864478473915497,12.625,25.10335386721424,3.9,0.7511914044094481,1,,,,,,
C.J. Stroud,QB,14.375354715319663,14.285714285714286,24.91170431211499,3.7000000000000006,0.5568310717962316,1,,,,,,
Bo Nix,QB,14.341110267073077,17.0,26.5160848733744,1.7000000000000002,0.33670807421281507,1,,,,,,
Ashton Jeanty,RB,14.223984779787447,12.029411764705882,22.748802190280628,2.6,0.7938298152455348,1,,,Mike Washington,153,122,Mike Washington Jr.
Amon-Ra St. Brown,WR,14.195572850094566,15.088235294117647,26.855578370978783,10.3,0.6729449524321818,1,,,Jameson Williams,34,168,Kendrick Law
Jaxson Dart,QB,13.930854359442558,16.357142857142858,23.304585900068446,1.3,0.3826623625258501,1,,,,,,
James Cook,RB,13.77096281263034,15.970588235294118,26.934976043805612,2.0,0.47540902357050446,1,,,Ray Davis,180,,
Michael Penix Jr.,QB,13.625368815803338,12.222222222222221,26.316221765913756,2.0,0.8370378497365579,1,,,Tua Tagovailoa,4,,
Daniel Jones,QB,13.6003299177172,16.53846153846154,29.26488706365503,6.3,0.5968552821676912,1,,,,,,
Aaron Rodgers,QB,13.542088592648467,13.28125,42.74880219028063,7.000000000000001,0.7981688233483891,4,Drew Allar,,,,76,Drew Allar
Saquon Barkley,RB,13.505631041037388,12.59375,29.557837097878167,3.1,0.6233841448411872,1,,,Tank Bigsby,135,,
Tyler Shough,QB,13.249412902428473,13.545454545454545,26.926762491444215,0.8,0.5034855779088173,1,,,,,,
J.J. McCarthy,QB,12.873529619450638,11.7,23.613963039014372,1.9,0.5265960003293656,2,Kyler Murray,84,,,,
Cam Ward,QB,12.849052657858335,10.176470588235293,24.27104722792608,3.2,0.5683211243141882,1,,,,,,
Kyren Williams,RB,12.691039112702084,13.705882352941176,26.015058179329227,4.1,0.7682309688709782,1,,,Blake Corum,83,,
Drake London,WR,12.603766975907863,13.416666666666666,25.10609171800137,2.6,0.43956418488060167,1,,,Zachariah Branch,185,79,Zachariah Branch
Breece Hall,RB,12.398791063801019,10.9375,25.253935660506503,3.6000000000000005,0.6747100172162722,1,,,Braelon Allen,138,,
George Pickens,WR,12.396297252895492,13.852941176470589,25.49486652977413,8.2,0.4786100846149948,2,CeeDee Lamb,7,Ryan Flournoy,196,218,Anthony Smith
CeeDee Lamb,WR,12.33390068877641,12.26923076923077,27.40041067761807,5.9,0.3445949478566077,1,,,George Pickens,7,218,Anthony Smith
Jacoby Brissett,QB,12.277410952068394,15.428571428571429,33.72210814510609,3.2,0.6075615474794841,1,,,,,65,Carson Beck
Marcus Mariota,QB,12.140956934204896,11.6,32.837782340862425,2.2,0.39378652081615095,2,Jayden Daniels,,,,223,Athan Kaliakmanis
Justin Jefferson,WR,12.103165846731004,8.941176470588236,27.211498973305954,6.800000000000001,0.5410138516741104,1,,,Jordan Addison,73,,
Josh Jacobs,RB,12.079956731388169,13.866666666666667,28.553045859000683,4.6,0.7308207658642788,1,,,,,,
Nico Collins,WR,12.03715372637291,12.1,27.45516769336071,4.8,0.46423485903409,1,,,Jayden Higgins,112,204,Lewis Bond
Malik Willis,QB,11.963077920421345,12.0,27.27173169062286,1.8000000000000003,0.7468175329372602,1,,,,,,
Chase Brown,RB,11.897093420754835,13.676470588235293,26.4476386036961,1.2,0.4181104284507259,1,,,,,,
D'Andre Swift,RB,11.877185560951936,12.3125,27.630390143737166,2.8,0.6605370037878706,1,,,Kyle Monangai,55,,
Rashee Rice,WR,11.856114373182768,15.0625,26.360027378507873,0.7,0.15213434251729607,1,,,Xavier Worthy,82,176,Cyrus Allen
Malik Nabers,WR,11.763433454197862,11.75,23.096509240246405,2.7,0.19915921969238962,1,,,Darnell Mooney,173,74,Malachi Fields
Trey McBride,TE,11.633106775489445,14.411764705882353,26.77618069815195,2.7,0.5458914251379959,1,,,,,,
Javonte Williams,RB,11.400137970861044,13.28125,26.351813826146476,1.2,0.3494285920056582,1,,,Jaydon Blue,183,,
Davante Adams,WR,11.31211213999279,13.285714285714286,33.686516084873375,8.9,0.7019307306677748,2,Puka Nacua,37,,,197,CJ Daniels
Omarion Hampton,RB,11.299616695767341,12.444444444444445,23.463381245722108,1.3,0.27419579705694613,1,,,Keaton Mitchell,136,,
Derrick Henry,RB,11.186119107346673,15.264705882352942,32.6570841889117,1.8000000000000003,0.48875427911411035,1,,,,,174,Adam Randall
Quinshon Judkins,RB,10.910528211687799,10.428571428571429,22.84188911704312,0.8,0.3780826202857851,1,,,Dylan Sampson,106,,
Chris Olave,WR,10.80141728422619,13.0625,26.17932922655715,3.0,0.5367161683096603,1,,,Jordyn Tyson,62,8,Jordyn Tyson
Geno Smith,QB,10.758090495635164,10.733333333333333,35.893223819301845,1.0,0.6133828996282528,4,Cade Klubnik,,,,110,Cade Klubnik
Tee Higgins,WR,10.514658530095494,11.766666666666667,27.619438740588638,8.4,0.42329102515374345,2,Ja'Marr Chase,34,,,140,Colbie Young
Kyler Murray,QB,10.509719603293885,14.6,29.06776180698152,0.4,0.11485385465439063,1,,,J.J. McCarthy,84,,
Carson Wentz,QB,10.503110900349872,13.2,33.67008898015058,1.0,0.2694648128429934,3,J.J. McCarthy,,,,,
Garrett Wilson,WR,10.45099087479357,11.428571428571429,26.11088295687885,3.1,0.5550256533884884,1,,,Omar Cooper,129,30,Omar Cooper Jr.
Courtland Sutton,WR,10.348570352592738,10.294117647058824,30.89390828199863,4.6,0.46483672339836724,2,Jaylen Waddle,8,Troy Franklin,143,,
Tetairoa McMillan,WR,10.290216165471652,9.941176470588236,23.408624229979466,2.0,0.29885344387025486,1,,,Jalen Coker,85,83,Chris Brazzell II
Zay Flowers,WR,10.24870666953538,11.058823529411764,25.971252566735114,1.4,0.3027890088458941,1,,,Rashod Bateman,107,80,Ja'Kobi Lane
Kenneth Walker III,RB,10.212211362982417,9.5,25.864476386036962,1.9,0.7139922087323053,1,,,Emmett Johnson,132,161,Emmett Johnson
Jameson Williams,WR,10.03163188778864,10.382352941176471,25.43463381245722,2.6,0.1680959989001994,2,Amon-Ra St. Brown,34,Isaac TeSlaa,150,168,Kendrick Law
Rome Odunze,WR,9.911663028784403,9.916666666666666,24.246406570841888,2.0,0.38242374792230793,1,,,Luther Burden III,10,89,Zavion Thomas
A.J. Brown,WR,9.88712549049331,11.666666666666666,29.17180013689254,2.0,0.22229224287536786,1,,,Romeo Doubs,85,,
Travis Etienne,RB,9.83932016964385,13.0,27.59753593429158,1.6,0.24432675713206908,1,,,Alvin Kamara,104,,
TreVeyon Henderson,RB,9.828901628481455,10.264705882352942,23.860369609856264,0.7,0.1602944183840661,1,,,Rhamondre Stevenson,17,245,Jam Miller
Bucky Irving,RB,9.786008247250376,11.7,24.035592060232716,0.4,0.09840405391958373,1,,,Kenneth Gainwell,62,,
DeVonta Smith,WR,9.780779754055615,9.088235294117647,27.797399041752225,3.4000000000000004,0.47270502837108896,1,,,Makai Lemon,68,20,Makai Lemon
Brock Bowers,TE,9.773322338487425,11.416666666666666,23.718001368925393,1.6,0.37103344058455223,1,,,,,,
Cam Skattebo,RB,9.76940495501979,13.625,24.569472963723477,0.4,0.12758222337921246,1,,,Tyrone Tracy Jr.,123,,
Quentin Johnston,WR,9.621395534034411,10.653846153846153,24.985626283367555,1.5,0.3174319493218574,2,Ladd McConkey,36,Tre Harris,104,105,Brenen Thompson
Marvin Harrison Jr.,WR,9.609652082519167,8.458333333333334,24.057494866529773,2.9,0.3539129979903131,1,,,Michael Wilson,27,143,Reggie Virgil
Alec Pierce,WR,9.59377746735139,10.1,26.33264887063655,3.0,0.39500431177260975,1,,,Josh Downs,55,254,Deion Burks
Davis Mills,QB,9.587804003386882,10.5,27.863107460643395,2.6,0.3919342677271387,2,C.J. Stroud,,,,,
Brian Thomas Jr.,WR,9.498886675600687,7.5,23.89869952087611,1.3,0.14461047151463685,3,Jakobi Meyers,4,Travis Hunter,83,191,Josh Cameron
Jaylen Warren,RB,9.492543205294398,11.5,27.83299110198494,2.2,0.466508770022596,2,Rico Dowdle,4,Kaleb Johnson,123,,
J.K. Dobbins,RB,9.476483022980457,10.25,27.707049965776864,2.0,0.48114886802110607,1,,,RJ Harvey,7,108,Jonah Coleman
Christian Watson,WR,9.464428096881344,10.85,27.307323750855577,3.4000000000000004,0.38789987885799954,1,,,Jayden Reed,23,,
Tyler Warren,TE,9.394352877252057,8.294117647058824,24.27378507871321,1.6,0.4413390782895427,1,,,,,,
DK Metcalf,WR,9.335199932035591,10.1,28.71457905544148,9.7,0.6586141525983497,1,,,Michael Pittman,13,47,Germie Bernard
Emeka Egbuka,WR,9.330178541120409,9.205882352941176,23.88227241615332,1.3,0.09315930100942278,1,,,Chris Godwin Jr.,55,84,Ted Hurst
Ladd McConkey,WR,9.284511958057976,8.8125,24.804928131416837,0.9000000000000001,0.19166794693265263,1,,,Quentin Johnston,36,105,Brenen Thompson
Tony Pollard,RB,9.223662564462897,9.264705882352942,29.338809034907598,2.7,0.5580889778452552,1,,,Tyjae Spears,73,165,Nicholas Singleton
Rhamondre Stevenson,RB,9.193916224600459,10.785714285714286,28.520191649555098,2.1,0.4698608259125445,2,TreVeyon Henderson,17,,,245,Jam Miller
Mac Jones,QB,9.08539523585953,11.0,27.98904859685147,0.9000000000000001,0.10882002277293652,2,Brock Purdy,,,,,
Jordan Addison,WR,9.027398899136967,7.642857142857143,24.594113620807665,1.4,0.10954495005549389,2,Justin Jefferson,73,Jauan Jennings,48,,
Terry McLaurin,WR,8.89406717559832,9.0,30.962354551676935,5.5,0.6544924525566602,1,,,Antonio Williams,101,71,Antonio Williams
Michael Wilson,WR,8.654365990954588,10.235294117647058,26.521560574948666,1.3,0.15204753725316184,2,Marvin Harrison Jr.,27,,,143,Reggie Virgil
Kenny Gainwell,RB,8.547708788424277,10.147058823529411,27.468856947296374,2.2,0.5476070822180402,2,Bucky Irving,62,Sean Tucker,86,,
Parker Washington,WR,8.517830973354412,9.25,24.449007529089666,1.2,0.13462381827828448,1,,,Jakobi Meyers,1,191,Josh Cameron
Justin Fields,QB,8.459885838314502,14.88888888888889,27.49349760438056,1.0,0.07760181824164213,4,Garrett Nussmeier,,,,249,Garrett Nussmeier
Jakobi Meyers,WR,8.44543580634246,8.15625,29.809719370294317,2.0,0.2246314467054841,2,Parker Washington,1,Brian Thomas Jr.,4,191,Josh Cameron
Rico Dowdle,RB,8.388429256470202,10.676470588235293,28.216290212183434,1.2,0.2487309910656491,1,,,Jaylen Warren,4,,
George Kittle,TE,8.387687772167459,11.5,32.8952772073922,4.2,0.6469059758900157,1,,,Jake Tonges,1,,
Kyle Pitts,TE,8.38013515269849,9.235294117647058,25.90280629705681,1.5,0.31926504109967535,1,,,,,,
Khalil Shakir,WR,8.358626076807477,7.625,26.576317590691307,2.3,0.20421371181422324,2,DJ Moore,52,Keon Coleman,126,125,Skyler Bell
Wan'Dale Robinson,WR,8.350562583032186,10.25,25.65366187542779,3.3000000000000003,0.3211586377767136,2,Carnell Tate,5,Calvin Ridley,39,4,Carnell Tate
Jaylen Waddle,WR,8.272158250829476,9.6875,27.76728268309377,1.6,0.16225878383412629,1,,,Courtland Sutton,8,,
Chuba Hubbard,RB,8.211283736531918,6.466666666666667,27.225188227241617,2.4,0.5673876096528675,1,,,Jonathon Brooks,47,,
Shedeur Sanders,QB,8.14801336795726,9.5,24.56399726214921,0.3,0.025679883624781068,1,,,,,182,Taylen Green
Tua Tagovailoa,QB,8.070465755399427,10.785714285714286,28.501026694045173,0.4,0.16296215026344207,2,Michael Penix Jr.,4,,,,
Romeo Doubs,WR,8.05380633904514,8.21875,26.38466803559206,2.4,0.2715501830579778,2,A.J. Brown,85,Kayshon Boutte,43,,
Jauan Jennings,WR,8.049269893736257,9.3,29.144421629021217,3.0,0.24298498770924307,3,Jordan Addison,48,,,,
RJ Harvey,RB,8.02020049360901,9.970588235294118,25.571526351813826,0.6,0.13413251625701786,2,J.K. Dobbins,7,Jonah Coleman,38,108,Jonah Coleman
Joe Flacco,QB,7.9757998542034265,10.23076923076923,41.62354551676933,1.1,0.07661404882220024,2,Joe Burrow,,,,,
Aaron Jones,RB,7.932624911543047,8.083333333333334,31.748117727583846,3.3000000000000003,0.6004116436342252,1,,,Jordan Mason,29,198,Demond Claiborne
Alvin Kamara,RB,7.914087636920753,6.954545454545454,31.104722792607802,3.3000000000000003,0.510519341932267,2,Travis Etienne,104,Kendre Miller,63,,
Chris Godwin Jr.,WR,7.892943128082624,6.833333333333333,30.510609171800137,10.6,0.7597478493359318,2,Emeka Egbuka,55,Jalen McMillan,52,84,Ted Hurst
Tyler Huntley,QB,7.852269378442502,7.2,28.57494866529774,0.7,0.05705187740480296,2,Lamar Jackson,,,,,
Jayden Reed,WR,7.749202584051115,7.3,26.34360027378508,2.2,0.250189759142327,2,Christian Watson,23,Matthew Golden,22,,
Tyrone Tracy Jr.,RB,7.738343172776883,8.6,26.77344284736482,0.4,0.11488953264841781,2,Cam Skattebo,123,,,,
Sam LaPorta,TE,7.705423729186228,9.11111111111111,25.634496919917865,2.1,0.5016412189018983,1,,,,,,
Tucker Kraft,TE,7.6451192117471445,12.125,25.82614647501711,1.3,0.3788895632805043,1,,,,,,
Xavier Worthy,WR,7.642622061427302,5.785714285714286,23.34839151266256,1.2,0.2768594600248917,2,Rashee Rice,82,,,176,Cyrus Allen
Josh Downs,WR,7.634388803945605,6.3125,25.05407255304586,1.4,0.17937141504069082,2,Alec Pierce,55,,,254,Deion Burks
Jake Ferguson,TE,7.598112060187037,8.176470588235293,27.619438740588638,3.1,0.7182017388630908,1,,,Michael Trigg,81,,
Rashid Shaheed,WR,7.565196888443988,6.472222222222222,28.00273785078713,2.2,0.16570492710581078,2,Jaxon Smith-Njigba,99,Cooper Kupp,48,199,Emmanuel Henderson Jr.
Jerry Jeudy,WR,7.3932300118985665,5.117647058823529,27.356605065023956,3.1,0.5024985890178353,2,K.C. Concepcion,9,Denzel Boston,19,24,KC Concepcion
Zach Charbonnet,RB,7.369686469460275,10.125,25.645448323066393,0.7,0.21538345978503226,2,Jadarian Price,71,Emanuel Wilson,70,32,Jadarian Price
Dillon Gabriel,QB,7.36259314209244,6.4,25.675564681724847,0.4,0.03253711120215412,2,Shedeur Sanders,,,,182,Taylen Green
Spencer Rattler,QB,7.339493310316832,10.38888888888889,25.924709103353866,0.4,0.23765900386284042,3,Zach Wilson,,,,,
Colston Loveland,TE,7.324213550090145,8.0625,22.39561943874059,2.0,0.358975803441701,1,,,,,69,Sam Roush
Hunter Henry,TE,7.263880148759045,8.176470588235293,31.734428473648187,3.3000000000000003,0.7199754901960784,1,,,,,95,Eli Raridon
Troy Franklin,WR,7.24888822341996,7.911764705882353,23.567419575633128,0.4,0.04286506396951603,3,Courtland Sutton,143,Pat Bryant,3,,
Harold Fannin Jr.,TE,7.220592811446422,8.9375,22.116358658453116,0.5,0.3117503497460895,1,,,,,170,Joe Royer
Michael Pittman,WR,7.1366686593774045,9.117647058823529,28.906228610540726,2.8,0.18837779722459996,2,DK Metcalf,13,Germie Bernard,132,47,Germie Bernard
Woody Marks,RB,7.127916150041649,7.4375,25.672826830937716,0.4,0.16256166561954516,2,David Montgomery,82,,,,
Tre Tucker,WR,7.00161778948261,7.205882352941177,25.4839151266256,1.2,0.18969532516242912,1,,,Jalen Nailor,1,195,Malik Benson
Keon Coleman,WR,6.9951101526449335,6.5,23.293634496919918,0.9000000000000001,0.0826092871838006,3,Khalil Shakir,126,,,125,Skyler Bell
Dalton Kincaid,TE,6.974367723951302,8.375,26.872005475701574,1.4,0.26720493260615813,1,,,,,,
Jayden Higgins,WR,6.954606389849648,5.970588235294118,23.71252566735113,0.9000000000000001,0.08263510499309965,2,Nico Collins,112,Tank Dell,10,204,Lewis Bond
David Montgomery,RB,6.948751877202658,8.411764705882353,29.234770704996578,1.1,0.42713238075046384,1,,,Woody Marks,82,,
Tyjae Spears,RB,6.898129628810409,5.884615384615385,25.21286789869952,1.1,0.2366472837839615,2,Tony Pollard,73,Nicholas Singleton,37,165,Nicholas Singleton
Kayshon Boutte,WR,6.887949961656624,7.25,24.320328542094455,1.1,0.1174870076657038,3,Romeo Doubs,43,Kyle Williams,64,,
Brady Cook,QB,6.87340343738215,5.0,24.8870636550308,0.3,0.18680297397769516,2,Bailey Zappe,,,,110,Cade Klubnik
Luther Burden III,WR,6.868726775726478,6.3,22.72142368240931,0.8,0.15375868431625336,2,Rome Odunze,10,,,89,Zavion Thomas
Travis Kelce,TE,6.833385583384249,8.647058823529411,36.90622861054072,1.6,0.328771688019368,1,,,,,,
Cooper Kupp,WR,6.829958304809204,5.34375,33.21286789869952,5.6,0.4135521537912163,3,Rashid Shaheed,48,Tory Horton,66,199,Emmanuel Henderson Jr.
Ricky Pearsall,WR,6.775794836686838,7.222222222222222,25.976728268309376,1.0,0.1824247464438766,2,Mike Evans,50,De'Zhaun Stribling,54,33,De'Zhaun Stribling
Mark Andrews,TE,6.683405739526864,5.764705882352941,30.986995208761122,2.2,0.6993874719127694,1,,,,,133,Matthew Hibner
Kyle Monangai,RB,6.681248562411459,7.352941176470588,24.238193018480494,0.3,0.0778114282297087,2,D'Andre Swift,55,,,,
Dalton Schultz,TE,6.628137264629793,7.529411764705882,30.140999315537304,3.1,0.6635628132144689,1,,,,,59,Marlin Klein
Jordan Mason,RB,6.570234153905402,6.875,27.274469541409992,1.8000000000000003,0.34048809173772415,2,Aaron Jones,29,Demond Claiborne,82,198,Demond Claiborne
DJ Moore,WR,6.567139454247032,7.823529411764706,29.38261464750171,2.2,0.2030110397776259,1,,,Khalil Shakir,52,125,Skyler Bell
Dallas Goedert,TE,6.490992473803957,9.866666666666667,31.66050650239562,3.2,0.6333519587587765,1,,,Eli Stowers,85,54,Eli Stowers
Cade Otton,TE,6.446835947574857,5.766666666666667,27.381245722108144,1.3,0.527905655819415,1,,,,,185,Bauer Sharp
Oronde Gadsden II,TE,6.418341766304791,6.633333333333334,23.186858316221766,0.4,0.13105818506242423,1,,,David Njoku,76,,
AJ Barner,TE,6.401549448799467,6.647058823529412,24.331279945242983,0.4,0.1971525154875495,1,,,,,,
Blake Corum,RB,6.376059028523425,6.352941176470588,25.765913757700204,0.5,0.09337785795880157,2,Kyren Williams,83,Jarquez Hunter,111,,
Brenton Strange,TE,6.322909106186463,7.416666666666667,25.678302532511978,1.1,0.3715475943255741,1,,,,,56,Nate Boerkircher
Mike Evans,WR,6.2814348101677995,8.5,33.02943189596167,1.2,0.2267263894206586,1,,,Ricky Pearsall,50,33,De'Zhaun Stribling
Marvin Mims Jr.,WR,6.25089668512424,4.233333333333333,24.45448323066393,2.0,0.2035764653915339,5,Pat Bryant,2,,,,
Kimani Vidal,RB,6.212446356267681,7.846153846153846,25.010266940451746,0.4,0.07296681862770252,3,Keaton Mitchell,30,,,,
Jalen Coker,WR,6.2050454112967355,6.318181818181818,24.83778234086242,1.2,0.18108039969746567,2,Tetairoa McMillan,85,Chris Brazzell,123,83,Chris Brazzell II
Matthew Golden,WR,6.195007409602228,3.3214285714285716,23.085557837097877,1.3,0.14729362015455968,3,Jayden Reed,22,,,,
Juwan Johnson,TE,6.119243120391527,7.794117647058823,29.965776865160848,2.4,0.5586292926328148,1,,,,,73,Oscar Delp
Jacory Croskey-Merritt,RB,6.109809723884629,7.323529411764706,25.388090349075977,0.3,0.1856174828219281,2,Rachaad White,9,Kaytron Allen,76,187,Kaytron Allen
Kirk Cousins,QB,6.09108121557708,9.6,38.03422313483915,0.4,0.25483475436380015,4,Aidan O'Connell,,,,1,Fernando Mendoza
Rachaad White,RB,6.068611829571516,6.411764705882353,27.63586584531143,0.6,0.3599480738908605,1,,,Jacory Croskey-Merritt,9,187,Kaytron Allen
Trey Lance,QB,6.056131226540535,2.5,26.313483915126625,0.8,0.05027078357573068,2,Justin Herbert,,,,,
Mitchell Trubisky,QB,6.011194868220082,7.0,32.03285420944559,1.2,0.21760219482277787,2,Cam Ward,,,,,
Dylan Sampson,RB,5.880426658297152,3.9,21.963039014373717,0.4,0.1805712579940184,2,Quinshon Judkins,106,,,,
Theo Johnson,TE,5.879223038833635,6.566666666666666,25.51129363449692,0.4,0.11933580973827701,2,Isaiah Likely,23,,,,
Pat Bryant,WR,5.863777006547168,4.346153846153846,23.72621492128679,0.5,0.04975000266096157,4,Troy Franklin,3,Marvin Mims Jr.,2,,
Darius Slayton,WR,5.786081054053297,5.392857142857143,29.634496919917865,5.3,0.3978251510686093,7,Braxton Berrios,,,,74,Malachi Fields
Pat Freiermuth,TE,5.749770325668709,5.766666666666667,27.852156057494867,2.2,0.5556101652178791,7,Darnell Washington,,,,169,Riley Nowakowski
Audric Estimé,RB,5.700559879929647,7.6,22.986995208761122,0.3,0.05253025278339485,6,Ty Chandler,,,,,
Tyrod Taylor,QB,5.700156756192908,9.0,37.07871321013005,0.9000000000000001,0.07157335537560633,2,Jordan Love,,,,,
Tanner McKee,QB,5.650278238699847,2.5,26.34633812457221,0.4,0.034377151943705504,3,Andy Dalton,,,,178,Cole Payton
Bhayshul Tuten,RB,5.627204107264865,4.866666666666666,24.54483230663929,0.4,0.19343023415843136,1,,,Chris Rodriguez Jr.,121,,
Xavier Legette,WR,5.601259520927043,4.5,25.587953456536617,1.1,0.15866522382996873,8,Brycen Tremayne,,,,83,Chris Brazzell II
Riley Leonard,QB,5.5690089034327235,5.2,23.967145790554415,0.4,0.033104338611996555,4,Anthony Richardson,,,,,
Rashod Bateman,WR,5.5317333275868315,3.269230769230769,26.757015742642025,2.0,0.41902942825722045,2,Zay Flowers,107,Ja'Kobi Lane,57,80,Ja'Kobi Lane
Mason Rudolph,QB,5.501433809342155,2.4,31.12662559890486,1.4,0.1639793504856857,1,,,,,76,Drew Allar
Colby Parkinson,TE,5.461647635858663,7.392857142857143,27.64955509924709,2.9,0.49252725948400033,2,Terrance Ferguson,38,Max Klare,42,61,Max Klare
DeMario Douglas,WR,5.428894419830863,4.40625,25.730321697467488,1.1,0.11706127381475372,6,Mack Hollins,,,,,
Devin Singletary,RB,5.305556199559272,5.176470588235294,28.993839835728952,0.9000000000000001,0.255513147053227,7,Damon Bankston,,,,,
Josh Palmer,WR,5.28233172114097,3.0833333333333335,26.94318959616701,3.9,0.3532849107504598,6,Mecole Hardman,,,,125,Skyler Bell
Tory Horton,WR,5.253433987921839,7.0625,23.756331279945243,0.3,0.02595081191271659,4,Cooper Kupp,66,,,199,Emmanuel Henderson Jr.
Jalen McMillan,WR,5.245830219420199,5.5,24.733744010951405,0.5,0.034836591845536995,3,Chris Godwin Jr.,52,Ted Hurst,73,84,Ted Hurst
T.J. Hockenson,TE,5.211493711954175,5.233333333333333,29.163586584531142,5.0,0.5476472016368563,1,,,,,159,Max Bredeson
Mack Hollins,WR,5.209373248960362,5.857142857142857,32.95824777549623,1.6,0.17524459488043914,5,Kyle Williams,,,,,
Chris Rodriguez Jr.,RB,5.142240149337009,6.875,26.93223819301848,0.7,0.33044742581455294,2,Bhayshul Tuten,121,,,,
Tyquan Thornton,WR,5.065938825166357,5.625,26.067077344284737,1.2,0.2576477015138128,3,Xavier Worthy,,,,176,Cyrus Allen
Jaylen Wright,RB,5.001235481113904,4.277777777777778,23.419575633127995,0.4,0.17134492911765972,2,De'Von Achane,188,,,,
Devin Neal,RB,4.970641064283881,5.055555555555555,23.055441478439427,0.3,0.05217979048296461,4,Kendre Miller,37,,,,
Dawson Knox,TE,4.960537951688465,4.9375,29.796030116358658,2.8,0.5348384823787559,2,Dalton Kincaid,,,,,
Andrei Iosivas,WR,4.926592577603279,4.5,26.88021902806297,1.2,0.05928930636399211,5,Charlie Jones,,,,140,Colbie Young
Jawhar Jordan,RB,4.914942069516151,5.875,27.039014373716633,0.3,0.13072839532059652,4,Evan Hull,,,,,
Evan Engram,TE,4.903457898373248,4.4375,31.99726214921287,4.7,0.6646293683417663,7,Adam Trautman,,,,152,Justin Joly
Chig Okonkwo,TE,4.889289009011065,5.235294117647059,26.981519507186857,1.6,0.32527743066268955,1,,,,,,
Jalen Nailor,WR,4.867289888239514,4.617647058823529,27.50171115674196,2.5,0.3907695071186642,2,Tre Tucker,1,Jack Bech,96,195,Malik Benson
Justice Hill,RB,4.8525629160893,4.75,28.79671457905544,1.2,0.3335078530368614,7,Adam Randall,,,,174,Adam Randall
Mason Taylor,TE,4.8332728326775705,4.846153846153846,22.316221765913756,0.7,0.3406342061654064,2,Kenyon Sadiq,57,,,16,Kenyon Sadiq
Sean Tucker,RB,4.832838150882645,4.647058823529412,24.851471594798085,1.1,0.2753681327725002,3,Kenneth Gainwell,86,,,,
Xavier Hutchinson,WR,4.829265658430968,4.46875,26.250513347022586,1.2,0.11543855791552846,6,Justin Watson,,,,204,Lewis Bond
Isaac TeSlaa,WR,4.8007151285593705,4.571428571428571,24.528405201916495,0.5,0.03078449792544546,3,Jameson Williams,150,,,168,Kendrick Law
Isiah Pacheco,RB,4.771212047609595,5.346153846153846,27.50171115674196,0.6,0.15777762629575967,2,Jahmyr Gibbs,142,,,,
Tre Harris,WR,4.763762543164618,2.875,24.50650239561944,0.6,0.12492686663659652,3,Quentin Johnston,104,,,105,Brenen Thompson
Mike Gesicki,TE,4.7346280351815215,4.166666666666667,30.913073237508556,2.4,0.5453362908553021,7,Josh Kattus,,,,221,Jack Endries
Ty Johnson,RB,4.642486681438082,4.529411764705882,28.955509924709105,1.1,0.2647898898288099,7,Desmond Reid,,,,,
Gunnar Helm,TE,4.641183331580188,3.8125,23.98631074606434,0.4,0.1298897916969523,1,,,,,225,Jaren Kanak
Kendre Miller,RB,4.635763267075331,3.642857142857143,24.22450376454483,0.6,0.08791360488590967,3,Alvin Kamara,63,Devin Neal,37,,
Calvin Ridley,WR,4.603157335229555,5.071428571428571,31.698836413415467,4.4,0.43315095778225793,3,Wan'Dale Robinson,39,Chimere Dike,98,4,Carnell Tate
Jaylin Noel,WR,4.570110796367057,2.823529411764706,23.991786447638603,0.5,0.045671087871429115,4,Tank Dell,59,,,204,Lewis Bond
Elic Ayomanor,WR,4.551195511396603,5.46875,23.247091033538673,0.3,0.03338265934854324,5,Chimere Dike,25,,,4,Carnell Tate
David Njoku,TE,4.490978170961073,5.954545454545454,30.143737166324435,1.0,0.35195127753541533,2,Oronde Gadsden II,76,,,,
Darnell Washington,TE,4.386063720695605,4.115384615384615,25.0403832991102,1.1,0.27794683922750923,6,Riley Nowakowski,,,,169,Riley Nowakowski
Isaiah Likely,TE,4.378530454063696,3.625,26.3709787816564,2.0,0.5662566074467775,1,,,Theo Johnson,23,,
Adonai Mitchell,WR,4.328155468838593,4.15625,23.89869952087611,0.5,0.08078795556718085,3,Omar Cooper,2,,,30,Omar Cooper Jr.
Tank Bigsby,RB,4.323580179286477,3.033333333333333,24.005475701574266,0.5,0.09371165005545481,2,Saquon Barkley,135,,,,
Trey Benson,RB,4.2934133916370705,6.125,24.109514031485283,0.5,0.12680642879175485,4,Tyler Allgeier,25,,,3,Jeremiyah Love
Terrance Ferguson,TE,4.291450846095954,4.045454545454546,23.488021902806295,0.7,0.11970341872273287,1,,,Colby Parkinson,38,61,Max Klare
Jaydon Blue,RB,4.231188579998149,3.3,22.647501711156742,0.3,0.0998369586593756,2,Javonte Williams,183,,,,
Chimere Dike,WR,4.2117800116551205,5.294117647058823,24.71457905544148,0.4,0.03933232971496501,4,Calvin Ridley,98,Elic Ayomanor,25,4,Carnell Tate
Greg Dulcich,TE,4.208816738989495,5.0,26.43394934976044,0.6,0.4135915235659481,4,Will Kacmarek,,,,87,Will Kacmarek
Cole Kmet,TE,4.206212746675226,3.5625,27.479808350444902,2.5,0.4610511681998866,3,Stephen Carlson,,,,69,Sam Roush
Cedric Tillman,WR,4.159454931935407,3.7916666666666665,26.368240930869266,1.2,0.19107406626892715,6,Tylan Wallace,,,,24,KC Concepcion
Isaiah Davis,RB,4.153930482372043,3.09375,24.525667351129364,0.4,0.06691671686340712,7,Chip Trayanum,,,,,
Michael Mayer,TE,4.121915064700461,3.9615384615384617,25.155373032169745,0.9000000000000001,0.22226495703738525,4,Connor Heyward,,,,,
Jack Bech,WR,4.102003875297699,2.0714285714285716,23.704312114989733,0.5,0.0838087898941639,3,Jalen Nailor,96,,,195,Malik Benson
Tez Johnson,WR,4.029283943621431,4.666666666666667,24.290212183436,0.3,0.023367496235320046,8,Kameron Johnson,,,,84,Ted Hurst
Kyle Williams,WR,4.01473177063848,2.857142857142857,23.800136892539356,0.4,0.04810666213325214,4,Kayshon Boutte,64,,,,
Ollie Gordon II,RB,4.011233891166911,2.3823529411764706,22.628336755646817,0.3,0.14536033628442768,8,D.J. Herman,,,,,
Malik Washington,WR,3.9919975146723843,5.0,25.864476386036962,0.4,0.12801040206138523,12,Jalen Tolbert,,,,75,Caleb Douglas
Darnell Mooney,WR,3.9606668565756684,4.0,28.840520191649556,1.0,0.07500582607754057,2,Malik Nabers,173,Malachi Fields,26,74,Malachi Fields
Samaje Perine,RB,3.8669357332022534,3.966666666666667,30.9596167008898,0.6,0.22325781600497333,7,Jamal Haynes,,,,,
Marquise Brown,WR,3.842639373944505,6.71875,29.242984257357975,0.6,0.0899004669624157,3,Makai Lemon,,,,20,Makai Lemon
Brian Robinson,RB,3.8241134953736626,3.0,27.446954140999317,0.8,0.21474324009754497,2,Bijan Robinson,144,,,,
Michael Carter,RB,3.801806071019905,5.576923076923077,27.32101300479124,0.3,0.06485898931715128,4,Nicholas Singleton,,,,165,Nicholas Singleton
Keaton Mitchell,RB,3.7981483339209587,3.3461538461538463,24.621492128678987,1.0,0.21211284484797244,2,Omarion Hampton,136,Kimani Vidal,30,,
Tyrell Shavers,WR,3.795144437031506,3.1363636363636362,27.039014373716633,0.4,0.03242704478675497,8,Jalen Virgil,,,,125,Skyler Bell
Ray Davis,RB,3.778585426636672,3.1176470588235294,26.781656399726216,0.4,0.10133141207718412,2,James Cook,180,,,,
Ryan Flournoy,WR,3.774458822120264,5.933333333333334,26.847364818617386,0.3,0.018847748588215966,3,George Pickens,196,,,218,Anthony Smith
Brashard Smith,RB,3.7388010140455648,2.4411764705882355,23.392197125256672,0.3,0.1304493992854466,3,Emmett Johnson,50,,,161,Emmett Johnson
Jaylin Lane,WR,3.69442238623663,2.4,24.33675564681725,0.4,0.04484945891836323,7,Luke McCaffrey,,,,71,Antonio Williams
Tommy Tremble,TE,3.5798043033349125,2.966666666666667,26.247775496235455,2.6,0.6242050650963956,2,Feleipe Franks,,,,,
Tyler Higbee,TE,3.526856066054002,5.55,33.66461327857632,1.6,0.27437536658259004,4,Max Klare,,,,61,Max Klare
Jake Tonges,TE,3.485612135693629,7.3,27.15126625598905,0.6,0.09410353556311157,2,George Kittle,1,,,,
Isaiah Bond,WR,3.436654607426039,2.2666666666666666,22.46406570841889,0.3,0.04954381069342809,11,Luke Floriea,,,,24,KC Concepcion
Ja'Tavion Sanders,TE,3.407315652258104,2.875,23.433264887063654,0.4,0.10093075997512854,4,James Mitchell,,,,,
Braelon Allen,RB,3.397347046668627,3.0,22.614647501711158,0.4,0.0709489908060181,2,Breece Hall,138,,,,
Elijah Higgins,TE,3.376567988728073,2.235294117647059,25.845311430527037,1.1,0.23050282679657474,3,Teagan Quitoriano,,,,,
Dontayvion Wicks,WR,3.3744013145508838,4.153846153846154,25.21013004791239,0.7,0.10206347131615429,11,Darius Cooper,,,,20,Makai Lemon
Jackson Hawes,TE,3.365662135472215,2.923076923076923,25.73579739904175,0.4,0.06786411366029116,4,Shane Zylstra,,,,,
Jake Browning,QB,3.3523864465775737,9.2,30.390143737166323,0.4,0.03149187592319055,2,Baker Mayfield,,,,,
Roman Wilson,WR,3.292456791891776,3.2222222222222223,25.201916495550993,0.5,0.03328899372893099,8,Cole Burgess,,,,47,Germie Bernard
KaVontae Turpin,WR,3.258941295074258,4.0,30.080766598220396,1.4,0.08137276130387147,7,Tyler Johnson,,,,218,Anthony Smith
Mitchell Evans,TE,3.257776744821546,2.392857142857143,23.290896646132786,0.4,0.0860421427368162,5,Ja'Tavion Sanders,,,,,
Lil'Jordan Humphrey,WR,3.242024079174705,3.642857142857143,28.369609856262834,0.4,0.04062366951921746,6,Marvin Mims Jr.,,,,,
Quinn Ewers,QB,3.236266546192489,7.125,23.46611909650924,0.3,0.13665681180013836,3,Cam Miller,,,,,
Raheim Sanders,RB,3.2118728924672926,4.125,24.23271731690623,0.3,0.14662904209216443,4,Michael Burton,,,,,
Calvin Austin III,WR,3.162284545376106,4.678571428571429,27.44147843942505,0.5,0.037502913038770284,10,Isaiah Hodgins,,,,74,Malachi Fields
Luke Musgrave,TE,3.1617929817119803,2.3846153846153846,25.9958932238193,0.9000000000000001,0.2599405693593784,3,Josh Whyle,,,,,
Devaughn Vele,WR,3.130075872814584,5.611111111111111,28.720054757015742,0.3,0.060270540158036644,3,Jordyn Tyson,148,,,8,Jordyn Tyson
Daniel Bellinger,TE,3.118585637705332,3.5,25.94113620807666,1.5,0.5345185425061445,3,Kylen Granson,,,,225,Jaren Kanak
Jeremy McNichols,RB,3.0805732577426297,3.09375,30.68309377138946,0.4,0.22721722164360567,4,Kaytron Allen,,,,187,Kaytron Allen
Kendrick Bourne,WR,3.0111190402879457,4.821428571428571,31.077344284736483,1.5,0.17534870180331832,3,Michael Wilson,,,,143,Reggie Virgil
Tyler Allgeier,RB,3.005190034386734,6.176470588235294,26.379192334017795,1.3,0.33377785894164025,3,James Conner,6,Trey Benson,25,3,Jeremiyah Love
Luke McCaffrey,WR,2.9990521367622387,4.833333333333333,25.415468856947296,0.5,0.05549612400479423,6,Treylon Burks,,,,71,Antonio Williams
Noah Fant,TE,2.9539309649507834,3.923076923076923,28.78028747433265,0.9000000000000001,0.22013501614323452,2,Juwan Johnson,,,,73,Oscar Delp
Jahan Dotson,WR,2.9482452531999495,2.466666666666667,26.444900752908968,1.6,0.2748581731826378,10,Keelan Marion,,,,79,Zachariah Branch
Malik Davis,RB,2.936156069885723,3.6,27.76454483230664,0.3,0.1028212904907099,3,Jaydon Blue,,,,,
Jahdae Walker,WR,2.907086600424896,3.8333333333333335,24.15879534565366,0.3,0.062425078286961755,7,JP Richardson,,,,89,Zavion Thomas
John Metchie III,WR,2.9037395081802777,3.8076923076923075,26.12183436002738,0.6,0.08945148116351895,6,Dan Chisena,,,,83,Chris Brazzell II
Christian Kirk,WR,2.885718228823451,3.5454545454545454,29.78507871321013,0.9000000000000001,0.15790826180827044,4,De'Zhaun Stribling,68,,,33,De'Zhaun Stribling
Austin Hooper,TE,2.860306655609531,3.3461538461538463,31.84120465434634,1.1,0.22242177246667127,2,Kyle Pitts,,,,,
Olamide Zaccheaus,WR,2.848066017622534,4.107142857142857,29.1088295687885,0.7,0.11214213465851622,3,Zachariah Branch,,,,79,Zachariah Branch
Jaret Patterson,RB,2.8144183045408773,3.5833333333333335,26.691307323750856,0.4,0.0777181463522971,5,Alec Ingold,,,,,
Jaleel McLaughlin,RB,2.7685031387972003,3.0,25.965776865160848,0.5,0.11106519703487198,6,Tyler Badie,,,,108,Jonah Coleman
Treylon Burks,WR,2.7301354876917947,2.75,26.442162902121833,0.6,0.07235777669931966,5,Dyami Brown,,,,71,Antonio Williams
Mitchell Tinsley,WR,2.6946732024157365,3.0,26.962354551676935,0.3,0.017161715918715983,6,Andrei Iosivas,,,,140,Colbie Young
Emanuel Wilson,RB,2.525994057450971,4.4411764705882355,27.318275154004105,0.5,0.15702069040471664,3,Zach Charbonnet,70,,,32,Jadarian Price
Davis Allen,TE,2.453904217765992,2.933333333333333,25.574264202600958,0.4,0.06540644042333772,5,Tyler Higbee,,,,61,Max Klare
Devontez Walker,WR,2.4107943387447346,4.125,25.201916495550993,0.4,0.08640423018104329,7,Cornelius Johnson,,,,80,Ja'Kobi Lane
Jalen Tolbert,WR,2.375227856592088,2.8333333333333335,27.509924709103355,0.4,0.143670165618415,11,Caleb Douglas,,,,75,Caleb Douglas
Demarcus Robinson,WR,2.3240278505024645,3.0,31.94524298425736,0.8,0.1441375410834886,5,Christian Kirk,,,,33,De'Zhaun Stribling
Jeremy Ruckert,TE,2.20421850431598,2.1785714285714284,26.05612594113621,1.1,0.5012106384965285,4,Jelani Woods,,,,16,Kenyon Sadiq
Emari Demercado,RB,2.169886961727151,3.7083333333333335,27.613963039014372,0.4,0.1555583919822481,6,E.J. Smith,,,,161,Emmett Johnson
Charlie Kolar,TE,2.1567921468665094,2.1538461538461537,27.5564681724846,1.4,0.5169905374021605,3,David Njoku,,,,,
Hunter Long,TE,2.121541113535843,3.2857142857142856,28.035592060232716,0.9000000000000001,0.3076873720713882,3,Quintin Morris,,,,56,Nate Boerkircher
Brock Wright,TE,2.118318911915607,3.25,27.761806981519506,1.5,0.352439568228027,3,Tyler Conklin,,,,,
Adam Trautman,TE,2.110265591292539,2.3846153846153846,29.568788501026695,1.1,0.1567152400900442,6,Dallen Bentley,,,,152,Justin Joly
Tanner Hudson,TE,2.070699892869072,3.45,31.802874743326488,0.4,0.08089108759253671,1,,,,,221,Jack Endries
Dyami Brown,WR,2.0700248273633726,3.0,26.833675564681723,0.5,0.06254038991096975,4,Van Jefferson,,,,71,Antonio Williams
Kevin Austin Jr.,WR,2.0644883929287845,4.9,26.42299794661191,0.3,0.060270540158036644,4,Devaughn Vele,,,,8,Jordyn Tyson
Ben Sinnott,TE,2.0556215098767177,2.0555555555555554,24.216290212183434,0.6,0.1202261442686408,6,Colson Yankoff,,,,,
Josh Oliver,TE,1.982345485693566,3.375,29.44832306639288,3.2,0.348627190071165,2,T.J. Hockenson,,,,159,Max Bredeson
Bam Knight,RB,1.9556525493356676,6.166666666666667,25.39082819986311,0.4,0.09169299803109429,5,Trey Benson,,,,3,Jeremiyah Love
Zavier Scott,RB,1.8640856481632122,2.1818181818181817,27.12662559890486,0.3,0.059100264628050556,5,C.J. Ham,,,,198,Demond Claiborne
Tyler Conklin,TE,1.8193806445704483,2.0833333333333335,31.091033538672143,0.3,0.0800322213445562,2,Sam LaPorta,,,,,
Michael Bandy,WR,1.6784749393538436,2.5,28.739219712525667,0.4,0.03608929122627753,7,Lil'Jordan Humphrey,,,,,
Van Jefferson,WR,1.6645625168958458,3.607142857142857,30.099931553730322,0.4,0.04590537340848797,3,Antonio Williams,,,,71,Antonio Williams
Isaiah Hodgins,WR,1.647649532297737,3.3333333333333335,27.863107460643395,0.4,0.027502136228431544,9,Gunner Olszewski,,,,74,Malachi Fields
Greg Dortch,WR,1.6019171476494571,4.458333333333333,28.26009582477755,0.4,0.024688319884901416,5,Cedrick Wilson Jr.,,,,168,Kendrick Law
Isaiah Williams,WR,1.5398257110831057,2.8,25.587953456536617,0.3,0.05922216343466071,5,Tim Patrick,,,,30,Omar Cooper Jr.
Tutu Atwell,WR,1.4737296882827355,3.125,26.902121834360027,0.4,0.143670165618415,3,Jalen Reagor,,,,75,Caleb Douglas
Nate Adkins,TE,1.3634102427258281,2.1666666666666665,27.148528405201915,0.5,0.0731076668127723,2,Lucas Krull,,,,152,Justin Joly
Xavier Smith,WR,1.3461389191829425,2.125,28.944558521560573,0.3,0.02694912626670921,3,Davante Adams,,,,197,CJ Daniels
Casey Washington,WR,1.3399582707672737,2.0,25.489390828199863,0.3,0.059094507234267124,6,Dylan Drummond,,,,79,Zachariah Branch
Kalif Raymond,WR,1.1463718766990207,3.2666666666666666,32.06570841889117,1.1,0.21411713120314146,3,Luther Burden III,,,,89,Zavion Thomas
Tyler Johnson,WR,1.11352165189004,3.3333333333333335,28.019164955509925,0.3,0.018847748588215966,6,Parris Campbell,,,,218,Anthony Smith
JuJu Smith-Schuster,WR,1.0896399121004159,2.911764705882353,29.7741273100616,0.4,0.02687708767778537,5,Odell Beckham Jr.,,,,74,Malachi Fields
David Sills,WR,0.9128764891299683,3.0,31.260780287474333,0.3,0.024247511742900768,5,Ted Hurst,,,,84,Ted Hurst
Marquez Valdes-Scantling,WR,0.7258620308163578,2.3333333333333335,31.89322381930185,0.4,0.022135146597788518,4,Ryan Flournoy,,,,218,Anthony Smith
Elijah Moore,WR,0.6980472607520818,2.0555555555555554,26.431211498973305,0.4,0.05178090621609728,5,Quez Watkins,,,,20,Makai Lemon
Tim Patrick,WR,0.22693165745480934,3.1153846153846154,32.772073921971256,0.6,0.10937060998497795,4,Adonai Mitchell,,,,30,Omar Cooper Jr.
