name,pos,team,room_rank,room_ahead,room_ahead_gap,room_behind,room_behind_gap,rook_pick,rook_name
Aaron Rodgers,QB,PIT,4,Drew Allar,,,,76,Drew Allar
Joe Flacco,QB,CIN,2,Joe Burrow,,,,,
Josh Johnson,QB,CIN,3,Joe Flacco,,,,,
Matthew Stafford,QB,LA,1,,,Ty Simpson,159,13,Ty Simpson
Andy Dalton,QB,PHI,2,Jalen Hurts,,,,178,Cole Payton
Tyrod Taylor,QB,GB,2,Jordan Love,,,,,
Case Keenum,QB,CHI,2,Caleb Williams,,,,,
Kirk Cousins,QB,LV,4,Aidan O'Connell,,,,1,Fernando Mendoza
Kyle Juszczyk,RB,SF,2,Christian McCaffrey,,,,90,Kaelon Black
Adam Thielen,WR,MIN,14,Terrill Davis,,,,,
Travis Kelce,TE,KC,1,,,,,,
Geno Smith,QB,NYJ,4,Cade Klubnik,,,,110,Cade Klubnik
Odell Beckham Jr.,WR,NYG,4,Malachi Fields,,,,74,Malachi Fields
Teddy Bridgewater,QB,DET,2,Jared Goff,,,,,
Davante Adams,WR,LA,2,Puka Nacua,37,,,197,CJ Daniels
Mike Evans,WR,SF,1,,,Ricky Pearsall,50,33,De'Zhaun Stribling
Chris Manhertz,TE,NYG,3,Theo Johnson,,,,,
Jameis Winston,QB,NYG,2,Jaxson Dart,,,,,
Michael Burton,RB,CLE,3,Dylan Sampson,,,,,
Ameer Abdullah,RB,JAX,3,Chris Rodriguez Jr.,,,,,
Trevor Siemian,QB,ATL,3,Tua Tagovailoa,,,,,
Phillip Dorsett,WR,LV,4,Jack Bech,,,,195,Malik Benson
Marcus Mariota,QB,WAS,2,Jayden Daniels,,,,223,Athan Kaliakmanis
Austin Hooper,TE,ATL,2,Kyle Pitts,,,,,
Brandon Allen,QB,NYG,3,Jameis Winston,,,,,
Kalif Raymond,WR,CHI,3,Luther Burden III,,,,89,Zavion Thomas
Derrick Henry,RB,BAL,1,,,,,174,Adam Randall
Demarcus Robinson,WR,SF,5,Christian Kirk,,,,33,De'Zhaun Stribling
C.J. Ham,RB,MIN,4,Demond Claiborne,,,,198,Demond Claiborne
Carson Wentz,QB,MIN,3,J.J. McCarthy,,,,,
Laquon Treadwell,WR,IND,3,Josh Downs,,,,254,Deion Burks
Dak Prescott,QB,DAL,1,,,,,,
Hunter Henry,TE,NE,1,,,,,95,Eli Raridon
Jared Goff,QB,DET,1,,,,,,
Tyler Higbee,TE,LA,4,Max Klare,,,,61,Max Klare
Jacoby Brissett,QB,ARI,1,,,,,65,Carson Beck
Mo Alie-Cox,TE,IND,2,Tyler Warren,,,,,
Johnny Mundt,TE,PHI,3,Eli Stowers,,,,54,Eli Stowers
Christian McCaffrey,RB,SF,1,,,,,90,Kaelon Black
George Kittle,TE,SF,1,,,Jake Tonges,1,,
Aaron Jones,RB,MIN,1,,,Jordan Mason,29,198,Demond Claiborne
Kendrick Bourne,WR,ARI,3,Michael Wilson,,,,143,Reggie Virgil
Nick Mullens,QB,JAX,2,Trevor Lawrence,,,,,
Tim Patrick,WR,NYJ,4,Adonai Mitchell,,,,30,Omar Cooper Jr.
Patrick Ricard,RB,NYG,3,Tyrone Tracy Jr.,,,,,
Anthony Firkser,TE,WAS,2,Chig Okonkwo,,,,,
Samaje Perine,RB,CIN,7,Jamal Haynes,,,,,
Deshaun Watson,QB,CLE,4,Taylen Green,,,,182,Taylen Green
James Conner,RB,ARI,2,Jeremiyah Love,127,Tyler Allgeier,6,3,Jeremiyah Love
Mack Hollins,WR,NE,5,Kyle Williams,,,,,
Eric Saubert,TE,SEA,2,AJ Barner,,,,,
David Moore,WR,CAR,4,Chris Brazzell,,,,83,Chris Brazzell II
Robert Tonyan,TE,PIT,1,,,,,169,Riley Nowakowski
JuJu Smith-Schuster,WR,NYG,5,Odell Beckham Jr.,,,,74,Malachi Fields
Mitchell Trubisky,QB,TEN,2,Cam Ward,,,,,
Patrick Mahomes,QB,KC,1,,,,,249,Garrett Nussmeier
Evan Engram,TE,DEN,7,Adam Trautman,,,,152,Justin Joly
David Njoku,TE,LAC,2,Oronde Gadsden II,76,,,,
Alvin Kamara,RB,NO,2,Travis Etienne,104,Kendre Miller,63,,
Cooper Kupp,WR,SEA,3,Rashid Shaheed,48,Tory Horton,66,199,Emmanuel Henderson Jr.
Chris Godwin Jr.,WR,TB,2,Emeka Egbuka,55,Jalen McMillan,52,84,Ted Hurst
Jeremy McNichols,RB,WAS,4,Kaytron Allen,,,,187,Kaytron Allen
Tyler Conklin,TE,DET,2,Sam LaPorta,,,,,
Marquez Valdes-Scantling,WR,DAL,4,Ryan Flournoy,,,,218,Anthony Smith
Courtland Sutton,WR,DEN,2,Jaylen Waddle,8,Troy Franklin,143,,
Dallas Goedert,TE,PHI,1,,,Eli Stowers,85,54,Eli Stowers
Ian Thomas,TE,LV,2,Brock Bowers,,,,,
Dalton Schultz,TE,HOU,1,,,,,59,Marlin Klein
Justin Watson,WR,HOU,5,Jaylin Noel,,,,204,Lewis Bond
Cedrick Wilson Jr.,WR,DET,4,Isaac TeSlaa,,,,168,Kendrick Law
Braxton Berrios,WR,NYG,6,JuJu Smith-Schuster,,,,74,Malachi Fields
Trent Sherfield,WR,BUF,4,Keon Coleman,,,,125,Skyler Bell
Kyle Allen,QB,BUF,2,Josh Allen,,,,,
Tanner Hudson,TE,CIN,1,,,,,221,Jack Endries
Mark Andrews,TE,BAL,1,,,,,133,Matthew Hibner
Mason Rudolph,QB,PIT,1,,,,,76,Drew Allar
Christian Kirk,WR,SF,4,De'Zhaun Stribling,68,,,33,De'Zhaun Stribling
Lamar Jackson,QB,BAL,1,,,,,,
Durham Smythe,TE,BAL,2,Mark Andrews,,,,133,Matthew Hibner
DJ Moore,WR,BUF,1,,,Khalil Shakir,52,125,Skyler Bell
Mike Gesicki,TE,CIN,7,Josh Kattus,,,,221,Jack Endries
Calvin Ridley,WR,TEN,3,Wan'Dale Robinson,39,Chimere Dike,98,4,Carnell Tate
Saquon Barkley,RB,PHI,1,,,Tank Bigsby,135,,
Baker Mayfield,QB,TB,1,,,,,,
Josh Allen,QB,BUF,1,,,,,,
Malik Turner,WR,SF,6,Demarcus Robinson,,,,33,De'Zhaun Stribling
Sam Darnold,QB,SEA,1,,,,,,
Andrew Beck,RB,NYJ,3,Braelon Allen,,,,,
Jakobi Meyers,WR,JAX,2,Parker Washington,1,Brian Thomas Jr.,4,191,Josh Cameron
Justice Hill,RB,BAL,7,Adam Randall,,,,174,Adam Randall
Foster Moreau,TE,HOU,2,Dalton Schultz,,,,59,Marlin Klein
Ashton Dulin,WR,IND,4,Laquon Treadwell,,,,254,Deion Burks
Stephen Carlson,TE,CHI,2,Colston Loveland,,,,69,Sam Roush
Jake Browning,QB,TB,2,Baker Mayfield,,,,,
Alec Ingold,RB,LAC,4,Kimani Vidal,,,,,
Mecole Hardman,WR,BUF,5,Trent Sherfield,,,,125,Skyler Bell
Olamide Zaccheaus,WR,ATL,3,Zachariah Branch,,,,79,Zachariah Branch
Kyler Murray,QB,MIN,1,,,J.J. McCarthy,84,,
T.J. Hockenson,TE,MIN,1,,,,,159,Max Bredeson
Josh Oliver,TE,MIN,2,T.J. Hockenson,,,,159,Max Bredeson
Devin Singletary,RB,NYG,7,Damon Bankston,,,,,
Will Grier,QB,CAR,2,Bryce Young,,,,,
Tony Pollard,RB,TEN,1,,,Tyjae Spears,73,165,Nicholas Singleton
Jarrett Stidham,QB,DEN,2,Bo Nix,,,,,
Easton Stick,QB,IND,2,Daniel Jones,,,,,
Gardner Minshew,QB,ARI,2,Jacoby Brissett,,,,65,Carson Beck
Scott Miller,WR,CHI,4,Kalif Raymond,,,,89,Zavion Thomas
David Sills,WR,TB,5,Ted Hurst,,,,84,Ted Hurst
Lil'Jordan Humphrey,WR,DEN,6,Marvin Mims Jr.,,,,,
Greg Dortch,WR,DET,5,Cedrick Wilson Jr.,,,,168,Kendrick Law
Darius Slayton,WR,NYG,7,Braxton Berrios,,,,74,Malachi Fields
Ty Johnson,RB,BUF,7,Desmond Reid,,,,,
Tom Kennedy,WR,DET,6,Greg Dortch,,,,168,Kendrick Law
Travis Homer,RB,PIT,4,Kaleb Johnson,,,,,
Drew Sample,TE,CIN,2,Tanner Hudson,,,,221,Jack Endries
Parris Campbell,WR,DAL,5,Marquez Valdes-Scantling,,,,218,Anthony Smith
DK Metcalf,WR,PIT,1,,,Michael Pittman,13,47,Germie Bernard
Noah Fant,TE,NO,2,Juwan Johnson,,,,73,Oscar Delp
Gunner Olszewski,WR,NYG,8,Darius Slayton,,,,74,Malachi Fields
Terry McLaurin,WR,WAS,1,,,Antonio Williams,101,71,Antonio Williams
Marquise Brown,WR,PHI,3,Makai Lemon,,,,20,Makai Lemon
A.J. Brown,WR,NE,1,,,Romeo Doubs,85,,
David Montgomery,RB,HOU,1,,,Woody Marks,82,,
Dawson Knox,TE,BUF,2,Dalton Kincaid,,,,,
Josh Jacobs,RB,GB,1,,,,,,
Drew Lock,QB,SEA,2,Sam Darnold,,,,,
Daniel Jones,QB,IND,1,,,,,,
Cody White,WR,SEA,5,Tory Horton,,,,199,Emmanuel Henderson Jr.
Patrick Taylor,RB,SF,3,Kyle Juszczyk,,,,90,Kaelon Black
Dan Chisena,WR,CAR,5,David Moore,,,,83,Chris Brazzell II
Tyler Huntley,QB,BAL,2,Lamar Jackson,,,,,
Salvon Ahmed,RB,CHI,3,Kyle Monangai,,,,,
Sean McKeon,TE,IND,3,Mo Alie-Cox,,,,,
Juwan Johnson,TE,NO,1,,,,,73,Oscar Delp
Rico Dowdle,RB,PIT,1,,,Jaylen Warren,4,,
Lawrence Cager,TE,WAS,3,Anthony Firkser,,,,,
J.K. Dobbins,RB,DEN,1,,,RJ Harvey,7,108,Jonah Coleman
Isaiah Hodgins,WR,NYG,9,Gunner Olszewski,,,,74,Malachi Fields
Mason Kinsey,WR,TEN,6,Elic Ayomanor,,,,4,Carnell Tate
Nick Westbrook-Ikhine,WR,IND,5,Ashton Dulin,,,,254,Deion Burks
Reggie Gilliam,RB,NE,3,Rhamondre Stevenson,,,,245,Jam Miller
Tua Tagovailoa,QB,ATL,2,Michael Penix Jr.,4,,,,
Jonathan Taylor,RB,IND,1,,,,,237,Seth McGowan
Harrison Bryant,TE,SEA,3,Eric Saubert,,,,,
Colby Parkinson,TE,LA,2,Terrance Ferguson,38,Max Klare,42,61,Max Klare
Michael Pittman,WR,PIT,2,DK Metcalf,13,Germie Bernard,132,47,Germie Bernard
Jauan Jennings,WR,MIN,3,Jordan Addison,48,,,,
Jordan Love,QB,GB,1,,,,,,
AJ Dillon,RB,CAR,6,Miles Davis,,,,,
Quez Watkins,WR,PHI,4,Marquise Brown,,,,20,Makai Lemon
D'Andre Swift,RB,CHI,1,,,Kyle Monangai,55,,
Cole Kmet,TE,CHI,3,Stephen Carlson,,,,69,Sam Roush
Darnell Mooney,WR,NYG,2,Malik Nabers,173,Malachi Fields,26,74,Malachi Fields
Justin Jefferson,WR,MIN,1,,,Jordan Addison,73,,
Devin Duvernay,WR,ARI,4,Kendrick Bourne,,,,143,Reggie Virgil
K.J. Osborn,WR,TEN,7,Mason Kinsey,,,,4,Carnell Tate
Justin Herbert,QB,LAC,1,,,,,,
CeeDee Lamb,WR,DAL,1,,,George Pickens,7,218,Anthony Smith
Jalen Reagor,WR,MIA,2,Chris Bell,,,,75,Caleb Douglas
Jalen Hurts,QB,PHI,1,,,,,178,Cole Payton
Jerry Jeudy,WR,CLE,2,K.C. Concepcion,9,Denzel Boston,19,24,KC Concepcion
Tee Higgins,WR,CIN,2,Ja'Marr Chase,34,,,140,Colbie Young
Van Jefferson,WR,WAS,3,Antonio Williams,,,,71,Antonio Williams
Adam Trautman,TE,DEN,6,Dallen Bentley,,,,152,Justin Joly
Albert Okwuegbunam,TE,LV,7,Patrick Gurd,,,,,
DeeJay Dallas,RB,JAX,4,Ameer Abdullah,,,,,
Tyler Johnson,WR,DAL,6,Parris Campbell,,,,218,Anthony Smith
Charlie Woerner,TE,ATL,3,Austin Hooper,,,,,
Joe Burrow,QB,CIN,1,,,,,,
Chris Blair,WR,ATL,4,Olamide Zaccheaus,,,,79,Zachariah Branch
Tim Jones,WR,JAX,5,Travis Hunter,,,,191,Josh Cameron
Shane Zylstra,TE,BUF,3,Dawson Knox,,,,,
Rashod Bateman,WR,BAL,2,Zay Flowers,107,Ja'Kobi Lane,57,80,Ja'Kobi Lane
Nico Collins,WR,HOU,1,,,Jayden Higgins,112,204,Lewis Bond
Chuba Hubbard,RB,CAR,1,,,Jonathon Brooks,47,,
Brevin Jordan,TE,HOU,3,Foster Moreau,,,,59,Marlin Klein
Elijah Mitchell,RB,PHI,3,Tank Bigsby,,,,,
Gary Brightwell,RB,CIN,2,Chase Brown,,,,,
Quintin Morris,TE,JAX,2,Brenton Strange,,,,56,Nate Boerkircher
Jaylen Waddle,WR,DEN,1,,,Courtland Sutton,8,,
Dyami Brown,WR,WAS,4,Van Jefferson,,,,71,Antonio Williams
John Bates,TE,WAS,4,Lawrence Cager,,,,,
Tylan Wallace,WR,CLE,5,Aaron Anderson,,,,24,KC Concepcion
Ihmir Smith-Marsette,WR,ARI,5,Devin Duvernay,,,,143,Reggie Virgil
Noah Gray,TE,KC,2,Travis Kelce,,,,,
Simi Fehoko,WR,ARI,6,Ihmir Smith-Marsette,,,,143,Reggie Virgil
Shane Buechele,QB,BUF,3,Kyle Allen,,,,,
Adam Prentice,RB,DEN,4,Jonah Coleman,,,,108,Jonah Coleman
Jack Stoll,TE,CLE,2,Harold Fannin Jr.,,,,170,Joe Royer
Brock Wright,TE,DET,3,Tyler Conklin,,,,,
Jaret Patterson,RB,LAC,5,Alec Ingold,,,,,
Brandon Smith,WR,PIT,4,Germie Bernard,,,,47,Germie Bernard
Feleipe Franks,TE,CAR,1,,,,,,
Austin Trammell,WR,JAX,6,Tim Jones,,,,191,Josh Cameron
Kene Nwangwu,RB,NYJ,4,Andrew Beck,,,,,
Tutu Atwell,WR,MIA,3,Jalen Reagor,,,,75,Caleb Douglas
Ben Skowronek,WR,PIT,5,Brandon Smith,,,,47,Germie Bernard
Rhamondre Stevenson,RB,NE,2,TreVeyon Henderson,17,,,245,Jam Miller
Kylen Granson,TE,TEN,2,Gunnar Helm,,,,225,Jaren Kanak
Sam Ehlinger,QB,DEN,3,Jarrett Stidham,,,,,
Luke Farrell,TE,SF,3,Jake Tonges,,,,,
Pat Freiermuth,TE,PIT,7,Darnell Washington,,,,169,Riley Nowakowski
Davis Mills,QB,HOU,2,C.J. Stroud,,,,,
Ja'Marr Chase,WR,CIN,1,,,Tee Higgins,34,140,Colbie Young
DeVonta Smith,WR,PHI,1,,,Makai Lemon,68,20,Makai Lemon
Kenneth Gainwell,RB,TB,2,Bucky Irving,62,Sean Tucker,86,,
Michael Carter,RB,TEN,4,Nicholas Singleton,,,,165,Nicholas Singleton
Justin Fields,QB,KC,4,Garrett Nussmeier,,,,249,Garrett Nussmeier
Terrace Marshall Jr.,WR,MIA,4,Tutu Atwell,,,,75,Caleb Douglas
Michael Bandy,WR,DEN,7,Lil'Jordan Humphrey,,,,,
Amon-Ra St. Brown,WR,DET,1,,,Jameson Williams,34,168,Kendrick Law
Kyle Pitts,TE,ATL,1,,,,,,
Trevor Lawrence,QB,JAX,1,,,,,,
Mac Jones,QB,SF,2,Brock Purdy,,,,,
Travis Etienne,RB,NO,1,,,Alvin Kamara,104,,
Elijah Moore,WR,PHI,5,Quez Watkins,,,,20,Makai Lemon
Josh Palmer,WR,BUF,6,Mecole Hardman,,,,125,Skyler Bell
Javonte Williams,RB,DAL,1,,,Jaydon Blue,183,,
Hunter Long,TE,JAX,3,Quintin Morris,,,,56,Nate Boerkircher
Tommy Tremble,TE,CAR,2,Feleipe Franks,,,,,
Trey Lance,QB,LAC,2,Justin Herbert,,,,,
Zach Wilson,QB,NO,2,Tyler Shough,,,,,
Nikola Kalinic,TE,CHI,4,Cole Kmet,,,,69,Sam Roush
Lance McCutcheon,WR,TEN,8,K.J. Osborn,,,,4,Carnell Tate
Sam Howell,QB,DAL,2,Dak Prescott,,,,,
Cole Turner,TE,MIA,1,,,,,87,Will Kacmarek
Tyler Badie,RB,DEN,5,Adam Prentice,,,,108,Jonah Coleman
Grant Calcaterra,TE,PHI,4,Johnny Mundt,,,,54,Eli Stowers
Dareke Young,WR,LV,5,Phillip Dorsett,,,,195,Malik Benson
Samori Toure,WR,PHI,6,Elijah Moore,,,,20,Makai Lemon
Jake Tonges,TE,SF,2,George Kittle,1,,,,
Tyler Goodson,RB,ATL,3,Brian Robinson,,,,,
Britain Covey,WR,PHI,7,Samori Toure,,,,20,Makai Lemon
Irvin Charles,WR,SEA,6,Cody White,,,,199,Emmanuel Henderson Jr.
Bam Knight,RB,ARI,5,Trey Benson,,,,3,Jeremiyah Love
Isiah Pacheco,RB,DET,2,Jahmyr Gibbs,142,,,,
Jaylen Warren,RB,PIT,2,Rico Dowdle,4,Kaleb Johnson,123,,
Kevin Austin Jr.,WR,NO,4,Devaughn Vele,,,,8,Jordyn Tyson
Drake London,WR,ATL,1,,,Zachariah Branch,185,79,Zachariah Branch
Chris Olave,WR,NO,1,,,Jordyn Tyson,62,8,Jordyn Tyson
Jameson Williams,WR,DET,2,Amon-Ra St. Brown,34,Isaac TeSlaa,150,168,Kendrick Law
George Pickens,WR,DAL,2,CeeDee Lamb,7,Ryan Flournoy,196,218,Anthony Smith
James Cook,RB,BUF,1,,,Ray Davis,180,,
Greg Dulcich,TE,MIA,4,Will Kacmarek,,,,87,Will Kacmarek
Rachaad White,RB,WAS,1,,,Jacory Croskey-Merritt,9,187,Kaytron Allen
Dameon Pierce,RB,PHI,4,Elijah Mitchell,,,,,
Khalil Shakir,WR,BUF,2,DJ Moore,52,Keon Coleman,126,125,Skyler Bell
Tyler Allgeier,RB,ARI,3,James Conner,6,Trey Benson,25,3,Jeremiyah Love
Jerome Ford,RB,WAS,6,Robert Henry,,,,187,Kaytron Allen
Ty Chandler,RB,NO,5,Devin Neal,,,,,
Teagan Quitoriano,TE,ARI,2,Trey McBride,,,,,
James Mitchell,TE,CAR,3,Tommy Tremble,,,,,
Jalen Nailor,WR,LV,2,Tre Tucker,1,Jack Bech,96,195,Malik Benson
Andrew Ogletree,TE,IND,4,Sean McKeon,,,,,
Mike Woods,WR,DEN,8,Michael Bandy,,,,,
Connor Heyward,TE,LV,3,Ian Thomas,,,,,
Ko Kieft,TE,TB,2,Cade Otton,,,,185,Bauer Sharp
Chris Oladokun,QB,KC,2,Patrick Mahomes,,,,249,Garrett Nussmeier
Skylar Thompson,QB,BAL,3,Tyler Huntley,,,,,
Brittain Brown,RB,CHI,4,Salvon Ahmed,,,,,
Zaire Mitchell-Paden,TE,NO,3,Noah Fant,,,,73,Oscar Delp
Tanner Conner,TE,NYG,4,Chris Manhertz,,,,,
Brandon Johnson,WR,LV,6,Dareke Young,,,,195,Malik Benson
Jalen Virgil,WR,BUF,7,Josh Palmer,,,,125,Skyler Bell
Kendric Pryor,WR,CIN,3,Tee Higgins,,,,140,Colbie Young
Stone Smartt,TE,PHI,5,Grant Calcaterra,,,,54,Eli Stowers
Sincere McCormick,RB,SF,4,Patrick Taylor,,,,90,Kaelon Black
Jordan Mason,RB,MIN,2,Aaron Jones,29,Demond Claiborne,82,198,Demond Claiborne
Lucas Krull,TE,DEN,1,,,,,152,Justin Joly
Rashid Shaheed,WR,SEA,2,Jaxon Smith-Njigba,99,Cooper Kupp,48,199,Emmanuel Henderson Jr.
Ronnie Rivers,RB,LA,4,Jarquez Hunter,,,,,
Malik Davis,RB,DAL,3,Jaydon Blue,,,,,
Dennis Houston,WR,TB,6,David Sills,,,,84,Ted Hurst
Julius Chestnut,RB,TEN,5,Michael Carter,,,,165,Nicholas Singleton
John Metchie III,WR,CAR,6,Dan Chisena,,,,83,Chris Brazzell II
Alec Pierce,WR,IND,1,,,Josh Downs,55,254,Deion Burks
Jalen Tolbert,WR,MIA,11,Caleb Douglas,,,,75,Caleb Douglas
Maurice Alexander,WR,CHI,5,Scott Miller,,,,89,Zavion Thomas
Garrett Wilson,WR,NYJ,1,,,Omar Cooper,129,30,Omar Cooper Jr.
Jahan Dotson,WR,ATL,10,Keelan Marion,,,,79,Zachariah Branch
Treylon Burks,WR,WAS,5,Dyami Brown,,,,71,Antonio Williams
Trey McBride,TE,ARI,1,,,,,,
Velus Jones Jr.,RB,SEA,4,Emanuel Wilson,,,,32,Jadarian Price
Brian Robinson,RB,ATL,2,Bijan Robinson,144,,,,
Jelani Woods,TE,NYJ,3,Mason Taylor,,,,16,Kenyon Sadiq
KaVontae Turpin,WR,DAL,7,Tyler Johnson,,,,218,Anthony Smith
Jeremy Ruckert,TE,NYJ,4,Jelani Woods,,,,16,Kenyon Sadiq
Chig Okonkwo,TE,WAS,1,,,,,,
Romeo Doubs,WR,NE,2,A.J. Brown,85,Kayshon Boutte,43,,
Danny Gray,WR,PHI,8,Britain Covey,,,,20,Makai Lemon
Brock Purdy,QB,SF,1,,,,,,
Calvin Austin III,WR,NYG,10,Isaiah Hodgins,,,,74,Malachi Fields
Isaiah Likely,TE,NYG,1,,,Theo Johnson,23,,
Kyren Williams,RB,LA,1,,,Blake Corum,83,,
Jake Ferguson,TE,DAL,1,,,Michael Trigg,81,,
Charlie Kolar,TE,LAC,3,David Njoku,,,,,
Skyy Moore,WR,GB,4,Matthew Golden,,,,,
Pierre Strong,RB,GB,2,Josh Jacobs,,,,,
Kenny Pickett,QB,CAR,3,Will Grier,,,,,
Tyquan Thornton,WR,KC,3,Xavier Worthy,,,,176,Cyrus Allen
Bailey Zappe,QB,NYJ,1,,,,,110,Cade Klubnik
Daniel Bellinger,TE,TEN,3,Kylen Granson,,,,225,Jaren Kanak
Wan'Dale Robinson,WR,TEN,2,Carnell Tate,5,Calvin Ridley,39,4,Carnell Tate
Breece Hall,RB,NYJ,1,,,Braelon Allen,138,,
Christian Watson,WR,GB,1,,,Jayden Reed,23,,
Malik Willis,QB,MIA,1,,,,,,
Cade Otton,TE,TB,1,,,,,185,Bauer Sharp
Kenneth Walker III,RB,KC,1,,,Emmett Johnson,132,161,Emmett Johnson
Xavier Smith,WR,LA,3,Davante Adams,,,,197,CJ Daniels
Israel Abanikanda,RB,DAL,4,Malik Davis,,,,,
Sean Clifford,QB,CIN,4,Josh Johnson,,,,,
Dontayvion Wicks,WR,PHI,11,Darius Cooper,,,,20,Makai Lemon
Will Mallory,TE,IND,5,Andrew Ogletree,,,,,
Eric Gray,RB,NYG,4,Patrick Ricard,,,,,
Evan Hull,RB,HOU,3,Woody Marks,,,,,
Tanner McKee,QB,PHI,3,Andy Dalton,,,,178,Cole Payton
Lew Nichols III,RB,PIT,5,Travis Homer,,,,,
Tyson Bagent,QB,CHI,3,Case Keenum,,,,,
Zavier Scott,RB,MIN,5,C.J. Ham,,,,198,Demond Claiborne
Keaton Mitchell,RB,LAC,2,Omarion Hampton,136,Kimani Vidal,30,,
Tommy DeVito,QB,NE,2,Drake Maye,,,,234,Behren Morton
Brady Russell,RB,SEA,5,Velus Jones Jr.,,,,32,Jadarian Price
Ben VanSumeren,RB,BUF,3,Ray Davis,,,,,
Jason Brownlee,WR,KC,4,Tyquan Thornton,,,,176,Cyrus Allen
Xavier Gipson,WR,NYG,11,Calvin Austin III,,,,74,Malachi Fields
E.J. Jenkins,TE,PHI,6,Stone Smartt,,,,54,Eli Stowers
Nikko Remigio,WR,KC,5,Jason Brownlee,,,,176,Cyrus Allen
Bijan Robinson,RB,ATL,1,,,Brian Robinson,144,,
Jaxon Smith-Njigba,WR,SEA,1,,,Rashid Shaheed,99,199,Emmanuel Henderson Jr.
Quentin Johnston,WR,LAC,2,Ladd McConkey,36,Tre Harris,104,105,Brenen Thompson
Luke Schoonmaker,TE,DAL,3,Michael Trigg,,,,,
Hendon Hooker,QB,TEN,3,Mitchell Trubisky,,,,,
Kendre Miller,RB,NO,3,Alvin Kamara,63,Devin Neal,37,,
Tank Bigsby,RB,PHI,2,Saquon Barkley,135,,,,
Darnell Washington,TE,PIT,6,Riley Nowakowski,,,,169,Riley Nowakowski
Michael Wilson,WR,ARI,2,Marvin Harrison Jr.,27,,,143,Reggie Virgil
Tre Tucker,WR,LV,1,,,Jalen Nailor,1,195,Malik Benson
Cameron Latu,TE,PHI,7,E.J. Jenkins,,,,54,Eli Stowers
Derius Davis,WR,LAC,4,Tre Harris,,,,105,Brenen Thompson
Charlie Jones,WR,CIN,4,Kendric Pryor,,,,140,Colbie Young
Aidan O'Connell,QB,LV,3,Jacob Clark,,,,1,Fernando Mendoza
Josh Whyle,TE,GB,2,Tucker Kraft,,,,,
Justin Shorter,WR,LV,7,Brandon Johnson,,,,195,Malik Benson
Chase Brown,RB,CIN,1,,,,,,
Parker Washington,WR,JAX,1,,,Jakobi Meyers,1,191,Josh Cameron
Kayshon Boutte,WR,NE,3,Romeo Doubs,43,Kyle Williams,64,,
Chris Rodriguez Jr.,RB,JAX,2,Bhayshul Tuten,121,,,,
A.T. Perry,WR,PIT,6,Ben Skowronek,,,,47,Germie Bernard
Scott Matlock,RB,LAC,6,Jaret Patterson,,,,,
Xavier Hutchinson,WR,HOU,6,Justin Watson,,,,204,Lewis Bond
Andrei Iosivas,WR,CIN,5,Charlie Jones,,,,140,Colbie Young
DeMario Douglas,WR,NE,6,Mack Hollins,,,,,
Colton Dowell,WR,SF,7,Malik Turner,,,,33,De'Zhaun Stribling
Kenny McIntosh,RB,SEA,6,Brady Russell,,,,32,Jadarian Price
Jalen Brooks,WR,ARI,7,Simi Fehoko,,,,143,Reggie Virgil
Brayden Willis,TE,SF,4,Luke Farrell,,,,,
Ronnie Bell,WR,NO,5,Kevin Austin Jr.,,,,8,Jordyn Tyson
Adrian Martinez,QB,SF,4,Kurtis Rourke,,,,,
Jordan Mims,RB,SF,5,Sincere McCormick,,,,90,Kaelon Black
Tyrell Shavers,WR,BUF,8,Jalen Virgil,,,,125,Skyler Bell
Chris Brooks,RB,GB,5,Jaden Nixon,,,,,
Emari Demercado,RB,KC,6,E.J. Smith,,,,161,Emmett Johnson
Blake Whiteheart,TE,CLE,3,Jack Stoll,,,,170,Joe Royer
Julian Hill,TE,NE,2,Hunter Henry,,,,95,Eli Raridon
Jared Wayne,WR,HOU,7,Xavier Hutchinson,,,,204,Lewis Bond
Princeton Fant,TE,DAL,4,Luke Schoonmaker,,,,,
Hunter Luepke,RB,DAL,5,Israel Abanikanda,,,,,
Jake Bobo,WR,SEA,7,Irvin Charles,,,,199,Emmanuel Henderson Jr.
Nate Adkins,TE,DEN,2,Lucas Krull,,,,152,Justin Joly
Jaleel McLaughlin,RB,DEN,6,Tyler Badie,,,,108,Jonah Coleman
Emanuel Wilson,RB,SEA,3,Zach Charbonnet,70,,,32,Jadarian Price
Ben Sims,TE,MIA,2,Cole Turner,,,,87,Will Kacmarek
Ryan Miller,WR,NYG,12,Xavier Gipson,,,,74,Malachi Fields
Mitchell Tinsley,WR,CIN,6,Andrei Iosivas,,,,140,Colbie Young
Brycen Tremayne,WR,CAR,7,John Metchie III,,,,83,Chris Brazzell II
Shedrick Jackson,WR,LV,8,Justin Shorter,,,,195,Malik Benson
Jacob Saylors,RB,DET,3,Isiah Pacheco,,,,,
Malik Cunningham,WR,DET,7,Tom Kennedy,,,,168,Kendrick Law
Carlos Washington,RB,MIA,3,Jaylen Wright,,,,,
Dalton Kincaid,TE,BUF,1,,,,,,
Brenton Strange,TE,JAX,1,,,,,56,Nate Boerkircher
Jalin Hyatt,WR,NYG,13,Ryan Miller,,,,74,Malachi Fields
Tyler Scott,WR,LA,4,Xavier Smith,,,,197,CJ Daniels
Sean Tucker,RB,TB,3,Kenneth Gainwell,86,,,,
Dylan Drummond,WR,ATL,5,Chris Blair,,,,79,Zachariah Branch
Marvin Mims Jr.,WR,DEN,5,Pat Bryant,2,,,,
Tank Dell,WR,HOU,3,Jayden Higgins,10,Jaylin Noel,59,204,Lewis Bond
Cedric Tillman,WR,CLE,6,Tylan Wallace,,,,24,KC Concepcion
Jordan Addison,WR,MIN,2,Justin Jefferson,73,Jauan Jennings,48,,
Tucker Kraft,TE,GB,1,,,,,,
Josh Downs,WR,IND,2,Alec Pierce,55,,,254,Deion Burks
Roschon Johnson,RB,CHI,5,Brittain Brown,,,,,
Joel Wilson,TE,TEN,4,Daniel Bellinger,,,,225,Jaren Kanak
Tyjae Spears,RB,TEN,2,Tony Pollard,73,Nicholas Singleton,37,165,Nicholas Singleton
De'Von Achane,RB,MIA,1,,,Jaylen Wright,188,,
Elijah Higgins,TE,ARI,3,Teagan Quitoriano,,,,,
Payne Durham,TE,TB,3,Ko Kieft,,,,185,Bauer Sharp
Trey Palmer,WR,NO,6,Ronnie Bell,,,,8,Jordyn Tyson
Jonathan Mingo,WR,DAL,8,KaVontae Turpin,,,,218,Anthony Smith
Zay Flowers,WR,BAL,1,,,Rashod Bateman,107,80,Ja'Kobi Lane
Sam LaPorta,TE,DET,1,,,,,,
Michael Mayer,TE,LV,4,Connor Heyward,,,,,
Rashee Rice,WR,KC,1,,,Xavier Worthy,82,176,Cyrus Allen
Davis Allen,TE,LA,5,Tyler Higbee,,,,61,Max Klare
Puka Nacua,WR,LA,1,,,Davante Adams,37,197,CJ Daniels
Stetson Bennett,QB,LA,3,Ty Simpson,,,,13,Ty Simpson
Jahmyr Gibbs,RB,DET,1,,,Isiah Pacheco,142,,
Luke Musgrave,TE,GB,3,Josh Whyle,,,,,
Jayden Reed,WR,GB,2,Christian Watson,23,Matthew Golden,22,,
Bryce Young,QB,CAR,1,,,,,,
Will Levis,QB,TEN,4,Hendon Hooker,,,,,
C.J. Stroud,QB,HOU,1,,,,,,
Anthony Richardson,QB,IND,3,Easton Stick,,,,,
Zach Charbonnet,RB,SEA,2,Jadarian Price,71,Emanuel Wilson,70,32,Jadarian Price
Dante Miller,RB,NYG,5,Eric Gray,,,,,
Johnny Wilson,WR,PHI,9,Danny Gray,,,,20,Makai Lemon
Chris Collier,RB,LV,3,Mike Washington,,,,122,Mike Washington Jr.
Dayton Wade,WR,BAL,5,Elijah Sarratt,,,,80,Ja'Kobi Lane
Kendall Milton,RB,CIN,3,Gary Brightwell,,,,,
Messiah Swinson,TE,GB,4,Luke Musgrave,,,,,
George Holani,RB,SEA,9,Robbie Ouzts,,,,32,Jadarian Price
Jack Westover,RB,NE,4,Reggie Gilliam,,,,245,Jam Miller
Carson Steele,RB,PHI,5,Dameon Pierce,,,,,
Malik Nabers,WR,NYG,1,,,Darnell Mooney,173,74,Malachi Fields
Brock Bowers,TE,LV,1,,,,,,
Xavier Legette,WR,CAR,8,Brycen Tremayne,,,,83,Chris Brazzell II
Jonathon Brooks,RB,CAR,2,Chuba Hubbard,47,,,,
Luke McCaffrey,WR,WAS,6,Treylon Burks,,,,71,Antonio Williams
Ja'Tavion Sanders,TE,CAR,4,James Mitchell,,,,,
Cade Stover,TE,HOU,4,Brevin Jordan,,,,59,Marlin Klein
Bucky Irving,RB,TB,1,,,Kenneth Gainwell,62,,
Isaac Guerendo,RB,SF,6,Jordan Mims,,,,90,Kaelon Black
Sione Vaki,RB,DET,4,Jacob Saylors,,,,,
Jacob Cowing,WR,SF,8,Colton Dowell,,,,33,De'Zhaun Stribling
Audric Estimé,RB,NO,6,Ty Chandler,,,,,
Spencer Rattler,QB,NO,3,Zach Wilson,,,,,
Jamari Thrash,WR,CLE,7,Cedric Tillman,,,,24,KC Concepcion
Tyrone Tracy Jr.,RB,NYG,2,Cam Skattebo,123,,,,
Bub Means,WR,NO,7,Trey Palmer,,,,8,Jordyn Tyson
Kimani Vidal,RB,LAC,3,Keaton Mitchell,30,,,,
Jha'Quan Jackson,WR,HOU,8,Jared Wayne,,,,204,Lewis Bond
Casey Washington,WR,ATL,6,Dylan Drummond,,,,79,Zachariah Branch
Tejhaun Palmer,WR,ARI,8,Jalen Brooks,,,,143,Reggie Virgil
Joe Milton III,QB,DAL,3,Sam Howell,,,,,
Jawhar Jordan,RB,HOU,4,Evan Hull,,,,,
Dylan Laube,RB,LV,4,Chris Collier,,,,122,Mike Washington Jr.
Ryan Flournoy,WR,DAL,3,George Pickens,196,,,218,Anthony Smith
Brenden Rice,WR,GB,5,Skyy Moore,,,,,
Jaheim Bell,TE,PIT,2,Robert Tonyan,,,,169,Riley Nowakowski
Devaughn Vele,WR,NO,3,Jordyn Tyson,148,,,8,Jordyn Tyson
Cornelius Johnson,WR,BAL,6,Dayton Wade,,,,80,Ja'Kobi Lane
Isaiah Williams,WR,NYJ,5,Tim Patrick,,,,30,Omar Cooper Jr.
Brenden Bates,TE,CLE,4,Blake Whiteheart,,,,170,Joe Royer
Frank Gore Jr.,RB,BUF,4,Ben VanSumeren,,,,,
Xavier Johnson,WR,CIN,7,Mitchell Tinsley,,,,140,Colbie Young
Hayden Rucci,TE,SF,5,Brayden Willis,,,,,
Jalen Coker,WR,CAR,2,Tetairoa McMillan,85,Chris Brazzell,123,83,Chris Brazzell II
Treyton Welch,TE,NO,4,Zaire Mitchell-Paden,,,,73,Oscar Delp
Xavier Weaver,WR,ARI,9,Tejhaun Palmer,,,,143,Reggie Virgil
Brevyn Spann-Ford,TE,DAL,5,Princeton Fant,,,,,
Carter Bradley,QB,JAX,3,Nick Mullens,,,,,
Kedon Slovis,QB,ARI,3,Gardner Minshew,,,,65,Carson Beck
Kameron Johnson,WR,TB,7,Dennis Houston,,,,84,Ted Hurst
British Brooks,RB,HOU,5,Jawhar Jordan,,,,,
Mason Tipton,WR,NO,8,Bub Means,,,,8,Jordyn Tyson
Cole Burgess,WR,PIT,7,A.T. Perry,,,,47,Germie Bernard
Cam Grandy,TE,CIN,3,Drew Sample,,,,221,Jack Endries
David Martin-Robinson,TE,TEN,5,Joel Wilson,,,,225,Jaren Kanak
Bryce Oliver,WR,TEN,9,Lance McCutcheon,,,,4,Carnell Tate
Jabari Small,RB,DET,5,Sione Vaki,,,,,
Sam Hartman,QB,WAS,3,Marcus Mariota,,,,223,Athan Kaliakmanis
Ben Nikkel,WR,IND,6,Nick Westbrook-Ikhine,,,,254,Deion Burks
Colson Yankoff,TE,WAS,5,John Bates,,,,,
Cody Schrader,RB,DEN,7,Jaleel McLaughlin,,,,108,Jonah Coleman
Jeshaun Jones,WR,MIN,4,Jauan Jennings,,,,,
JaQuae Jackson,WR,LAC,5,Derius Davis,,,,105,Brenen Thompson
Bo Nix,QB,DEN,1,,,,,,
Tip Reiman,TE,ARI,4,Elijah Higgins,,,,,
Blake Corum,RB,LA,2,Kyren Williams,83,Jarquez Hunter,111,,
Roman Wilson,WR,PIT,8,Cole Burgess,,,,47,Germie Bernard
Will Shipley,RB,PHI,6,Carson Steele,,,,,
Ainias Smith,WR,CAR,13,Malick Meiga,,,,83,Chris Brazzell II
Jordan Whittington,WR,LA,5,Tyler Scott,,,,197,CJ Daniels
Devin Culp,TE,TB,4,Payne Durham,,,,185,Bauer Sharp
Terrell Jennings,RB,NE,5,Jack Westover,,,,245,Jam Miller
Devontez Walker,WR,BAL,7,Cornelius Johnson,,,,80,Ja'Kobi Lane
AJ Barner,TE,SEA,1,,,,,,
Braelon Allen,RB,NYJ,2,Breece Hall,138,,,,
Rasheen Ali,RB,BAL,2,Derrick Henry,,,,174,Adam Randall
Isaiah Davis,RB,NYJ,7,Chip Trayanum,,,,,
MarShawn Lloyd,RB,GB,6,Chris Brooks,,,,,
Erick All,TE,CIN,4,Cam Grandy,,,,221,Jack Endries
Anthony Gould,WR,IND,7,Ben Nikkel,,,,254,Deion Burks
Jared Wiley,TE,KC,3,Noah Gray,,,,,
Qadir Ismail,TE,CHI,5,Nikola Kalinic,,,,69,Sam Roush
Theo Johnson,TE,NYG,2,Isaiah Likely,23,,,,
Marvin Harrison Jr.,WR,ARI,1,,,Michael Wilson,27,143,Reggie Virgil
Drake Maye,QB,NE,1,,,,,234,Behren Morton
Jalen McMillan,WR,TB,3,Chris Godwin Jr.,52,Ted Hurst,73,84,Ted Hurst
Troy Franklin,WR,DEN,3,Courtland Sutton,143,Pat Bryant,3,,
Jaylen Wright,RB,MIA,2,De'Von Achane,188,,,,
Ray Davis,RB,BUF,2,James Cook,180,,,,
Malik Washington,WR,MIA,12,Jalen Tolbert,,,,75,Caleb Douglas
Tahj Washington,WR,MIA,5,Terrace Marshall Jr.,,,,75,Caleb Douglas
Adonai Mitchell,WR,NYJ,3,Omar Cooper,2,,,30,Omar Cooper Jr.
Brian Thomas Jr.,WR,JAX,3,Jakobi Meyers,4,Travis Hunter,83,191,Josh Cameron
Xavier Worthy,WR,KC,2,Rashee Rice,82,,,176,Cyrus Allen
Keon Coleman,WR,BUF,3,Khalil Shakir,126,,,125,Skyler Bell
Ja'Lynn Polk,WR,NO,9,Mason Tipton,,,,8,Jordyn Tyson
Jayden Daniels,QB,WAS,1,,,,,223,Athan Kaliakmanis
Ben Sinnott,TE,WAS,6,Colson Yankoff,,,,,
Ladd McConkey,WR,LAC,1,,,Quentin Johnston,36,105,Brenen Thompson
Ricky Pearsall,WR,SF,2,Mike Evans,50,De'Zhaun Stribling,54,33,De'Zhaun Stribling
Michael Penix Jr.,QB,ATL,1,,,Tua Tagovailoa,4,,
Caleb Williams,QB,CHI,1,,,,,,
Rome Odunze,WR,CHI,1,,,Luther Burden III,10,89,Zavion Thomas
Malachi Corley,WR,CLE,8,Jamari Thrash,,,,24,KC Concepcion
Trey Benson,RB,ARI,4,Tyler Allgeier,25,,,3,Jeremiyah Love
J.J. McCarthy,QB,MIN,2,Kyler Murray,84,,,,
Savion Williams,WR,GB,6,Brenden Rice,,,,,
Kyle McCord,QB,GB,3,Tyrod Taylor,,,,,
Phil Mafah,RB,DAL,6,Hunter Luepke,,,,,
Darius Cooper,WR,PHI,10,Johnny Wilson,,,,20,Makai Lemon
Amar Johnson,RB,LAC,7,Scott Matlock,,,,,
Rivaldo Fairweather,TE,ARI,5,Tip Reiman,,,,,
Traeshon Holden,WR,DAL,9,Jonathan Mingo,,,,218,Anthony Smith
Josh Kelly,WR,HOU,9,Jha'Quan Jackson,,,,204,Lewis Bond
Tyrone Broden,WR,SEA,8,Jake Bobo,,,,199,Emmanuel Henderson Jr.
Nick Kallerup,TE,SEA,4,Harrison Bryant,,,,,
Jacardia Wright,RB,SEA,7,Kenny McIntosh,,,,32,Jadarian Price
LaJohntay Wester,WR,BAL,8,Devontez Walker,,,,80,Ja'Kobi Lane
Brashard Smith,RB,KC,3,Emmett Johnson,50,,,161,Emmett Johnson
Jake Briningstool,TE,KC,4,Jared Wiley,,,,,
Mac Dalena,WR,BUF,9,Tyrell Shavers,,,,125,Skyler Bell
Tre Watson,TE,KC,5,Jake Briningstool,,,,,
Xavier Guillory,WR,BAL,9,LaJohntay Wester,,,,80,Ja'Kobi Lane
Jimmy Holiday,WR,KC,6,Nikko Remigio,,,,176,Cyrus Allen
Ashton Jeanty,RB,LV,1,,,Mike Washington,153,122,Mike Washington Jr.
Tetairoa McMillan,WR,CAR,1,,,Jalen Coker,85,83,Chris Brazzell II
Colston Loveland,TE,CHI,1,,,,,69,Sam Roush
Tyler Warren,TE,IND,1,,,,,,
Emeka Egbuka,WR,TB,1,,,Chris Godwin Jr.,55,84,Ted Hurst
Jayden Higgins,WR,HOU,2,Nico Collins,112,Tank Dell,10,204,Lewis Bond
Kyle Williams,WR,NE,4,Kayshon Boutte,64,,,,
Pat Bryant,WR,DEN,4,Troy Franklin,3,Marvin Mims Jr.,2,,
Jaylin Noel,WR,HOU,4,Tank Dell,59,,,204,Lewis Bond
Kaleb Johnson,RB,PIT,3,Jaylen Warren,123,,,,
Tai Felton,WR,MIN,5,Jeshaun Jones,,,,,
Dylan Sampson,RB,CLE,2,Quinshon Judkins,106,,,,
Jaylin Lane,WR,WAS,7,Luke McCaffrey,,,,71,Antonio Williams
Elic Ayomanor,WR,TEN,5,Chimere Dike,25,,,4,Carnell Tate
Jordan Watkins,WR,SF,9,Jacob Cowing,,,,33,De'Zhaun Stribling
Jordan James,RB,SF,7,Isaac Guerendo,,,,90,Kaelon Black
DJ Giddens,RB,IND,5,Anderson Castle,,,,237,Seth McGowan
KeAndre Lambert-Smith,WR,LAC,6,JaQuae Jackson,,,,105,Brenen Thompson
Mitchell Evans,TE,CAR,5,Ja'Tavion Sanders,,,,,
Oronde Gadsden II,TE,LAC,1,,,David Njoku,76,,
Jackson Hawes,TE,BUF,4,Shane Zylstra,,,,,
Ollie Gordon II,RB,MIA,8,D.J. Herman,,,,,
Devin Neal,RB,NO,4,Kendre Miller,37,,,,
Will Howard,QB,PIT,2,Mason Rudolph,,,,76,Drew Allar
Kalel Mullings,RB,TEN,6,Julius Chestnut,,,,165,Nicholas Singleton
Riley Leonard,QB,IND,4,Anthony Richardson,,,,,
Tahj Brooks,RB,CIN,4,Kendall Milton,,,,,
Graham Mertz,QB,HOU,3,Davis Mills,,,,,
Gavin Bartholomew,TE,MIN,3,Josh Oliver,,,,159,Max Bredeson
Jimmy Horn Jr.,WR,CAR,9,Xavier Legette,,,,83,Chris Brazzell II
Cam Miller,QB,MIA,2,Malik Willis,,,,,
Thomas Fidone II,TE,NYG,5,Tanner Conner,,,,,
Quinn Ewers,QB,MIA,3,Cam Miller,,,,,
Kyle Monangai,RB,CHI,2,D'Andre Swift,55,,,,
Tez Johnson,WR,TB,8,Kameron Johnson,,,,84,Ted Hurst
LeQuint Allen Jr.,RB,JAX,6,J'mari Taylor,,,,,
Caleb Lohner,TE,DEN,3,Nate Adkins,,,,152,Justin Joly
Dominic Lovett,WR,DET,8,Malik Cunningham,,,,168,Kendrick Law
Jacory Croskey-Merritt,RB,WAS,2,Rachaad White,9,Kaytron Allen,76,187,Kaytron Allen
Moliki Matavao,TE,NO,5,Treyton Welch,,,,73,Oscar Delp
Junior Bergen,WR,SF,10,Jordan Watkins,,,,33,De'Zhaun Stribling
Gage Larvadain,WR,CLE,9,Malachi Corley,,,,24,KC Concepcion
Ahmani Marshall,RB,CLE,7,T.J. Harden,,,,,
Ja'Seem Reed,WR,CAR,10,Jimmy Horn Jr.,,,,83,Chris Brazzell II
JP Richardson,WR,CHI,6,Maurice Alexander,,,,89,Zavion Thomas
Jahdae Walker,WR,CHI,7,JP Richardson,,,,89,Zavion Thomas
Bryce Pierre,TE,CAR,6,Mitchell Evans,,,,,
Andrew Armstrong,WR,KC,7,Jimmy Holiday,,,,176,Cyrus Allen
A.J. Henning,WR,MIA,9,Kevin Coleman,,,,75,Caleb Douglas
Theo Wease Jr.,WR,MIA,6,Tahj Washington,,,,75,Caleb Douglas
Jacoby Jones,WR,WAS,8,Jaylin Lane,,,,71,Antonio Williams
Chandler Brayboy,WR,JAX,7,Austin Trammell,,,,191,Josh Cameron
Patrick Herbert,TE,JAX,4,Hunter Long,,,,56,Nate Boerkircher
Eli Pancol,WR,IND,8,Anthony Gould,,,,254,Deion Burks
Coleman Owen,WR,IND,9,Eli Pancol,,,,254,Deion Burks
Stephen Gosnell,WR,BUF,10,Mac Dalena,,,,125,Skyler Bell
Keleki Latu,TE,BUF,5,Jackson Hawes,,,,,
Jordan Moore,WR,CIN,8,Xavier Johnson,,,,140,Colbie Young
Bryson Green,WR,ARI,10,Xavier Weaver,,,,143,Reggie Virgil
Zach Horton,TE,DET,4,Brock Wright,,,,,
Jakobie Keeney-James,WR,GB,7,Savion Williams,,,,,
Jackson Meeks,WR,DET,9,Dominic Lovett,,,,168,Kendrick Law
Kye Robichaux,RB,DET,6,Jabari Small,,,,,
Anthony Tyus III,RB,CAR,3,Jonathon Brooks,,,,,
Brady Cook,QB,NYJ,2,Bailey Zappe,,,,110,Cade Klubnik
Donovan Edwards,RB,MIA,4,Carlos Washington,,,,,
Jamaal Pritchett,WR,NYJ,6,Isaiah Williams,,,,30,Omar Cooper Jr.
Quentin Skinner,WR,NYJ,7,Jamaal Pritchett,,,,30,Omar Cooper Jr.
Connor Bazelak,QB,TB,3,Jake Browning,,,,,
Garrett Greene,WR,TB,9,Tez Johnson,,,,84,Ted Hurst
Josh Williams,RB,TB,4,Sean Tucker,,,,,
Dalen Cambre,WR,NYG,14,Jalin Hyatt,,,,74,Malachi Fields
Beaux Collins,WR,NYG,15,Dalen Cambre,,,,74,Malachi Fields
Courtney Jackson,WR,TEN,10,Bryce Oliver,,,,4,Carnell Tate
Luke Grimm,WR,LAC,7,KeAndre Lambert-Smith,,,,105,Brenen Thompson
DJ Uiagalelei,QB,LAC,3,Trey Lance,,,,,
Raheim Sanders,RB,CLE,4,Michael Burton,,,,,
Ulysses Bentley IV,RB,IND,2,Jonathan Taylor,,,,237,Seth McGowan
Carter Runyon,TE,LV,5,Michael Mayer,,,,,
Max Brosmer,QB,MIN,4,Carson Wentz,,,,,
Dontae Fleming,WR,MIN,6,Tai Felton,,,,,
Bryson Nesbit,TE,MIN,4,Gavin Bartholomew,,,,159,Max Bredeson
Myles Price,WR,MIN,7,Dontae Fleming,,,,,
Ben Yurosek,TE,MIN,5,Bryson Nesbit,,,,159,Max Bredeson
Xavier Restrepo,WR,TEN,11,Courtney Jackson,,,,4,Carnell Tate
JJ Galbreath,TE,PIT,3,Jaheim Bell,,,,169,Riley Nowakowski
Ke'Shawn Williams,WR,CIN,9,Jordan Moore,,,,140,Colbie Young
Nate Carter,RB,ATL,4,Tyler Goodson,,,,,
Nick Nash,WR,WAS,9,Jacoby Jones,,,,71,Antonio Williams
Joshua Simon,TE,ATL,4,Charlie Woerner,,,,,
Corey Kiner,RB,ARI,6,Bam Knight,,,,3,Jeremiyah Love
Isaiah Neyor,WR,GB,8,Jakobie Keeney-James,,,,,
Efton Chism III,WR,NE,7,DeMario Douglas,,,,,
CJ Dippre,TE,NE,3,Julian Hill,,,,95,Eli Raridon
Brock Lampe,RB,NE,6,Terrell Jennings,,,,245,Jam Miller
Lan Larison,RB,NE,7,Brock Lampe,,,,245,Jam Miller
Jeremiah Webb,WR,NE,8,Efton Chism III,,,,,
Gee Scott Jr.,WR,NYJ,8,Quentin Skinner,,,,30,Omar Cooper Jr.
Dont'e Thornton Jr.,WR,LV,9,Shedrick Jackson,,,,195,Malik Benson
Arian Smith,WR,NYJ,9,Gee Scott Jr.,,,,30,Omar Cooper Jr.
Woody Marks,RB,HOU,2,David Montgomery,82,,,,
Gunnar Helm,TE,TEN,1,,,,,225,Jaren Kanak
Jaydon Blue,RB,DAL,2,Javonte Williams,183,,,,
Kurtis Rourke,QB,SF,3,Mac Jones,,,,,
Konata Mumpfield,WR,LA,6,Jordan Whittington,,,,197,CJ Daniels
Brennan Presley,WR,LA,7,Konata Mumpfield,,,,197,CJ Daniels
Mark Redman,TE,LA,6,Davis Allen,,,,61,Max Klare
Jordan Waters,RB,LA,5,Ronnie Rivers,,,,,
Mario Williams,WR,LA,8,Brennan Presley,,,,197,CJ Daniels
Tru Edwards,WR,LA,9,Mario Williams,,,,197,CJ Daniels
Luke Floriea,WR,CLE,10,Gage Larvadain,,,,24,KC Concepcion
Max Hurleman,RB,PIT,6,Lew Nichols III,,,,,
Montorie Foster Jr,WR,SEA,9,Tyrone Broden,,,,199,Emmanuel Henderson Jr.
Drake Dabney,TE,GB,5,Messiah Swinson,,,,,
Dalevon Campbell,WR,LAC,8,Luke Grimm,,,,105,Brenen Thompson
Lucas Scott,RB,BAL,3,Rasheen Ali,,,,174,Adam Randall
Trevor Etienne,RB,CAR,4,Anthony Tyus III,,,,,
Jalen Royals,WR,KC,8,Andrew Armstrong,,,,176,Cyrus Allen
Tory Horton,WR,SEA,4,Cooper Kupp,66,,,199,Emmanuel Henderson Jr.
Robbie Ouzts,RB,SEA,8,Jacardia Wright,,,,32,Jadarian Price
Damien Martinez,RB,GB,3,Pierre Strong,,,,,
Ricky White III,WR,SEA,10,Montorie Foster Jr,,,,199,Emmanuel Henderson Jr.
Harold Fannin Jr.,TE,CLE,1,,,,,170,Joe Royer
Omarion Hampton,RB,LAC,1,,,Keaton Mitchell,136,,
Matthew Golden,WR,GB,3,Jayden Reed,22,,,,
Shedeur Sanders,QB,CLE,1,,,,,182,Taylen Green
Isaac TeSlaa,WR,DET,3,Jameson Williams,150,,,168,Kendrick Law
Jalen Milroe,QB,SEA,3,Drew Lock,,,,,
Cam Ward,QB,TEN,1,,,,,,
Jaxson Dart,QB,NYG,1,,,,,,
Jarquez Hunter,RB,LA,3,Blake Corum,111,,,,
Thomas Gordon,TE,DET,5,Zach Horton,,,,,
Dillon Gabriel,QB,CLE,2,Shedeur Sanders,,,,182,Taylen Green
Chimere Dike,WR,TEN,4,Calvin Ridley,98,Elic Ayomanor,25,4,Carnell Tate
Cam Skattebo,RB,NYG,1,,,Tyrone Tracy Jr.,123,,
Travis Hunter,WR,JAX,4,Brian Thomas Jr.,83,,,191,Josh Cameron
Bhayshul Tuten,RB,JAX,1,,,Chris Rodriguez Jr.,121,,
Tre Harris,WR,LAC,3,Quentin Johnston,104,,,105,Brenen Thompson
Jack Bech,WR,LV,3,Jalen Nailor,96,,,195,Malik Benson
RJ Harvey,RB,DEN,2,J.K. Dobbins,7,Jonah Coleman,38,108,Jonah Coleman
TreVeyon Henderson,RB,NE,1,,,Rhamondre Stevenson,17,245,Jam Miller
Luther Burden III,WR,CHI,2,Rome Odunze,10,,,89,Zavion Thomas
Mason Taylor,TE,NYJ,2,Kenyon Sadiq,57,,,16,Kenyon Sadiq
Terrance Ferguson,TE,LA,1,,,Colby Parkinson,38,61,Max Klare
Elijah Arroyo,TE,SEA,5,Nick Kallerup,,,,,
Tyler Shough,QB,NO,1,,,,,,
Will Sheppard,WR,GB,9,Isaiah Neyor,,,,,
Jaden Smith,WR,DAL,10,Traeshon Holden,,,,218,Anthony Smith
Isaiah Bond,WR,CLE,11,Luke Floriea,,,,24,KC Concepcion
Quinshon Judkins,RB,CLE,1,,,Dylan Sampson,106,,
Dohnte Meyers,WR,CIN,10,Ke'Shawn Williams,,,,140,Colbie Young
Damien Alford,WR,NO,10,Ja'Lynn Polk,,,,8,Jordyn Tyson
Layne Pryor,TE,HOU,5,Cade Stover,,,,59,Marlin Klein
Carson Towt,TE,IND,6,Will Mallory,,,,,
Makai Lemon,WR,PHI,2,DeVonta Smith,68,,,20,Makai Lemon
Ja'Kobi Lane,WR,BAL,3,Rashod Bateman,57,Elijah Sarratt,32,80,Ja'Kobi Lane
Elijah Sarratt,WR,BAL,4,Ja'Kobi Lane,32,,,80,Ja'Kobi Lane
Mike Washington,RB,LV,2,Ashton Jeanty,153,,,122,Mike Washington Jr.
Matthew Hibner,TE,BAL,3,Durham Smythe,,,,133,Matthew Hibner
Nicholas Singleton,RB,TEN,3,Tyjae Spears,37,,,165,Nicholas Singleton
Josh Cuevas,TE,BAL,4,Matthew Hibner,,,,133,Matthew Hibner
Adam Randall,RB,BAL,6,Elijah Tau-Tolliver,,,,174,Adam Randall
Cyrus Allen,WR,KC,13,Xavier Loyd,,,,176,Cyrus Allen
Cole Payton,QB,PHI,4,Tanner McKee,,,,178,Cole Payton
Malik Benson,WR,LV,10,Dont'e Thornton Jr.,,,,195,Malik Benson
Emmanuel Henderson,WR,SEA,11,Ricky White III,,,,199,Emmanuel Henderson Jr.
Anthony Smith,WR,DAL,11,Jaden Smith,,,,218,Anthony Smith
Jaren Kanak,TE,TEN,6,David Martin-Robinson,,,,225,Jaren Kanak
Garrett Nussmeier,QB,KC,3,Chris Oladokun,,,,249,Garrett Nussmeier
Hank Beatty,WR,TEN,12,Xavier Restrepo,,,,4,Carnell Tate
Tyren Montgomery,WR,TEN,13,Hank Beatty,,,,4,Carnell Tate
Dae'Quan Wright,TE,PHI,8,Cameron Latu,,,,54,Eli Stowers
Camden Brown,WR,DAL,12,Anthony Smith,,,,218,Anthony Smith
Jordan Hudson,WR,DAL,13,Camden Brown,,,,218,Anthony Smith
Dominic Richardson,RB,DAL,7,Phil Mafah,,,,,
D.J. Rogers,TE,DAL,6,Brevyn Spann-Ford,,,,,
Michael Trigg,TE,DAL,2,Jake Ferguson,81,,,,
Kyron Drones,QB,GB,4,Kyle McCord,,,,,
R.J. Maryland,TE,GB,6,Drake Dabney,,,,,
Jaden Nixon,RB,GB,4,Damien Martinez,,,,,
J.Michael Sturdivant,WR,GB,10,Will Sheppard,,,,,
Jeff Caldwell,WR,KC,9,Jalen Royals,,,,176,Cyrus Allen
Omari Evans,WR,KC,10,Jeff Caldwell,,,,176,Cyrus Allen
John Michael Gyllenborg,TE,KC,6,Tre Watson,,,,,
Jaydn Ott,RB,KC,4,Brashard Smith,,,,161,Emmett Johnson
E.J. Smith,RB,KC,5,Jaydn Ott,,,,161,Emmett Johnson
Jacob De Jesus,WR,KC,11,Omari Evans,,,,176,Cyrus Allen
Michael Briscoe,WR,MIN,8,Myles Price,,,,,
Lance Mason,TE,SEA,6,Elijah Arroyo,,,,,
Cortez Braham,WR,BAL,10,Xavier Guillory,,,,80,Ja'Kobi Lane
Joe Fagnano,QB,BAL,4,Skylar Thompson,,,,,
Dontae McMillan,RB,BAL,4,Lucas Scott,,,,174,Adam Randall
Diego Pavia,QB,BAL,5,Joe Fagnano,,,,,
Ty Pezza,WR,BAL,11,Cortez Braham,,,,80,Ja'Kobi Lane
Octavian Smith,WR,BAL,12,Ty Pezza,,,,80,Ja'Kobi Lane
Elijah Tau-Tolliver,RB,BAL,5,Dontae McMillan,,,,174,Adam Randall
Jacob Clark,QB,LV,2,Fernando Mendoza,,,,1,Fernando Mendoza
Roman Hemby,RB,LV,5,Dylan Laube,,,,122,Mike Washington Jr.
Chase Roberts,WR,LV,11,Malik Benson,,,,195,Malik Benson
Corey Rucker,WR,LV,12,Chase Roberts,,,,195,Malik Benson
E.J. Williams,WR,LV,13,Corey Rucker,,,,195,Malik Benson
Emmett Johnson,RB,KC,2,Kenneth Walker III,132,Brashard Smith,50,161,Emmett Johnson
Patrick Gurd,TE,LV,6,Carter Runyon,,,,,
Xavier Loyd,WR,KC,12,Jacob De Jesus,,,,176,Cyrus Allen
Jonathan Brady,WR,LV,14,E.J. Williams,,,,195,Malik Benson
Jeremiyah Love,RB,ARI,1,,,James Conner,127,3,Jeremiyah Love
Jordyn Tyson,WR,NO,2,Chris Olave,62,Devaughn Vele,148,8,Jordyn Tyson
Kenyon Sadiq,TE,NYJ,1,,,Mason Taylor,57,16,Kenyon Sadiq
De'Zhaun Stribling,WR,SF,3,Ricky Pearsall,54,Christian Kirk,68,33,De'Zhaun Stribling
Denzel Boston,WR,CLE,3,Jerry Jeudy,19,Aaron Anderson,92,24,KC Concepcion
Antonio Williams,WR,WAS,2,Terry McLaurin,101,,,71,Antonio Williams
Oscar Delp,TE,NO,6,Moliki Matavao,,,,73,Oscar Delp
Malachi Fields,WR,NYG,3,Darnell Mooney,26,,,74,Malachi Fields
Zachariah Branch,WR,ATL,2,Drake London,185,,,79,Zachariah Branch
Chris Brazzell,WR,CAR,3,Jalen Coker,123,,,83,Chris Brazzell II
Ted Hurst,WR,TB,4,Jalen McMillan,73,,,84,Ted Hurst
Zavion Thomas,WR,CHI,8,Jahdae Walker,,,,89,Zavion Thomas
Kaelon Black,RB,SF,8,Jordan James,,,,90,Kaelon Black
Cade Klubnik,QB,NYJ,3,Brady Cook,,,,110,Cade Klubnik
Bryce Lance,WR,NO,11,Damien Alford,,,,8,Jordyn Tyson
Colbie Young,WR,CIN,11,Dohnte Meyers,,,,140,Colbie Young
Reggie Virgil,WR,ARI,11,Bryson Green,,,,143,Reggie Virgil
Justin Joly,TE,DEN,4,Caleb Lohner,,,,152,Justin Joly
Max Bredeson,RB,MIN,6,Zavier Scott,,,,198,Demond Claiborne
Tanner Koziol,TE,JAX,5,Patrick Herbert,,,,56,Nate Boerkircher
Joe Royer,TE,CLE,5,Brenden Bates,,,,170,Joe Royer
Taylen Green,QB,CLE,3,Dillon Gabriel,,,,182,Taylen Green
Bauer Sharp,TE,TB,5,Devin Culp,,,,185,Bauer Sharp
Kaytron Allen,RB,WAS,3,Jacory Croskey-Merritt,76,,,187,Kaytron Allen
Josh Cameron,WR,JAX,8,Chandler Brayboy,,,,191,Josh Cameron
Demond Claiborne,RB,MIN,3,Jordan Mason,82,,,198,Demond Claiborne
C.J. Williams,WR,JAX,9,Josh Cameron,,,,191,Josh Cameron
Jack Endries,TE,CIN,5,Erick All,,,,221,Jack Endries
Athan Kaliakmanis,QB,WAS,4,Sam Hartman,,,,223,Athan Kaliakmanis
Behren Morton,QB,NE,3,Tommy DeVito,,,,234,Behren Morton
Seth McGowan,RB,IND,6,DJ Giddens,,,,237,Seth McGowan
Jam Miller,RB,NE,8,Lan Larison,,,,245,Jam Miller
Carsen Ryan,TE,CLE,6,Joe Royer,,,,170,Joe Royer
Deion Burks,WR,IND,10,Coleman Owen,,,,254,Deion Burks
Dallen Bentley,TE,DEN,5,Justin Joly,,,,152,Justin Joly
Damon Bankston,RB,NYG,6,Dante Miller,,,,,
Haynes King,QB,CAR,4,Kenny Pickett,,,,,
Kobe Prentice,WR,CAR,11,Ja'Seem Reed,,,,83,Chris Brazzell II
Mark Gronowski,QB,MIA,4,Quinn Ewers,,,,,
Anthony Hankerson,RB,MIA,5,Donovan Edwards,,,,,
Donaven McCulley,WR,MIA,7,Theo Wease Jr.,,,,75,Caleb Douglas
Le'Veon Moss,RB,MIA,6,Anthony Hankerson,,,,,
Coleman Bennett,RB,CHI,6,Roschon Johnson,,,,,
Omari Kelly,WR,CHI,9,Zavion Thomas,,,,89,Zavion Thomas
Hayden Large,TE,CHI,6,Qadir Ismail,,,,69,Sam Roush
Miller Moss,QB,CHI,4,Tyson Bagent,,,,,
Jaden Bradley,WR,WAS,10,Nick Nash,,,,71,Antonio Williams
Robert Henry,RB,WAS,5,Jeremy McNichols,,,,187,Kaytron Allen
Chris Hilton,WR,WAS,11,Jaden Bradley,,,,71,Antonio Williams
Quentin Moore,TE,WAS,7,Ben Sinnott,,,,,
Vinny Anthony,WR,ATL,7,Casey Washington,,,,79,Zachariah Branch
Le'Meke Brockington,WR,ATL,8,Vinny Anthony,,,,79,Zachariah Branch
Cash Jones,RB,ATL,5,Nate Carter,,,,,
Jack Strand,QB,ATL,4,Trevor Siemian,,,,,
Jack Velling,TE,ATL,5,Joshua Simon,,,,,
Caullin Lacy,WR,NYJ,10,Arian Smith,,,,30,Omar Cooper Jr.
Sam Scott,RB,NYJ,5,Kene Nwangwu,,,,,
D.T. Sheffield,WR,NYJ,11,Caullin Lacy,,,,30,Omar Cooper Jr.
Joey Aguilar,QB,JAX,4,Carter Bradley,,,,,
Brady Boyd,WR,JAX,10,C.J. Williams,,,,191,Josh Cameron
Alex Bullock,WR,JAX,14,Michael Wortham,,,,191,Josh Cameron
Ethan Conner,TE,JAX,6,Tanner Koziol,,,,56,Nate Boerkircher
Ben Patterson,WR,JAX,11,Brady Boyd,,,,191,Josh Cameron
Trebor Pena,WR,JAX,12,Ben Patterson,,,,191,Josh Cameron
J'mari Taylor,RB,JAX,5,DeeJay Dallas,,,,,
Michael Wortham,WR,JAX,13,Trebor Pena,,,,191,Josh Cameron
Jackson Acker,RB,BUF,5,Frank Gore Jr.,,,,,
Gabriel Benyard,WR,BUF,11,Stephen Gosnell,,,,125,Skyler Bell
Sahmir Hagans,WR,IND,11,Deion Burks,,,,254,Deion Burks
E.J. Horton,WR,IND,12,Sahmir Hagans,,,,254,Deion Burks
Lincoln Pare,RB,IND,3,Ulysses Bentley IV,,,,237,Seth McGowan
Raylen Sharpe,WR,IND,13,E.J. Horton,,,,254,Deion Burks
Chase Curtis,TE,NYJ,5,Jeremy Ruckert,,,,16,Kenyon Sadiq
Chip Trayanum,RB,NYJ,6,Sam Scott,,,,,
Kentrel Bullock,RB,CIN,5,Tahj Brooks,,,,,
Jamal Haynes,RB,CIN,6,Kentrel Bullock,,,,,
Josh Kattus,TE,CIN,6,Jack Endries,,,,221,Jack Endries
Noah Thomas,WR,CIN,12,Colbie Young,,,,140,Colbie Young
Jalon Daniels,QB,TB,4,Connor Bazelak,,,,,
Kenny Fletcher,TE,TB,6,Bauer Sharp,,,,185,Bauer Sharp
Eric Rivers,WR,TB,10,Garrett Greene,,,,84,Ted Hurst
Lake McRee,TE,PIT,4,JJ Galbreath,,,,169,Riley Nowakowski
Squirrel White,WR,CHI,10,Omari Kelly,,,,89,Zavion Thomas
Keelan Marion,WR,ATL,9,Le'Meke Brockington,,,,79,Zachariah Branch
Malik McClain,WR,NYJ,12,D.T. Sheffield,,,,30,Omar Cooper Jr.
Ja'Mori Maclin,WR,BUF,12,Gabriel Benyard,,,,125,Skyler Bell
Desmond Reid,RB,BUF,6,Jackson Acker,,,,,
Davon Booth,RB,CLE,5,Raheim Sanders,,,,,
T.J. Harden,RB,CLE,6,Davon Booth,,,,,
Kole Wilson,WR,CLE,12,Isaiah Bond,,,,24,KC Concepcion
Kolbe Katsis,WR,DEN,9,Mike Woods,,,,,
Dane Key,WR,DEN,10,Kolbe Katsis,,,,,
Joseph Manjack,WR,DEN,11,Dane Key,,,,,
Cam Ross,WR,DEN,12,Joseph Manjack,,,,,
Josh Pitsenberger,RB,HOU,6,British Brooks,,,,,
Treyvhon Saunders,WR,HOU,10,Josh Kelly,,,,204,Lewis Bond
Daniel Sobkowicz,WR,HOU,11,Treyvhon Saunders,,,,204,Lewis Bond
Jalen Walthall,WR,NYJ,13,Malik McClain,,,,30,Omar Cooper Jr.
Noah Whittington,RB,HOU,7,Josh Pitsenberger,,,,,
Tanner Arkin,TE,NE,4,CJ Dippre,,,,95,Eli Raridon
Nick DeGennaro,WR,NE,9,Jeremiah Webb,,,,,
Kyle Dixon,WR,NE,10,Nick DeGennaro,,,,,
Cameron Dorner,WR,NE,11,Kyle Dixon,,,,,
Jimmy Kibble,WR,NE,12,Cameron Dorner,,,,,
Myles Montgomery,RB,NE,9,Jam Miller,,,,245,Jam Miller
C.J. Donaldson,RB,NO,7,Audric Estimé,,,,,
Cody Hardy,TE,NO,7,Oscar Delp,,,,73,Oscar Delp
Dillon Bell,WR,MIN,9,Michael Briscoe,,,,,
Kejon Owens,RB,MIN,7,Max Bredeson,,,,198,Demond Claiborne
Marcus Sanders,WR,MIN,10,Dillon Bell,,,,,
Luke Wysong,WR,MIN,11,Marcus Sanders,,,,,
Khalil Dinkins,TE,SF,6,Hayden Rucci,,,,,
Wesley Grimes,WR,SF,11,Junior Bergen,,,,33,De'Zhaun Stribling
Will Pauling,WR,SF,12,Wesley Grimes,,,,33,De'Zhaun Stribling
Jameson Geers,TE,ARI,6,Rivaldo Fairweather,,,,,
Harrison Wallace,WR,ARI,12,Reggie Virgil,,,,143,Reggie Virgil
Jerand Bradley,WR,LAC,9,Dalevon Campbell,,,,105,Brenen Thompson
Sincere Brown,WR,LAC,10,Jerand Bradley,,,,105,Brenen Thompson
Gregory Desrosiers,RB,LAC,8,Amar Johnson,,,,,
Devonte Ross,WR,LAC,11,Sincere Brown,,,,105,Brenen Thompson
Evan Svoboda,TE,LAC,4,Charlie Kolar,,,,,
Eli Raridon,TE,NE,5,Tanner Arkin,,,,95,Eli Raridon
Kaden Wetjen,WR,PIT,9,Roman Wilson,,,,47,Germie Bernard
Riley Nowakowski,TE,PIT,5,Lake McRee,,,,169,Riley Nowakowski
C.J. Daniels,WR,LA,10,Tru Edwards,,,,197,CJ Daniels
Rohan Jones,TE,LA,7,Mark Redman,,,,61,Max Klare
Kyron Hudson,WR,CHI,11,Squirrel White,,,,89,Zavion Thomas
Matthew Caldwell,QB,LA,4,Stetson Bennett,,,,13,Ty Simpson
Dean Connors,RB,LA,6,Jordan Waters,,,,,
Dan Villari,TE,LA,8,Rohan Jones,,,,61,Max Klare
Kadarius Calloway,RB,TB,5,Josh Williams,,,,,
Dean Patterson,WR,TB,11,Eric Rivers,,,,84,Ted Hurst
D.J. Herman,RB,MIA,7,Le'Veon Moss,,,,,
Carnell Tate,WR,TEN,1,,,Wan'Dale Robinson,5,4,Carnell Tate
Skyler Bell,WR,BUF,13,Ja'Mori Maclin,,,,125,Skyler Bell
Kendrick Law,WR,DET,10,Jackson Meeks,,,,168,Kendrick Law
Brock Rechsteiner,WR,NO,12,Bryce Lance,,,,8,Jordyn Tyson
Johnny Pascuzzi,TE,LAC,5,Evan Svoboda,,,,,
Luke Altmyer,QB,DET,3,Teddy Bridgewater,,,,,
Miles Kitselman,TE,DET,6,Thomas Gordon,,,,,
Lewis Bond,WR,HOU,12,Daniel Sobkowicz,,,,204,Lewis Bond
Marlin Klein,TE,HOU,6,Layne Pryor,,,,59,Marlin Klein
Mante Morrow,WR,LAC,12,Devonte Ross,,,,105,Brenen Thompson
Trayvon Rudolph,WR,MIN,12,Luke Wysong,,,,,
Rashad Rochelle,WR,SEA,12,Emmanuel Henderson,,,,199,Emmanuel Henderson Jr.
Terrill Davis,WR,MIN,13,Trayvon Rudolph,,,,,
Eli Stowers,TE,PHI,2,Dallas Goedert,85,,,54,Eli Stowers
Miles Davis,RB,CAR,5,Trevor Etienne,,,,,
Anderson Castle,RB,IND,4,Lincoln Pare,,,,237,Seth McGowan
Germie Bernard,WR,PIT,3,Michael Pittman,132,,,47,Germie Bernard
Eli Heidenreich,RB,PIT,7,Max Hurleman,,,,,
Aaron Anderson,WR,CLE,4,Denzel Boston,92,,,24,KC Concepcion
Jonah Coleman,RB,DEN,3,RJ Harvey,38,,,108,Jonah Coleman
Nate Boerkircher,TE,JAX,7,Ethan Conner,,,,56,Nate Boerkircher
Max Klare,TE,LA,3,Colby Parkinson,42,,,61,Max Klare
Omar Cooper,WR,NYJ,2,Garrett Wilson,129,Adonai Mitchell,2,30,Omar Cooper Jr.
Jadarian Price,RB,SEA,1,,,Zach Charbonnet,71,32,Jadarian Price
Romello Brinson,WR,DAL,14,Jordan Hudson,,,,218,Anthony Smith
Caleb Douglas,WR,MIA,10,A.J. Henning,,,,75,Caleb Douglas
Will Kacmarek,TE,MIA,3,Ben Sims,,,,87,Will Kacmarek
Chris Bell,WR,MIA,1,,,,,75,Caleb Douglas
Kevin Coleman,WR,MIA,8,Donaven McCulley,,,,75,Caleb Douglas
Louis Hansen,TE,HOU,7,Marlin Klein,,,,59,Marlin Klein
Kyre Duplessis,WR,DET,11,Kendrick Law,,,,168,Kendrick Law
Malick Meiga,WR,CAR,12,Kobe Prentice,,,,83,Chris Brazzell II
K.C. Concepcion,WR,CLE,1,,,Jerry Jeudy,9,24,KC Concepcion
Fernando Mendoza,QB,LV,1,,,,,1,Fernando Mendoza
Ty Simpson,QB,LA,2,Matthew Stafford,159,,,13,Ty Simpson
Carson Beck,QB,ARI,4,Kedon Slovis,,,,65,Carson Beck
Sam Roush,TE,CHI,7,Hayden Large,,,,69,Sam Roush
Drew Allar,QB,PIT,3,Will Howard,,,,76,Drew Allar
Brenen Thompson,WR,LAC,13,Mante Morrow,,,,105,Brenen Thompson
