year,pid,name,pos,pred
2020,00-0036442,Joe Burrow,QB,10.81
2020,00-0036212,Tua Tagovailoa,QB,8.17
2020,00-0036355,Justin Herbert,QB,7.9
2020,00-0036264,Jordan Love,QB,5.37
2020,00-0036389,Jalen Hurts,QB,3.28
2020,00-0036226,Jacob Eason,QB,4.56
2020,00-0036301,James Morgan,QB,6.42
2020,00-0036197,Jake Fromm,QB,5.0
2020,00-0036312,Jake Luton,QB,2.91
2020,,Cole McDonald,QB,2.25
2020,00-0036384,Ben DiNucci,QB,-0.71
2020,00-0036433,Tommy Stevens,QB,1.82
2020,00-0036279,Nate Stanley,QB,1.39
2020,00-0036360,Clyde Edwards-Helaire,RB,6.84
2020,00-0036275,D'Andre Swift,RB,6.67
2020,00-0036223,Jonathan Taylor,RB,5.78
2020,00-0036414,Cam Akers,RB,4.96
2020,00-0036158,J.K. Dobbins,RB,4.13
2020,00-0036265,AJ Dillon,RB,5.05
2020,00-0036328,Antonio Gibson,RB,4.88
2020,00-0036450,Ke'Shawn Vaughn,RB,3.77
2020,00-0036251,Zack Moss,RB,4.33
2020,00-0036297,Darrynton Evans,RB,2.77
2020,00-0036370,Joshua Kelley,RB,2.29
2020,00-0036269,La'Mical Perine,RB,3.42
2020,00-0036336,Anthony McFarland Jr.,RB,2.74
2020,00-0036425,DeeJay Dallas,RB,1.93
2020,00-0036278,Jason Huntley,RB,1.66
2020,00-0036383,Eno Benjamin,RB,1.47
2020,00-0036435,Raymond Calais,RB,1.84
2020,00-0036245,Malcolm Perry,RB,2.04
2020,00-0036357,Henry Ruggs III,WR,5.48
2020,00-0036407,Jerry Jeudy,WR,4.6
2020,00-0036358,CeeDee Lamb,WR,4.27
2020,00-0036387,Jalen Reagor,WR,4.55
2020,00-0036322,Justin Jefferson,WR,4.23
2020,00-0036261,Brandon Aiyuk,WR,4.0
2020,00-0036410,Tee Higgins,WR,3.91
2020,00-0036252,Michael Pittman Jr.,WR,3.69
2020,00-0036268,Laviska Shenault Jr.,WR,3.47
2020,00-0036412,KJ Hamler,WR,3.28
2020,00-0036326,Chase Claypool,WR,3.42
2020,00-0036415,Van Jefferson,WR,2.44
2020,00-0036255,Denzel Mims,WR,2.85
2020,00-0036364,Lynn Bowden Jr.,WR,2.2
2020,00-0036365,Bryan Edwards,WR,2.6
2020,00-0036331,Devin Duvernay,WR,1.77
2020,00-0036196,Gabe Davis,WR,1.53
2020,00-0036340,Antonio Gandy-Golden,WR,1.66
2020,00-0036377,Joe Reed,WR,1.81
2020,00-0036427,Tyler Johnson,WR,1.16
2020,00-0036254,Collin Johnson,WR,1.52
2020,00-0036277,Quintez Cephus,WR,2.09
2020,00-0036398,John Hightower,WR,1.55
2020,00-0036308,Isaiah Coulter,WR,1.28
2020,00-0036309,Darnell Mooney,WR,1.18
2020,00-0036345,K.J. Osborn,WR,1.14
2020,00-0036233,Donovan Peoples-Jones,WR,1.91
2020,00-0036271,Quez Watkins,WR,1.07
2020,00-0036133,James Proche,WR,0.55
2020,00-0036165,Isaiah Hodgins,WR,1.43
2020,00-0036228,Dezmon Patmon,WR,0.67
2020,00-0036247,Freddie Swain,WR,0.95
2020,00-0036259,Jauan Jennings,WR,0.38
2020,00-0036382,K.J. Hill,WR,1.09
2020,00-0036439,Tyrie Cleveland,WR,1.05
2020,00-0036290,Cole Kmet,TE,1.85
2020,00-0036194,Devin Asiasi,TE,1.61
2020,00-0036332,Josiah Deguara,TE,1.91
2020,00-0036225,Dalton Keene,TE,2.16
2020,00-0036422,Adam Trautman,TE,1.47
2020,00-0036232,Harrison Bryant,TE,1.33
2020,00-0036423,Albert Okwuegbunam,TE,1.46
2020,00-0036244,Colby Parkinson,TE,1.47
2020,00-0036424,Brycen Hopkins,TE,1.15
2020,00-0036429,Charlie Woerner,TE,0.98
2020,00-0036250,Tyler Davis,TE,0.47
2020,00-0036438,Stephen Sullivan,TE,0.08
2021,00-0036971,Trevor Lawrence,QB,11.76
2021,00-0037013,Zach Wilson,QB,11.04
2021,00-0037012,Trey Lance,QB,7.53
2021,00-0036945,Justin Fields,QB,6.17
2021,00-0036972,Mac Jones,QB,7.38
2021,00-0036928,Kyle Trask,QB,3.8
2021,00-0036946,Kellen Mond,QB,2.15
2021,00-0036898,Davis Mills,QB,3.32
2021,00-0036929,Ian Book,QB,1.0
2021,00-0036879,Sam Ehlinger,QB,1.48
2021,00-0036893,Najee Harris,RB,6.91
2021,00-0036973,Travis Etienne,RB,7.11
2021,00-0036997,Javonte Williams,RB,6.7
2021,00-0036984,Trey Sermon,RB,3.6
2021,00-0036924,Michael Carter,RB,4.92
2021,00-0036842,Kene Nwangwu,RB,1.63
2021,00-0036875,Rhamondre Stevenson,RB,3.54
2021,00-0036555,Chuba Hubbard,RB,0.76
2021,00-0036919,Kenneth Gainwell,RB,2.15
2021,00-0036567,Elijah Mitchell,RB,1.82
2021,00-0036569,Gary Brightwell,RB,1.0
2021,00-0036650,Larry Rountree,RB,0.78
2021,00-0036857,Chris Evans,RB,1.89
2021,00-0036654,Demetric Felton,RB,0.64
2021,00-0036906,Khalil Herbert,RB,1.94
2021,00-0036860,Jake Funk,RB,1.74
2021,00-0036578,Gerrid Doaks,RB,1.26
2021,00-0036669,Kylin Hill,RB,0.33
2021,00-0036670,Jermar Jefferson,RB,0.29
2021,00-0036900,Ja'Marr Chase,WR,6.56
2021,00-0036613,Jaylen Waddle,WR,6.09
2021,00-0036912,DeVonta Smith,WR,5.35
2021,00-0036913,Kadarius Toney,WR,4.28
2021,00-0036550,Rashod Bateman,WR,4.09
2021,00-0036980,Elijah Moore,WR,4.07
2021,00-0036936,Rondale Moore,WR,3.84
2021,00-0036620,D'Wayne Eskridge,WR,2.28
2021,00-0036849,Tutu Atwell,WR,3.05
2021,00-0036955,Terrace Marshall Jr.,WR,3.12
2021,00-0036988,Josh Palmer,WR,2.83
2021,00-0036626,Dyami Brown,WR,2.53
2021,00-0036991,Amari Rodgers,WR,2.39
2021,00-0036554,Nico Collins,WR,2.51
2021,00-0036999,Anthony Schwartz,WR,1.93
2021,00-0036627,Dez Fitzpatrick,WR,1.59
2021,00-0036963,Amon-Ra St. Brown,WR,2.28
2021,00-0036877,Jaelon Darden,WR,1.79
2021,00-0036630,Tylan Wallace,WR,1.8
2021,00-0036918,Jacob Harris,WR,1.26
2021,00-0036635,Ihmir Smith-Marsette,WR,1.59
2021,00-0036646,Simi Fehoko,WR,1.29
2021,00-0036647,Cornell Powell,WR,1.04
2021,00-0036951,Frank Darby,WR,1.19
2021,00-0036571,Marquez Stevenson,WR,0.8
2021,00-0036572,Shi Smith,WR,1.18
2021,00-0036652,Racey McMath,WR,0.72
2021,00-0036858,Jalen Camp,WR,0.88
2021,00-0036657,Seth Williams,WR,1.38
2021,00-0036907,Dazz Newsome,WR,0.89
2021,00-0036482,Mike Strachan,WR,0.54
2021,00-0036536,Tre Nixon,WR,0.7
2021,00-0036862,Ben Skowronek,WR,0.47
2021,00-0036939,Kawaan Baker,WR,0.6
2021,00-0036671,Dax Milne,WR,0.77
2021,00-0036970,Kyle Pitts,TE,6.12
2021,00-0036894,Pat Freiermuth,TE,2.05
2021,00-0037004,Hunter Long,TE,1.6
2021,00-0037005,Tommy Tremble,TE,2.65
2021,00-0037011,Tre' McKitty,TE,1.91
2021,00-0036628,John Bates,TE,0.97
2021,00-0036876,Kylen Granson,TE,1.06
2021,00-0036887,Luke Farrell,TE,0.47
2021,00-0036556,Brevin Jordan,TE,2.09
2021,00-0036637,Noah Gray,TE,1.85
2021,00-0036640,Zach Davidson,TE,0.93
2022,00-0038102,Kenny Pickett,QB,5.98
2022,00-0038122,Desmond Ridder,QB,4.96
2022,00-0038128,Malik Willis,QB,0.92
2022,00-0038132,Matt Corral,QB,3.47
2022,00-0038108,Bailey Zappe,QB,2.04
2022,00-0037077,Sam Howell,QB,1.77
2022,00-0037324,Chris Oladokun,QB,-1.97
2022,00-0037327,Skylar Thompson,QB,1.31
2022,00-0037834,Brock Purdy,QB,0.75
2022,00-0038120,Breece Hall,RB,6.7
2022,00-0038134,Kenneth Walker III,RB,5.67
2022,00-0037248,James Cook,RB,3.91
2022,00-0037256,Rachaad White,RB,3.08
2022,00-0037827,Tyrion Davis-Price,RB,1.5
2022,00-0037746,Brian Robinson Jr.,RB,2.59
2022,00-0037258,Dameon Pierce,RB,3.66
2022,00-0038040,Zamir White,RB,2.33
2022,00-0038045,Isaiah Spiller,RB,0.98
2022,00-0038098,Pierre Strong,RB,2.72
2022,00-0037617,Hassan Haskins,RB,1.03
2022,00-0037263,Tyler Allgeier,RB,2.68
2022,00-0037265,Snoop Conner,RB,2.56
2022,00-0037267,Jerome Ford,RB,1.06
2022,00-0037840,Kyren Williams,RB,1.71
2022,00-0037276,Ty Chandler,RB,0.47
2022,00-0037286,Kevin Harris,RB,2.29
2022,00-0037085,Tyler Badie,RB,1.79
2022,00-0037299,Keaontay Ingram,RB,1.04
2022,00-0037087,Trestan Ebner,RB,1.19
2022,00-0037329,Brittain Brown,RB,1.35
2022,00-0037197,Isiah Pacheco,RB,1.04
2022,00-0037331,Zander Horvath,RB,0.19
2022,00-0037238,Drake London,WR,6.17
2022,00-0037740,Garrett Wilson,WR,5.54
2022,00-0037239,Chris Olave,WR,4.85
2022,00-0037240,Jameson Williams,WR,5.72
2022,00-0037741,Jahan Dotson,WR,4.91
2022,00-0037742,Treylon Burks,WR,4.31
2022,00-0038124,Christian Watson,WR,3.19
2022,00-0038117,Wan'Dale Robinson,WR,3.84
2022,00-0037614,John Metchie,WR,3.53
2022,00-0038104,Tyquan Thornton,WR,3.07
2022,00-0037247,George Pickens,WR,3.07
2022,00-0037664,Alec Pierce,WR,3.19
2022,00-0038090,Skyy Moore,WR,2.74
2022,00-0037745,Velus Jones Jr.,WR,1.5
2022,00-0037666,Jalen Tolbert,WR,1.9
2022,00-0037257,David Bell,WR,2.37
2022,00-0037828,Danny Gray,WR,1.25
2022,00-0038092,Erik Ezukanma,WR,1.79
2022,00-0037816,Romeo Doubs,WR,1.71
2022,00-0037837,Calvin Austin III,WR,1.37
2022,00-0037261,Khalil Shakir,WR,1.07
2022,00-0037272,Montrell Washington,WR,1.34
2022,00-0037273,Kyle Philips,WR,1.04
2022,00-0037291,Jalen Nailor,WR,0.95
2022,00-0037300,Michael Woods II,WR,1.08
2022,00-0037091,Bo Melton,WR,0.76
2022,00-0037093,Dareke Young,WR,0.68
2022,00-0037098,Samori Toure,WR,0.22
2022,00-0037744,Trey McBride,TE,2.53
2022,00-0037755,Jelani Woods,TE,1.14
2022,00-0037252,Greg Dulcich,TE,2.32
2022,00-0037805,Jeremy Ruckert,TE,1.48
2022,00-0038129,Cade Otton,TE,1.37
2022,00-0038115,Daniel Bellinger,TE,1.71
2022,00-0038046,Charlie Kolar,TE,0.29
2022,00-0038041,Jake Ferguson,TE,1.13
2022,00-0037838,Isaiah Likely,TE,0.88
2022,00-0037809,Chig Okonkwo,TE,1.85
2022,00-0037078,Cole Turner,TE,1.38
2022,00-0037277,Teagan Quitoriano,TE,0.55
2022,00-0037282,James Mitchell,TE,0.78
2022,00-0037292,Andrew Ogletree,TE,0.33
2022,00-0037086,Grant Calcaterra,TE,0.9
2022,00-0037304,Connor Heyward,TE,1.75
2022,00-0037306,John FitzPatrick,TE,0.43
2022,00-0037311,Ko Kieft,TE,0.27
2022,00-0037317,Nick Muse,TE,0.46
2023,00-0039150,Bryce Young,QB,11.7
2023,00-0039163,C.J. Stroud,QB,10.31
2023,00-0039164,Anthony Richardson,QB,11.05
2023,00-0039152,Will Levis,QB,4.54
2023,00-0038550,Hendon Hooker,QB,1.21
2023,00-0038998,Jake Haener,QB,3.42
2023,00-0039107,Stetson Bennett,QB,3.07
2023,00-0038579,Aidan O'Connell,QB,2.39
2023,00-0038582,Clayton Tune,QB,3.23
2023,00-0038583,Dorian Thompson-Robinson,QB,3.11
2023,00-0038391,Sean Clifford,QB,2.89
2023,00-0038598,Jaren Hall,QB,1.32
2023,00-0038400,Tanner McKee,QB,0.64
2023,00-0038637,Max Duggan,QB,2.51
2023,00-0038542,Bijan Robinson,RB,9.68
2023,00-0039139,Jahmyr Gibbs,RB,7.92
2023,00-0039165,Zach Charbonnet,RB,4.99
2023,00-0038551,Kendre Miller,RB,4.15
2023,00-0039032,Tyjae Spears,RB,3.57
2023,00-0039040,De'Von Achane,RB,2.99
2023,00-0038555,Tank Bigsby,RB,3.02
2023,00-0039021,Roschon Johnson,RB,2.96
2023,00-0038389,Israel Abanikanda,RB,2.64
2023,00-0038597,Chase Brown,RB,2.3
2023,00-0038396,Eric Gray,RB,1.99
2023,00-0038397,Evan Hull,RB,1.95
2023,00-0038611,Chris Rodriguez,RB,2.24
2023,00-0038622,Deuce Vaughn,RB,1.14
2023,00-0039136,Zach Evans,RB,1.41
2023,00-0039046,DeWayne McBride,RB,1.27
2023,00-0038409,Lew Nichols,RB,1.25
2023,00-0038636,Kenny McIntosh,RB,1.03
2023,00-0038543,Jaxon Smith-Njigba,WR,4.7
2023,00-0038544,Quentin Johnston,WR,4.71
2023,00-0039064,Zay Flowers,WR,3.74
2023,00-0038994,Jordan Addison,WR,3.13
2023,00-0039062,Jonathan Mingo,WR,3.88
2023,00-0039146,Jayden Reed,WR,2.15
2023,00-0039067,Rashee Rice,WR,3.29
2023,00-0038976,Marvin Mims,WR,3.15
2023,00-0038977,Tank Dell,WR,2.05
2023,00-0038938,Jalin Hyatt,WR,2.51
2023,00-0038979,Cedric Tillman,WR,2.42
2023,00-0038997,Josh Downs,WR,2.02
2023,00-0038559,Michael Wilson,WR,2.32
2023,00-0038563,Tre Tucker,WR,1.85
2023,00-0038573,Derius Davis,WR,1.28
2023,00-0038576,Charlie Jones,WR,0.63
2023,00-0038941,Tyler Scott,WR,1.75
2023,00-0038590,Justin Shorter,WR,1.28
2023,00-0038393,Dontayvion Wicks,WR,1.48
2023,00-0039075,Puka Nacua,WR,1.01
2023,00-0038606,Parker Washington,WR,1.45
2023,00-0038608,Kayshon Boutte,WR,0.73
2023,00-0039052,Trey Palmer,WR,1.24
2023,00-0038612,A.T. Perry,WR,0.43
2023,00-0039041,Elijah Higgins,WR,1.28
2023,00-0038618,Xavier Hutchinson,WR,1.17
2023,00-0038619,Andrei Iosivas,WR,0.46
2023,00-0038621,DeMario Douglas,WR,1.11
2023,00-0038627,Antoine Green,WR,0.14
2023,00-0038632,Colton Dowell,WR,0.29
2023,00-0038640,Jalen Brooks,WR,-0.01
2023,00-0038647,Ronnie Bell,WR,0.72
2023,00-0038507,Grant Dubose,WR,0.51
2023,00-0038933,Dalton Kincaid,TE,2.94
2023,00-0039065,Sam LaPorta,TE,3.15
2023,00-0039066,Michael Mayer,TE,2.75
2023,00-0039144,Luke Musgrave,TE,2.15
2023,00-0038547,Luke Schoonmaker,TE,1.78
2023,00-0038935,Brenton Strange,TE,2.05
2023,00-0038996,Tucker Kraft,TE,1.74
2023,00-0038558,Darnell Washington,TE,1.11
2023,00-0038564,Cameron Latu,TE,1.44
2023,00-0038589,Josh Whyle,TE,0.89
2023,00-0038394,Will Mallory,TE,0.85
2023,00-0039050,Payne Durham,TE,0.36
2023,00-0039074,Davis Allen,TE,0.84
2023,00-0038406,Zack Kuntz,TE,-0.11
2023,00-0038643,Brayden Willis,TE,0.47
2024,00-0039918,Caleb Williams,QB,9.99
2024,00-0039910,Jayden Daniels,QB,8.57
2024,00-0039851,Drake Maye,QB,9.74
2024,00-0039917,Michael Penix,QB,6.13
2024,00-0039923,J.J. McCarthy,QB,7.03
2024,00-0039732,Bo Nix,QB,5.63
2024,00-0039376,Spencer Rattler,QB,1.42
2024,00-0039797,Jordan Travis,QB,2.89
2024,00-0039398,Joe Milton,QB,3.84
2024,00-0039801,Devin Leary,QB,-1.27
2024,00-0039238,Michael Pratt,QB,1.41
2024,00-0039344,Jonathon Brooks,RB,5.68
2024,00-0039921,Trey Benson,RB,4.09
2024,00-0039738,Blake Corum,RB,4.45
2024,00-0039811,MarShawn Lloyd,RB,4.43
2024,00-0039874,Jaylen Wright,RB,2.19
2024,00-0039361,Bucky Irving,RB,2.06
2024,00-0039746,Will Shipley,RB,1.63
2024,00-0039875,Ray Davis,RB,2.82
2024,00-0039363,Isaac Guerendo,RB,1.73
2024,00-0039794,Braelon Allen,RB,1.18
2024,00-0039373,Audric Estime,RB,3.36
2024,00-0039796,Rasheen Ali,RB,1.09
2024,00-0039384,Tyrone Tracy Jr.,RB,3.71
2024,00-0039385,Keilan Robinson,RB,1.97
2024,00-0039798,Isaiah Davis,RB,1.14
2024,00-0039391,Kimani Vidal,RB,3.73
2024,00-0039393,Jase McClellan,RB,1.02
2024,00-0039405,Jawhar Jordan,RB,1.8
2024,00-0039407,Dylan Laube,RB,2.26
2024,00-0039849,Marvin Harrison Jr.,WR,6.53
2024,00-0039337,Malik Nabers,WR,6.38
2024,00-0039919,Rome Odunze,WR,6.01
2024,00-0039893,Brian Thomas,WR,4.18
2024,00-0039894,Xavier Worthy,WR,4.03
2024,00-0039916,Ricky Pearsall,WR,4.23
2024,00-0039342,Xavier Legette,WR,3.98
2024,00-0039901,Keon Coleman,WR,4.17
2024,00-0039915,Ladd McConkey,WR,3.35
2024,00-0039907,Ja'Lynn Polk,WR,3.9
2024,00-0039890,Adonai Mitchell,WR,3.04
2024,00-0039920,Malachi Corley,WR,2.99
2024,00-0039810,Jermaine Burton,WR,2.38
2024,00-0039739,Roman Wilson,WR,2.02
2024,00-0039855,Jalen McMillan,WR,2.38
2024,00-0039355,Luke McCaffrey,WR,2.26
2024,00-0039868,Troy Franklin,WR,2.49
2024,00-0039853,Javon Baker,WR,2.57
2024,00-0039792,Devontez Walker,WR,1.67
2024,00-0039365,Jacob Cowing,WR,1.23
2024,00-0039816,Anthony Gould,WR,1.51
2024,00-0039747,Ainias Smith,WR,1.46
2024,00-0039379,Jamari Thrash,WR,0.91
2024,00-0039386,Bub Means,WR,1.73
2024,00-0039392,Jha'Quan Jackson,WR,0.42
2024,00-0039880,Malik Washington,WR,1.85
2024,00-0039236,Johnny Wilson,WR,1.34
2024,00-0039394,Casey Washington,WR,1.21
2024,00-0039397,Tejhaun Palmer,WR,0.76
2024,00-0039751,Jordan Whittington,WR,0.93
2024,00-0039410,Ryan Flournoy,WR,0.76
2024,00-0039415,Brenden Rice,WR,1.14
2024,00-0039424,Devaughn Vele,WR,0.09
2024,00-0039884,Tahj Washington,WR,0.62
2024,00-0039437,Cornelius Johnson,WR,0.7
2024,00-0039338,Brock Bowers,TE,4.08
2024,00-0039912,Ben Sinnott,TE,2.56
2024,00-0039737,Tip Reiman,TE,1.55
2024,00-0039356,Ja'Tavion Sanders,TE,1.81
2024,00-0039847,Theo Johnson,TE,1.16
2024,00-0039814,Erick All,TE,1.21
2024,00-0039793,AJ Barner,TE,1.23
2024,00-0039359,Cade Stover,TE,1.14
2024,00-0039824,Jared Wiley,TE,0.56
2024,00-0039399,Tanner McLachlan,TE,0.35
2024,00-0039420,Jaheim Bell,TE,0.82
2024,00-0039754,Devin Culp,TE,1.05
2025,00-0040676,Cam Ward,QB,10.99
2025,00-0040691,Jaxson Dart,QB,6.18
2025,00-0040743,Tyler Shough,QB,4.15
2025,00-0040673,Jalen Milroe,QB,3.2
2025,00-0040704,Dillon Gabriel,QB,3.22
2025,00-0040668,Shedeur Sanders,QB,2.45
2025,00-0040014,Kyle McCord,QB,1.53
2025,00-0040203,Will Howard,QB,1.34
2025,00-0040206,Riley Leonard,QB,1.56
2025,00-0040211,Graham Mertz,QB,2.02
2025,00-0040220,Tommy Mellott,QB,2.12
2025,00-0040222,Cam Miller,QB,0.66
2025,00-0040589,Kurtis Rourke,QB,1.58
2025,00-0040234,Quinn Ewers,QB,0.96
2025,00-0040122,Ashton Jeanty,RB,11.61
2025,00-0040666,Omarion Hampton,RB,7.32
2025,00-0040784,Quinshon Judkins,RB,6.97
2025,00-0040734,TreVeyon Henderson,RB,6.53
2025,00-0040730,RJ Harvey,RB,5.4
2025,00-0040142,Kaleb Johnson,RB,4.0
2025,00-0040719,Bhayshul Tuten,RB,4.13
2025,00-0040715,Cam Skattebo,RB,4.43
2025,00-0040644,Trevor Etienne,RB,3.2
2025,00-0040583,Woody Marks,RB,3.1
2025,00-0040692,Jarquez Hunter,RB,3.04
2025,00-0040162,Dylan Sampson,RB,3.94
2025,00-0040177,Jordan James,RB,1.89
2025,00-0040586,Jaydon Blue,RB,2.92
2025,00-0040179,DJ Giddens,RB,1.86
2025,00-0040198,Ollie Gordon,RB,1.62
2025,00-0040202,Devin Neal,RB,2.03
2025,00-0040205,Kalel Mullings,RB,1.72
2025,00-0040208,Tahj Brooks,RB,2.21
2025,00-0040651,Damien Martinez,RB,0.58
2025,00-0040078,Brashard Smith,RB,1.25
2025,00-0040236,Kyle Monangai,RB,1.9
2025,00-0040238,LeQuint Allen,RB,1.4
2025,00-0040021,Phil Mafah,RB,1.61
2025,00-0040242,Jacory Croskey-Merritt,RB,1.28
2025,00-0040718,Travis Hunter,WR,8.55
2025,00-0040124,Tetairoa McMillan,WR,6.2
2025,00-0040129,Emeka Egbuka,WR,4.43
2025,00-0040667,Matthew Golden,WR,4.1
2025,00-0040130,Jayden Higgins,WR,4.32
2025,00-0040735,Luther Burden,WR,3.75
2025,00-0040727,Tre Harris,WR,3.34
2025,00-0040729,Jack Bech,WR,2.99
2025,00-0040131,Kyle Williams,WR,2.99
2025,00-0040669,Isaac TeSlaa,WR,2.75
2025,00-0040134,Pat Bryant,WR,2.9
2025,00-0040138,Jaylin Noel,WR,2.77
2025,00-0040009,Savion Williams,WR,2.08
2025,00-0040154,Tai Felton,WR,2.45
2025,00-0040705,Chimere Dike,WR,2.0
2025,00-0040581,Dont'e Thornton,WR,1.8
2025,00-0040582,Arian Smith,WR,2.07
2025,00-0040164,Jaylin Lane,WR,1.46
2025,00-0040646,Jalen Royals,WR,1.6
2025,00-0040170,Elic Ayomanor,WR,1.87
2025,00-0040172,Jordan Watkins,WR,1.33
2025,00-0040184,KeAndre Lambert-Smith,WR,1.12
2025,00-0040648,Tory Horton,WR,1.63
2025,00-0040075,LaJohntay Wester,WR,0.28
2025,00-0040218,Jimmy Horn,WR,0.87
2025,00-0040237,Tez Johnson,WR,0.3
2025,00-0040653,Ricky White,WR,0.88
2025,,Kaden Prather,WR,0.06
2025,00-0040590,Konata Mumpfield,WR,0.95
2025,00-0040241,Dominic Lovett,WR,0.26
2025,00-0040247,Junior Bergen,WR,0.53
2025,00-0040126,Colston Loveland,TE,3.63
2025,00-0040128,Tyler Warren,TE,2.99
2025,00-0040736,Mason Taylor,TE,2.6
2025,00-0040737,Terrance Ferguson,TE,2.01
2025,00-0040739,Elijah Arroyo,TE,2.22
2025,00-0040663,Harold Fannin,TE,2.25
2025,00-0040584,Gunnar Helm,TE,0.81
2025,00-0040187,Mitchell Evans,TE,0.6
2025,00-0040189,Oronde Gadsden II,TE,0.97
2025,00-0040194,Jackson Hawes,TE,0.1
2025,00-0040649,Robbie Ouzts,TE,-0.18
2025,00-0040215,Gavin Bartholomew,TE,0.61
2025,00-0040225,Thomas Fidone,TE,0.56
2025,00-0040240,Caleb Lohner,TE,0.06
2025,00-0040244,Moliki Matavao,TE,-0.18
2025,00-0040250,Luke Lachey,TE,-0.27
