season,team,elo_end,off_srs,def_srs,pf_pg
2002,NYG,1584.606881149663,-1.9796965712019903,2.95749757996275,20.0
2002,SF,1521.1125403789974,0.7198667710858103,-0.08957893027165507,22.9375
2002,BUF,1510.319145349692,1.8588008790601678,-2.2806263875729798,23.6875
2002,NYJ,1595.6936824297734,0.7776840598628527,2.000549402581135,22.4375
2002,CAR,1489.4556771766768,-5.625240340584768,2.602719689581145,16.125
2002,BAL,1465.7841681444356,-1.4316213005260994,-0.5498653930348982,19.75
2002,CHI,1378.0404138382098,-4.109616897407144,-0.9178894799444335,17.5625
2002,MIN,1458.0851764733009,2.845329291594771,-5.719806036040555,24.375
2002,CIN,1328.8881847392313,-3.3640859463034385,-6.522752361587502,17.4375
2002,SD,1458.2859469935254,-0.9646272694453812,0.10727443995633142,20.8125
2002,CLE,1531.600081159548,-0.3797699526995195,1.5777023952140046,21.5
2002,KC,1521.7466916004475,7.792852402585376,-2.239619945328147,29.1875
2002,GB,1592.5181367878793,2.2851959265078454,1.0911013228544189,24.875
2002,ATL,1550.7778406374914,3.341343539931,1.4733759682869596,25.125
2002,JAX,1455.5855661645542,-1.1837403659578585,1.1183942913238576,20.5
2002,IND,1543.1168482666621,0.4345837248120525,0.7943352750047821,21.8125
2002,MIA,1535.821631797692,1.5151907224469157,4.00592936833262,23.625
2002,DET,1343.6889419845265,-2.394938799447313,-6.2641465252726825,19.125
2002,TEN,1624.0029929697644,1.5561954464237746,0.224544281684376,22.9375
2002,PHI,1648.6322563767872,4.244805861349978,3.8055294242794226,25.9375
2002,WAS,1462.1529180713048,-2.0278191400675936,-2.006763752100441,19.1875
2002,ARI,1364.7712552151474,-5.0693483481602675,-4.21544563322814,16.375
2002,DEN,1541.1335290032498,2.7829906441168046,1.6183915993707,24.5
2002,STL,1488.807085373495,-1.4952275257422318,-1.6316717188040755,19.75
2002,OAK,1645.895302631851,5.903484185662979,3.9244055029078266,28.125
2002,SEA,1508.4896848625933,0.006585831179484094,-1.1533877736470661,22.1875
2002,TB,1631.6316283043489,-0.8381640525796878,9.184064454207643,21.625
2002,NO,1519.7006609625107,5.412789122212496,-3.084137725449645,27.0
2002,HOU,1362.3645833652083,-7.817179166579321,-0.9645166058285238,13.3125
2002,DAL,1393.8380354897315,-7.638086890892616,-0.15368308663587318,13.5625
2002,NE,1527.9764812559263,1.9514737376772993,1.6277327455539514,23.8125
2002,PIT,1575.4760310457748,2.889990421085622,-0.3196563863553042,24.375
2003,NYG,1352.0431581619348,-4.543213453925748,-3.4787613377084803,15.1875
2003,SF,1503.8915417711141,2.8231265328003285,0.07086341258280497,24.0
2003,BUF,1473.1062765751044,-4.705827076972809,3.7095235524959134,15.1875
2003,NYJ,1502.4136023478886,-1.8255449236256376,1.2570756907601228,17.6875
2003,CAR,1533.38376926523,-1.3571032927179951,0.6426888457958131,20.3125
2003,BAL,1574.0785940933815,3.0582742815084485,2.8252785605583237,24.4375
2003,CHI,1440.6159193269768,-3.89879654793282,0.5415300098613283,17.6875
2003,MIN,1525.2040040970169,3.830599339976999,-1.055770934808039,26.0
2003,CIN,1439.4893323844624,0.9838166442025141,-3.287791444771745,21.625
2003,SD,1378.9286734855084,-0.6770284020779876,-5.831763253462901,19.5625
2003,CLE,1419.0368029531062,-4.985529798828141,2.142560453072412,15.875
2003,KC,1605.1390261369504,8.64500518868625,-0.8150086973894559,30.25
2003,GB,1635.662798658574,5.866771217634943,1.7927689669826383,27.625
2003,ATL,1455.700182110506,-1.8421802384760548,-5.0936701512442975,18.6875
2003,JAX,1436.318291540363,-3.141171003473013,0.8019781701625337,17.25
2003,IND,1611.9240769606718,7.606657844665431,-1.0583377780791108,27.9375
2003,MIA,1607.9203667081163,-0.6597480785718274,3.866009790715896,19.4375
2003,DET,1383.2362607838331,-4.002465221880133,-1.5401175479472182,16.875
2003,TEN,1668.07378603749,6.531628642701245,-0.435026105231835,27.1875
2003,PHI,1678.8161755532515,2.7564247819354,1.4947833838238507,23.375
2003,WAS,1403.5493392514943,-1.8218671016196413,-3.5076412297462727,17.9375
2003,ARI,1294.9327098949232,-5.9689169242586075,-5.918163453224246,14.0625
2003,DEN,1593.2416526949396,2.2370622544275296,2.843413375893295,23.8125
2003,STL,1590.9928316128608,5.709761672686244,-0.12153613833068237,27.9375
2003,OAK,1402.9424159184946,-3.966133517808491,-1.2973389574286958,16.875
2003,SEA,1532.1663581480002,3.390892100565896,0.4862911221281595,25.25
2003,TB,1535.720708032196,-2.644296388579822,4.244786850989793,18.8125
2003,NO,1527.0659828771727,0.13179769277741726,-0.2699184643347171,21.25
2003,HOU,1352.8205218637324,-4.1661973702950466,-1.5334554364785031,15.9375
2003,DAL,1519.9770282346506,-2.928311946764177,2.6540888874018025,18.0625
2003,NE,1714.9222268835936,1.898607085356092,4.616220158263725,21.75
2003,PIT,1466.685585636462,-2.3360939921167905,1.2544396986977886,18.75
2004,NYG,1406.2341134567068,-2.12219727710507,-1.4293866738596892,18.9375
2004,SF,1299.9306131210337,-4.736847544602291,-7.894132758204641,16.1875
2004,BUF,1605.0453807769084,4.180812770085888,3.21523528230891,24.6875
2004,NYJ,1557.646490664117,0.37454143564118025,5.571558216340825,20.8125
2004,CAR,1532.7853390586163,-0.6023904699917634,0.2005927493085903,22.1875
2004,BAL,1575.7145037839787,-0.6895017625519704,6.150203427588002,19.8125
2004,CHI,1368.1490302490197,-7.845350828956967,0.311525177484258,14.4375
2004,MIN,1476.6314599644968,2.8984997477109475,-4.252316553540132,25.3125
2004,CIN,1532.1817361204075,3.8225430553752,-1.5887321466416846,23.375
2004,SD,1619.2181606477689,5.737024079453747,2.7239724403663006,27.875
2004,CLE,1385.6168717352307,-1.6188091940265847,-1.9033875634642858,17.25
2004,KC,1555.206371590402,9.258697040135997,-4.486481295784031,30.1875
2004,GB,1600.3516737241641,4.163136452595332,-3.6416768320644994,26.5
2004,ATL,1517.9125835143082,-1.5716552609283814,-0.2585664609342131,21.25
2004,JAX,1481.8884914359276,-5.356929272300116,5.896866459296125,16.3125
2004,IND,1672.0044533087873,10.946866416015695,-0.31758822946196774,32.625
2004,MIA,1442.001425534875,-2.710422104430718,0.3598978436897379,17.1875
2004,DET,1400.6186528896492,-3.461613204352468,-1.1922183442159204,18.5
2004,TEN,1424.1009330680135,0.1797132389553985,-4.469055132012459,21.5
2004,PHI,1620.029449313234,1.9972892219479923,3.4158916803970003,24.125
2004,WAS,1441.0418153916496,-6.828741919253426,3.8182164969633026,15.0
2004,ARI,1388.433659830907,-4.624403538659834,0.27441984502288586,17.75
2004,DEN,1604.6664165968482,1.4880350911458726,3.891876363068985,23.8125
2004,STL,1500.9199492710663,-1.9849633091267236,-3.4629121728044843,19.9375
2004,OAK,1357.0695145655368,-0.6521161920394669,-3.6123774842189182,20.0
2004,SEA,1497.6976388500873,0.5213658622179277,-2.99489371035878,23.1875
2004,TB,1429.280347430217,-3.663046635291892,1.3939335674172102,18.8125
2004,NO,1512.2411081858902,-1.0188683161909717,-3.987529139122895,21.75
2004,HOU,1468.0668243002342,-2.3011223341402363,1.5665497172146818,19.3125
2004,DAL,1415.0388449397826,-2.7691018689013025,-4.429835760376883,18.3125
2004,NE,1758.1260385134624,5.910866410975444,5.9655000845860995,27.3125
2004,PIT,1714.1501081666738,3.078690210593563,5.164850906012569,23.25
2005,NYG,1574.0718371359292,5.361052817126989,1.521385006487313,26.375
2005,SF,1307.9479301394647,-5.3173879107685815,-5.204098514742609,14.9375
2005,BUF,1460.6549083731568,-3.7737860705723127,-1.7661779214040605,16.9375
2005,NYJ,1420.247909666056,-4.909194727962396,-1.1763980418408997,15.0
2005,CAR,1609.0190406206834,2.887880917410464,2.1601446724107896,24.4375
2005,BAL,1483.174366451077,-3.3094703989070684,1.6285390151893049,16.5625
2005,CHI,1542.537704072747,-4.798130460322548,6.353721755851919,16.25
2005,MIN,1522.1085134916364,-1.2670448276889261,-1.8518441952248692,19.125
2005,CIN,1571.8879149504432,6.088247878687371,-2.401495346733601,26.3125
2005,SD,1623.0742671921205,6.4625136083710615,2.55403399950782,26.125
2005,CLE,1410.7012964373664,-5.578178367924634,1.662395148735838,14.5
2005,KC,1624.1692344673977,4.725952749209583,1.5833856592000346,25.1875
2005,GB,1455.8283580395885,-1.3770120534456256,-1.9434102143450693,18.625
2005,ATL,1484.7094533813802,1.1149145648775478,-2.0568639123996504,21.9375
2005,JAX,1608.2661240849682,1.0454240966254684,3.505722039659983,22.5625
2005,IND,1720.1411325557688,5.349512371611575,4.893068233198127,27.4375
2005,MIA,1515.4243337432304,-1.0041606495537034,0.29273860067035584,19.875
2005,DET,1360.1790944024717,-4.032115876351306,-2.0878051383065532,15.875
2005,TEN,1363.9091146602302,-1.9004768548482378,-5.20428147591629,18.6875
2005,PHI,1430.6424917353856,-0.7079273255373648,-1.7189375192841325,19.375
2005,WAS,1575.5172226278935,2.3264005756636004,3.095179220529206,22.4375
2005,ARI,1379.542815711837,-1.8394396464426068,-2.8362558311104524,19.4375
2005,DEN,1712.5638634684103,4.576509004100203,5.292463784377233,24.6875
2005,STL,1410.8196079437691,1.215509944729895,-6.01298044808275,22.6875
2005,OAK,1352.4944508980154,-1.2903867420525101,-1.6769960643395796,18.125
2005,SEA,1643.8587079295562,5.507933310837471,3.1747672015844057,28.25
2005,TB,1549.334820366907,-2.5553266490169166,1.8578119174464554,18.75
2005,NO,1327.286237261356,-5.771609437435928,-4.495122454682958,14.6875
2005,HOU,1321.3860188501758,-4.10773481876255,-5.341856181912051,16.25
2005,DAL,1479.9046784971188,-0.1254757214139343,2.866530676091187,20.3125
2005,NE,1637.8377558986292,3.397862507887411,-0.49377519513136825,23.6875
2005,PIT,1680.7587949452306,3.6051441918685128,3.8264115245169212,24.3125
2006,NYG,1506.5916488009757,1.133829972997594,-1.0986171637909736,22.1875
2006,SF,1409.1800899377108,-3.1091172643768883,-4.849625403344108,18.625
2006,BUF,1524.4401165019967,-0.310189029890705,2.1347727708831163,18.75
2006,NYJ,1531.9304272216305,0.21016615671835082,1.5561837644303362,19.75
2006,CAR,1509.605547643745,-3.8836321399282445,1.4157690776379364,16.875
2006,BAL,1683.7632687312287,1.4037859528149266,7.353423470029172,22.0625
2006,CHI,1608.2674495101262,4.688265175003127,2.97006961026664,26.6875
2006,MIN,1404.2515710999394,-3.3740058872679337,-0.32900386527742304,17.625
2006,CIN,1559.9083752438173,3.716245835553448,0.013394664984883904,23.3125
2006,SD,1737.435686347098,9.383081760082195,0.32656222510358396,30.75
2006,CLE,1343.9425331632635,-4.318426818933449,-1.2933745204220732,14.875
2006,KC,1574.0087956182526,0.3689831651786496,0.6017547312558396,20.6875
2006,GB,1496.0115025073885,-2.06677400666144,-1.9819529801460412,18.8125
2006,ATL,1420.1010228074147,-2.611059305126305,-0.17259323084821226,18.25
2006,JAX,1570.8129874114406,2.3975041912228954,4.4311136993145,23.1875
2006,IND,1657.0191748305292,6.399944681589081,-1.103097394029719,26.6875
2006,MIA,1483.3557906246594,-3.236028515482513,3.6725833607060903,16.25
2006,DET,1332.9319760358442,-1.6147933763526372,-4.246111113034824,19.0625
2006,TEN,1494.0121215276804,0.8215892908497918,-2.3417846098067203,20.25
2006,PHI,1570.1847223959685,3.033967193877849,0.1788956227001417,24.875
2006,WAS,1422.921081820406,-1.944249841924326,-1.9006788791653821,19.1875
2006,ARI,1407.4419416416188,-2.3273120726645766,-3.9172923081627147,19.625
2006,DEN,1588.9792847170672,-0.7149846729687558,1.9760071042698264,19.9375
2006,STL,1467.1018871832391,0.8889140129113545,-4.291413130580754,22.9375
2006,OAK,1276.4670942367436,-9.690008204648633,0.6622203750032205,10.5
2006,SEA,1517.148924474897,-1.3821482581509166,-1.6590063217033535,20.9375
2006,TB,1377.624351649754,-6.7529207460589555,-0.7295376280402884,13.1875
2006,NO,1527.7306135187819,4.6524796327160365,-0.746761683654436,25.8125
2006,HOU,1402.6010065507194,-3.138757276927118,-1.3344087039787988,16.6875
2006,DAL,1493.1509295716828,4.7107791332284865,-1.2399183806339886,26.5625
2006,NE,1675.5631025568446,3.955885659094201,5.527845951572392,24.0625
2006,PIT,1585.5149741175376,2.7089856035254134,0.414580888462129,22.0625
2007,NYG,1540.5585900040894,2.5038641753892787,0.30105364500841836,23.3125
2007,SF,1354.4289260369394,-9.099804352629768,-1.7426583102663367,13.6875
2007,BUF,1463.7774434361816,-5.316850910465127,1.2396615020063664,15.75
2007,NYJ,1415.089523768127,-3.863527556832175,0.19766057207973717,16.75
2007,CAR,1458.6739109018977,-5.249150588770996,-0.005639684595129432,16.6875
2007,BAL,1442.2784599432073,-4.60027060120747,-1.6192130455207616,17.1875
2007,CHI,1521.5417380348654,-0.2974568549262305,1.1927208616453449,20.875
2007,MIN,1510.5591666435505,1.2154702592392728,2.1738229381034633,22.8125
2007,CIN,1508.7682100128409,1.5592617137428004,-3.5721995842658107,23.75
2007,SD,1667.384590055257,4.0091322422511,4.098083211713582,25.75
2007,CLE,1521.751566465043,2.206300124248703,-2.962566905283288,25.125
2007,KC,1362.809631010657,-6.979089443184208,1.6537529289932067,14.125
2007,GB,1616.2868627640983,5.2412655166134785,3.0693014533962155,27.1875
2007,ATL,1337.9019521850728,-5.318092173502055,-4.451956834937042,16.1875
2007,JAX,1625.0506567986336,4.480648368148706,1.9537352736652764,25.6875
2007,IND,1709.7369582558579,6.228343397577479,5.072471027075957,28.125
2007,MIA,1299.068431128079,-3.9919277428175,-4.101478678762296,16.6875
2007,DET,1409.8181040062066,1.1787903241073254,-4.80011189898927,21.625
2007,TEN,1548.0159971089574,-2.6651414457525635,3.322877586460841,18.8125
2007,PHI,1568.9785292251859,0.01549846473254763,4.611179638725742,21.0
2007,WAS,1575.3490908388435,0.053149152538033755,3.8464170535297213,20.875
2007,ARI,1465.2580927505414,1.993841526774626,-5.2529339994893895,25.25
2007,DEN,1472.850767618915,-0.317510155598727,-3.5995999101181453,20.0
2007,STL,1344.509970409178,-5.894020662635551,-5.959499054661261,16.4375
2007,OAK,1342.8676120879788,-3.3606995771163213,-2.4473142185135743,17.6875
2007,SEA,1549.5240786786908,0.9935149183984815,1.1286398446231571,24.5625
2007,TB,1482.292425383285,-2.0419901537467826,3.486890282857435,20.875
2007,NO,1474.0844404738634,1.8839990273507567,-4.005220083556332,23.6875
2007,HOU,1531.1470729089565,2.3743010518942684,-2.357136929466989,23.6875
2007,DAL,1628.4661998811398,7.2033436432898,1.4702163708274882,28.4375
2007,NE,1825.4425451563359,14.826062935235102,3.9331032511756687,36.8125
2007,PIT,1585.7284560275273,1.028745377653709,4.125941696538008,24.5625
2008,NYG,1647.8271860269517,5.152905807188183,2.6971381976545867,26.6875
2008,SF,1429.579636115131,-2.586379980933251,-2.1415450008616985,21.1875
2008,BUF,1425.9920897935538,-2.4391046029458,-0.38572931786335396,21.0
2008,NYJ,1473.4582256343924,2.168477701230932,-1.6439087029777226,25.3125
2008,CAR,1587.7577659114722,2.6614884755231705,2.6270045931556543,25.875
2008,BAL,1645.01453917493,3.797161443765797,5.248911849985512,24.0625
2008,CHI,1535.2363667373218,0.9683048709652229,0.8875826195971896,23.4375
2008,MIN,1584.445910406128,1.0447176223005739,2.6004961250803578,23.6875
2008,CIN,1423.8732664287961,-6.649815727669578,-0.19354043457203243,12.75
2008,SD,1592.224020836208,4.723872137039961,0.06464550287087173,27.4375
2008,CLE,1383.082546006515,-5.066382030303992,0.430013926443625,14.5
2008,KC,1288.1616747993294,-3.65576246983923,-4.948171607779059,18.1875
2008,GB,1502.5504516340334,3.7961142133256476,-1.1935069822354412,26.1875
2008,ATL,1559.3803172083324,1.3043739698018548,2.3000559999531904,24.4375
2008,JAX,1441.522330298821,-2.0692783278563667,-0.5137746700573165,18.875
2008,IND,1693.532555497827,2.3428855660412724,3.5427331152430446,23.5625
2008,MIA,1545.3536110476794,-2.0324726384190988,1.8224109422892896,21.5625
2008,DET,1244.9680046571063,-3.901720872125536,-8.650618085786174,16.75
2008,TEN,1656.3588508109387,1.3402704309183968,6.922320091734045,23.4375
2008,PHI,1620.252813644509,4.3500615925792605,3.0013829724875976,26.0
2008,WAS,1495.2315734610452,-5.470108742761353,3.7591915210082205,16.5625
2008,ARI,1494.5314034781225,3.9524240427004917,-5.4878088505311196,26.6875
2008,DEN,1424.474758821991,0.7191113663349151,-6.040869415647144,23.125
2008,STL,1267.6794813383824,-7.517086838575093,-6.516897409031437,14.5
2008,OAK,1390.904255128445,-6.039168949840136,-0.9309747695295856,16.4375
2008,SEA,1411.2386914199476,-4.441697006528913,-2.5247654955373027,18.375
2008,TB,1480.5814377376366,-0.5064131790657915,2.647036573559152,22.5625
2008,NO,1522.6672001459258,6.416804367061973,-2.589021898412634,28.9375
2008,HOU,1507.210522483799,2.418826549722195,-3.0036486763399934,22.875
2008,DAL,1554.5981510347194,1.551767214099123,-1.0801693245445805,22.625
2008,NE,1659.288503879089,2.341094764250472,1.6285575304792232,25.625
2008,PIT,1671.021858400924,1.3247292320147004,7.665469080165034,21.6875
2009,NYG,1499.5255834866302,4.250246685500926,-4.3334002020909725,25.125
2009,SF,1495.3293172353035,-2.570906247107117,2.9382908404978987,20.625
2009,BUF,1467.1673209790779,-4.3763456338521936,2.371190142628591,16.125
2009,NYJ,1606.9858287991715,0.9282121406746189,6.893847464666719,21.75
2009,CAR,1604.7716481696675,-0.7302380068157762,4.0477519342368256,19.6875
2009,BAL,1591.5819751612999,2.487270167844101,4.668859907790618,24.4375
2009,CHI,1460.2378774964411,-1.640584511589527,-1.8089662816145196,20.4375
2009,MIN,1602.509738745944,6.325874622671466,0.7131489612437554,29.375
2009,CIN,1516.4357939530114,-2.3390013934119804,3.066117758299239,19.0625
2009,SD,1684.9760917291858,6.079084340220936,0.24205719454289376,28.375
2009,CLE,1402.5936117315396,-5.631760440350594,-2.157561348971196,15.3125
2009,KC,1348.077135554332,-2.3800453845434673,-5.546785954052572,18.375
2009,GB,1623.778807587643,6.052662179799579,1.1811129889601069,28.8125
2009,ATL,1561.0949782795271,2.367077680592789,2.0458217694583634,22.6875
2009,JAX,1409.225712768563,-3.567371417070737,-2.462953950715931,18.125
2009,IND,1652.8256641456,4.181503031494113,1.4804906335955275,26.0
2009,MIA,1478.6391504886362,2.568652608359668,-1.3233289605592373,22.5
2009,DET,1214.5832278179932,-4.780384237147767,-8.585870079570947,16.375
2009,TEN,1554.8865283085318,0.816223316369197,-3.3855432293423613,22.125
2009,PHI,1631.270281990251,5.344053600979668,0.1944941945340716,26.8125
2009,WAS,1396.8077001376907,-5.2046915651029595,0.8240295714378687,16.625
2009,ARI,1535.888892584004,0.30081604504861403,-0.23433075874908715,23.4375
2009,DEN,1448.4175513782739,-0.9627691623136833,1.2445475834109927,20.375
2009,STL,1222.6594353478886,-10.826495446349568,-5.35440243114274,10.9375
2009,OAK,1323.3897521600477,-8.178514407780291,-1.5476682502909078,12.3125
2009,SEA,1348.442601626052,-4.540817450454851,-3.9347877836643144,17.5
2009,TB,1393.6524511080845,-4.476633407081144,-1.2241336621069763,15.25
2009,NO,1644.189732534079,10.428858830299639,-0.5141165378483643,31.875
2009,HOU,1567.9037564759935,2.516133725877129,-0.5613492602567505,24.25
2009,DAL,1650.2657207030675,0.40560567120046936,6.229801920863469,22.5625
2009,NE,1643.1602561935933,6.162002498923183,4.104108411150577,26.6875
2009,PIT,1578.7258753228784,0.9922815651155603,0.7295274136593601,23.0
2010,NYG,1560.2149497950122,1.6051100462419292,0.3793341301527112,24.625
2010,SF,1442.083423835654,-4.18468475286772,-0.8620720678829116,19.0625
2010,BUF,1409.480046737136,-1.7318535799127046,-3.0896833283115086,17.6875
2010,NYJ,1620.799670173428,1.904302420949178,3.7811634719470586,22.9375
2010,CAR,1334.0135019569188,-8.525553969251812,-3.772177882659612,12.25
2010,BAL,1657.2040925026572,0.8010176130473279,5.078409117772593,22.3125
2010,CHI,1589.4279608194327,-0.6466692767717452,4.26820082399989,20.875
2010,MIN,1472.837097912842,-3.2463698857602807,1.4301895061124141,17.5625
2010,CIN,1428.6532949142213,0.22950965763844416,-1.852073196610652,20.125
2010,SD,1579.0046986279276,3.220698993073301,1.6428591893703262,27.5625
2010,CLE,1414.4633281647766,-3.3684717211478885,1.7408956508473628,16.9375
2010,KC,1483.697170302225,-1.223012094600634,0.9336880715304768,22.875
2010,GB,1652.1558630758464,2.772990732981144,7.249248465728648,24.25
2010,ATL,1658.9751520817247,3.6768706443183166,2.253172824424843,25.875
2010,JAX,1459.6012042238283,-1.0660416893060924,-3.1301618319748306,22.0625
2010,IND,1608.146613860669,3.6057395738064404,-0.8595872053630482,27.1875
2010,MIA,1468.6006686183819,-2.8736605861159945,2.6819334965560926,17.0625
2010,DET,1425.949085459709,2.1068230513335853,-0.6114893516655149,22.625
2010,TEN,1456.8279779997565,-0.8105091929067234,1.8080252647262034,22.25
2010,PHI,1598.2138778064848,5.021261284064991,-1.1097936667150197,27.4375
2010,WAS,1403.5589689840867,-3.171222187056248,-0.49684727358287106,18.875
2010,ARI,1332.7344872794847,-5.006397405540125,-6.452713830660901,18.0625
2010,DEN,1329.462965655439,-0.9636056599620011,-7.167086489306006,21.5
2010,STL,1372.0093194308208,-5.635544934997252,-0.1536562319128955,18.0625
2010,OAK,1507.2028623656413,2.3553274193425944,-1.8719844808913013,25.625
2010,SEA,1389.3006707672348,-3.4993900681922296,-4.9330368100550865,19.375
2010,TB,1530.1043090073185,-0.837147432548059,0.4984307656580148,21.3125
2010,NO,1603.403469983838,1.5358597460318746,0.8765661493661573,24.0
2010,HOU,1467.392979818898,1.7512594821746457,-3.4730416559692032,24.375
2010,DAL,1515.922071259091,2.3562866302358505,-4.441133328085645,24.625
2010,NE,1751.9540645745246,11.613496219926258,2.464716245283115,32.375
2010,PIT,1636.604152004994,2.233580921771628,7.189705458171101,23.4375
2011,NYG,1537.167449141628,2.831157931248791,-1.4805175155928894,24.625
2011,SF,1631.2915977881798,1.6082262884759864,6.228415226184106,23.75
2011,BUF,1412.2164992357173,1.0818210394970393,-4.273762568899866,23.25
2011,NYJ,1511.9328686463884,1.1208779578109236,-0.2663798587307832,23.5625
2011,CAR,1458.428709105518,2.432618092461274,-3.663136456106572,25.375
2011,BAL,1644.7439063103457,2.4477552264569375,3.3733572695781584,23.625
2011,CHI,1508.2910974030292,-1.322943768390667,2.8181434431569015,22.0625
2011,MIN,1376.8071472797226,-1.4785840001918893,-3.9818406800470356,21.25
2011,CIN,1512.7005077037122,0.6284014120566828,-0.11688643924139702,21.5
2011,SD,1557.9070644284122,2.5501807220712855,-1.6633156091999828,25.375
2011,CLE,1364.434680676641,-6.75990646170011,1.7156201666398194,13.625
2011,KC,1471.3840275768785,-9.512160651725196,1.9195918857818166,13.25
2011,GB,1736.0253919507193,10.821210735516157,-0.10044715097548991,35.0
2011,ATL,1604.739627050281,1.7777320084730233,1.5263213513078864,25.125
2011,JAX,1402.8213619519997,-6.593977305031955,1.351763034953908,15.1875
2011,IND,1363.5065853237415,-5.629675146921747,-4.956634656106319,15.1875
2011,MIA,1500.1158120485688,-2.079303491286934,2.975670969697754,20.5625
2011,DET,1545.7442957874655,6.467246639756398,-0.8016208998272575,29.625
2011,TEN,1489.886600442993,-1.9782434001339637,1.1632737120992616,20.3125
2011,PHI,1594.9033543029868,2.807304179221666,1.55837383041919,24.75
2011,WAS,1378.4448830315973,-4.079780047181445,0.10386878953644468,18.0
2011,ARI,1447.2260794300605,-1.6343847640421856,-0.4896106076312014,19.5
2011,DEN,1426.0981722129325,-3.3836130383478613,-1.565435161474331,19.3125
2011,STL,1276.2608534860226,-7.96204327684002,-2.0459267373219454,12.0625
2011,OAK,1467.1526791210508,0.15350804490325212,-4.751089342174949,22.4375
2011,SEA,1487.8872790535315,-0.6104584323759171,1.3017365385147068,20.0625
2011,TB,1320.8258130762667,-3.821551267590441,-6.282916675886794,17.9375
2011,NO,1698.8443108902188,10.020132126414936,0.7726430378772524,34.1875
2011,HOU,1555.5988256253954,1.3281855682145094,3.0905171600857457,23.8125
2011,DAL,1474.5510630544998,0.6330064439332178,0.8254033952815787,23.0625
2011,NE,1752.0515909738963,8.869062899803914,-0.07294604795950939,32.0625
2011,PIT,1650.0098658896027,-0.7318022645556632,5.787766596061792,20.3125
2012,NYG,1575.6497349759957,3.7951574995600685,2.010467834857838,26.8125
2012,SF,1660.8881858152263,3.1569999444452015,6.167499498320496,24.8125
2012,BUF,1417.4719554150279,-0.8624332539353646,-5.3449739931003695,21.5
2012,NYJ,1395.5416898506382,-4.7546751709450845,-0.7983018829607628,17.5625
2012,CAR,1523.653301525113,-0.44193160149457267,1.1386617031782387,22.3125
2012,BAL,1589.2159190256577,1.860313602487069,1.0178346682308592,24.875
2012,CHI,1546.5428949588538,0.8429475321023062,5.535563946099572,23.4375
2012,MIN,1562.2746659523893,1.4087852032031356,1.5644483743648054,23.6875
2012,CIN,1594.777371174279,1.2134521048515774,0.9809279217265908,24.4375
2012,SD,1484.8347014278286,-1.760145688748908,-0.2059691046104661,21.875
2012,CLE,1381.880708641361,-4.188918073989189,-0.6139007789844605,18.875
2012,KC,1280.7864234179226,-9.572511444767912,-3.426479657009564,13.1875
2012,GB,1665.1693096746683,4.485839830722159,2.1688031527133926,27.0625
2012,ATL,1647.4223961027574,1.9347113633836859,4.165380082837788,26.1875
2012,JAX,1273.82712708215,-7.483951162598245,-4.604133714341117,15.9375
2012,IND,1532.158962371337,-1.6844705606408636,-2.5612141983565904,22.3125
2012,MIA,1473.1689730891721,-5.146124382208537,2.7278959645993135,18.0
2012,DET,1400.6754026662468,1.8572230398762657,-4.225726156986194,23.25
2012,TEN,1435.9238011871112,-2.418817740808478,-6.856647351374883,20.625
2012,PHI,1347.8072088240278,-4.9834496518025,-3.457128758435353,17.5
2012,WAS,1552.532468604299,4.302139887657007,-1.1277986458235025,27.25
2012,ARI,1380.0547612294158,-4.720739653418237,1.3905140482700258,15.625
2012,DEN,1677.1329583519525,6.069702687848695,3.664904913012775,30.0625
2012,STL,1436.5197016101383,-2.102510823424699,2.114021912954365,18.6875
2012,OAK,1350.3119512976073,-4.30347459926048,-5.69831762296518,18.125
2012,SEA,1635.478833866577,4.086037470386753,7.172856782934746,25.75
2012,TB,1449.7416263848575,1.185213183544949,-1.207044190515271,24.3125
2012,NO,1548.4427201537828,6.120336058605906,-4.8266724466760325,28.8125
2012,HOU,1589.4583896904358,1.8099510136568708,1.5977624287314938,26.0
2012,DAL,1475.7646970814444,1.3065740499859075,-1.150513804761574,23.5
2012,NE,1740.8084735927011,11.481111127379911,0.5964587743385918,34.8125
2012,PIT,1534.0826849590287,-2.492341791654394,2.0908202997304253,21.0
2013,NYG,1487.0146129383882,-5.7741978226813,0.7956015995030326,18.375
2013,SF,1697.4166291424524,3.145549319195334,6.095909943935755,25.375
2013,BUF,1433.0147378820432,-1.2552225564614508,-1.76789673910367,21.1875
2013,NYJ,1446.6096542566434,-4.479947264158296,-1.2565731813404801,18.125
2013,CAR,1638.700524851078,0.42555318883441695,7.993609691628773,22.875
2013,BAL,1519.7977075646188,-4.503990971954863,1.4188985617850594,20.0
2013,CHI,1486.4916017180255,2.934393979866622,-6.5518467025825,27.8125
2013,MIN,1456.4935677819954,0.3306084980625647,-6.332404431747042,24.4375
2013,CIN,1633.9404984264752,2.3179303471800794,3.0043191267721854,26.875
2013,SD,1558.0470315839532,0.5391326125067204,2.028637079101981,24.75
2013,CLE,1333.057571505741,-4.433250773041289,-2.560436654082669,19.25
2013,KC,1507.151380751438,1.7489308637910397,4.106911951804097,26.875
2013,GB,1512.6124939064857,0.683420392050929,-3.321070667472101,26.0625
2013,ATL,1439.5184069421655,0.879965237054514,-3.7908922873004522,22.0625
2013,JAX,1289.6539354833915,-6.758790867621634,-3.8645589507746267,15.4375
2013,IND,1570.608032490789,1.554217898637907,2.1133065274004528,24.4375
2013,MIA,1472.5206339786228,-2.756673015187451,1.9442274628038172,19.8125
2013,DET,1458.3188971179668,-0.8913581833468417,-0.3504495445289922,24.6875
2013,TEN,1447.7903482760096,-0.24428287819104286,-0.6037462856275946,22.625
2013,PHI,1551.3690980562283,2.316116197663681,-0.37682947819120055,27.625
2013,WAS,1351.8868022235454,-3.554719262026268,-5.059731302888693,20.875
2013,ARI,1575.1809642856565,2.3263134467086886,3.386176333892546,23.6875
2013,DEN,1688.4946895579374,13.29025929799873,-2.4606585581812754,37.875
2013,STL,1514.368475892148,0.19633011734455383,1.526479580697337,21.75
2013,OAK,1305.156989682744,-3.522526059059072,-3.9515736286629077,20.125
2013,SEA,1699.111840713043,3.70166358676471,8.290938238654451,26.0625
2013,TB,1403.002665015597,-2.949796951221605,0.08884778686686903,18.0
2013,NO,1609.8396430494652,3.4079390176598743,4.583536998583945,25.875
2013,HOU,1321.0286032901813,-4.792901029905169,-2.5409013905845614,17.25
2013,DAL,1497.685050729022,2.6155525714034593,-3.1045424257183916,27.4375
2013,NE,1697.10979636329,4.249475841116203,1.3202104065886195,27.75
2013,PIT,1557.0071145428637,-0.7456947789837473,-0.8034990612317598,23.6875
2014,NYG,1465.2848943126635,0.7995337862172215,-2.3209576667742295,23.75
2014,SF,1531.0710041598577,-2.896964211828765,1.8496132140133672,19.125
2014,BUF,1550.0364276880641,-0.463652686752531,4.896821169456615,21.4375
2014,NYJ,1407.568020033904,-3.8575537289507875,-1.1332789677642623,17.6875
2014,CAR,1537.2528526285291,-2.1320731001884234,-0.5871045230139641,21.1875
2014,BAL,1583.6046306854935,1.8576766890660084,2.7202118826306156,25.5625
2014,CHI,1378.9655510589298,-1.9580676079166777,-4.418730001079065,19.9375
2014,MIN,1468.071568767939,-2.6040717585647912,1.0574377939741768,20.3125
2014,CIN,1590.0162984188398,-0.38484363890323575,1.2360625953853526,22.8125
2014,SD,1521.8531260590578,0.48093317114601847,1.0073195462088647,21.75
2014,CLE,1383.11301677419,-4.415667304401825,0.9382706040949096,18.6875
2014,KC,1556.874304642648,-0.10649694259988451,5.198169975449385,22.0625
2014,GB,1648.4932157152066,7.425946726562052,0.38006563053390013,30.375
2014,ATL,1442.5224115949018,0.6047395195963335,-4.0306840600919545,23.8125
2014,JAX,1283.2751191546904,-7.254105440053581,-2.4778447562929005,15.5625
2014,IND,1587.6430489828233,4.998111074082435,-0.6672572014328992,28.625
2014,MIA,1476.2255596406521,2.6246132269003786,-0.42939255489951783,24.25
2014,DET,1566.643413879305,-2.949521355407576,4.89087205836819,20.0625
2014,TEN,1258.0607269979844,-6.515798133325223,-4.509974855296066,15.875
2014,PHI,1565.3504398073594,6.289287582472567,-2.5174783803228094,29.625
2014,WAS,1307.152869683039,-3.7725411976224676,-4.38473702467124,18.8125
2014,ARI,1576.114826477858,-2.3550460680530345,4.066946139086228,19.375
2014,DEN,1674.8496235446405,8.465249164749936,0.3038527343829193,30.125
2014,STL,1460.8270924179385,-1.2604543852260583,0.3365001145225616,20.25
2014,OAK,1326.6160744883175,-4.270490637243734,-4.5296246241718405,15.8125
2014,SEA,1746.708819127562,2.222427026447923,6.624811390449935,24.625
2014,TB,1314.0554273643343,-5.969109129174917,-3.050083236766673,17.3125
2014,NO,1480.4994673189249,1.8347897583153023,-4.368356294977813,25.0625
2014,HOU,1505.5374017799961,-0.6116599598372056,2.456003438855607,23.25
2014,DAL,1639.0142194388243,5.061124414371318,0.13188484674939657,29.1875
2014,NE,1695.6961342994286,6.92471869418851,3.182930106958745,29.25
2014,PIT,1631.0024130561007,4.18896645193472,-1.8522690935655308,27.25
2015,NYG,1449.310856262835,2.575764962403533,-5.5031932960238095,26.25
2015,SF,1402.6452199239723,-5.901228508892789,0.17346717493950148,14.875
2015,BUF,1527.300430694015,0.4224843249123701,-0.01816322461603474,23.6875
2015,NYJ,1531.3291126799554,-0.22998168173320313,2.1290691096132037,24.1875
2015,CAR,1680.115543413733,5.978548448939881,2.207046417150346,31.25
2015,BAL,1455.094453416814,-0.9070477326686709,-1.3855948844321575,20.5
2015,CHI,1415.1262412420406,-0.29993430347959193,-1.3314095160995267,20.9375
2015,MIN,1605.8593366922846,0.8195952897342129,4.242117060523023,22.8125
2015,CIN,1636.8984766916315,4.284800666610069,5.305499367033609,26.1875
2015,SD,1404.797428775204,-1.6634169164978097,-1.2608046479714359,20.0
2015,CLE,1342.6199948061621,-3.305664183297504,-2.982703039435053,17.375
2015,KC,1670.5667742524413,3.2477297283949658,4.8162545157750305,25.3125
2015,GB,1607.2373016481977,1.5874379733663688,2.947516305241158,23.0
2015,ATL,1476.3696595711815,-3.520275534094627,0.47322997559396474,21.1875
2015,JAX,1328.0048218537452,-0.4063723749902307,-6.196878931666639,23.5
2015,IND,1465.8849485996177,-2.657323281668691,-3.1576337599137307,20.8125
2015,MIA,1402.4291384742571,-4.173489773228912,-1.8364600980212642,19.375
2015,DET,1509.7792641357437,0.7447430006404373,-1.4049825890534031,22.375
2015,TEN,1270.5553899847184,-5.297952002792769,-4.133104109997078,18.6875
2015,PHI,1480.852816354434,-0.3415396112477893,-3.6286426660552253,23.5625
2015,WAS,1519.0525435949223,0.06371560824891616,-1.4435986079461527,24.25
2015,ARI,1684.3343196720623,8.206375342364312,2.9754903323806148,30.5625
2015,DEN,1653.947416277967,0.05956701391646211,4.952375360874203,22.1875
2015,STL,1468.5525624305483,-3.7926879266679974,3.1613441070888793,17.5
2015,OAK,1431.8696719252953,1.0362122469084447,-1.6930005222725777,22.4375
2015,SEA,1707.2998588834491,4.803456280002524,5.415708524920791,26.4375
2015,TB,1366.2034529489072,-2.997237168951,-3.7654209503634632,21.375
2015,NO,1443.3516111804877,1.2466304185698383,-6.968008868121656,25.5
2015,HOU,1529.7621340187527,-2.870047399655967,2.62843548559824,21.1875
2015,DAL,1416.4250440262058,-6.395586493158448,0.22711437360274087,17.1875
2015,NE,1629.594828460974,5.147489144654032,1.8413815649597152,29.0625
2015,PIT,1646.8293471074471,4.535234443359635,3.213550036694189,26.4375
2016,NYG,1567.9412698675317,-3.0513385915309112,4.994364605764356,19.375
2016,SF,1280.29493484646,-3.4455549463610797,-7.010960674241227,19.3125
2016,BUF,1474.1918738503853,1.78367504163052,-1.9415027660217161,24.9375
2016,NYJ,1427.5206490821035,-5.176621627644477,-2.7554947595802712,17.1875
2016,CAR,1534.9531528431673,-0.18560663973085048,-0.8346579254253605,23.0625
2016,BAL,1484.3856182713187,-1.0138254522221066,2.446162980534868,21.4375
2016,CHI,1325.9709641123443,-4.904417285718772,-2.1681974060909623,17.4375
2016,MIN,1497.90482304237,-2.4743761194546954,3.366821135738721,20.4375
2016,CIN,1527.6840433680034,-1.4482735634504036,2.4020617773005366,20.3125
2016,SD,1401.8968473454133,2.808521768267528,-2.852522143537256,25.625
2016,CLE,1254.224923649878,-4.9456754391804525,-4.632896659515481,16.5
2016,KC,1677.5692204811503,1.069992186394293,4.1075908085261625,24.3125
2016,GB,1613.5762920206093,4.545342861254999,-1.8912879378502283,27.0
2016,ATL,1641.5866470492072,9.908606268104348,-1.9567346103503391,33.75
2016,JAX,1318.568641832986,-2.5510672943502053,-2.1484086682836447,19.875
2016,IND,1516.742970291667,2.880230406916537,-2.5143960348902077,25.6875
2016,MIA,1524.6623704127724,-0.48852582252080884,-1.6275799499317154,22.6875
2016,DET,1516.9157505620242,-1.2473152546229334,-0.04865193608109785,21.625
2016,TEN,1436.090571989013,0.692444199316088,-1.6008247764273122,23.8125
2016,PHI,1518.5629531905568,1.1307932085575447,2.3412022882057557,22.9375
2016,WAS,1511.8219248189066,3.037390017321537,-1.274372848731613,24.75
2016,ARI,1556.6426413470615,2.3058280359816545,-0.6469080086405765,26.125
2016,DEN,1568.7074644937165,-1.9179822746451842,5.589299605405241,20.8125
2016,OAK,1565.787311520519,3.2597471167064986,-0.305369193288329,26.0
2016,SEA,1610.410848732839,-2.1368011614463036,4.294173201171282,22.125
2016,TB,1506.369360990959,-1.3896212010209528,1.1486578300266153,22.125
2016,NO,1496.5954465154898,6.348529605860503,-4.948183821613797,29.3125
2016,HOU,1485.7285486514902,-4.991954580438728,2.4831022356730723,17.4375
2016,DAL,1619.523810755472,3.7757699036890378,2.7590296620702834,26.3125
2016,NE,1733.1144802811882,4.072033947946084,4.87053638162115,27.5625
2016,PIT,1635.1672922293606,2.587281387274826,1.8602411624149109,24.9375
2016,LA,1353.1846432670065,-8.83722870088313,-1.5042935539518212,14.0
2017,NYG,1375.9370991917526,-6.02486352611807,-1.1742617380226725,15.375
2017,SF,1455.1157074705523,-0.763763698050951,-1.9273267732252803,20.6875
2017,BUF,1520.5765218735203,-2.8625261395997708,-0.9244904214105962,18.875
2017,NYJ,1399.218501274623,-2.735033199103734,-1.9445087931317588,18.625
2017,CAR,1582.645288751504,1.4754784495503301,2.364906827367452,22.6875
2017,BAL,1554.8136457735275,2.1479307521870457,1.224716552348804,24.6875
2017,CHI,1413.4994442435038,-4.365970441218791,2.956024006504557,16.5
2017,MIN,1669.550270431308,2.1055182352234447,6.3346016723887235,23.875
2017,CIN,1461.0362159772108,-3.773143426472272,-0.7859503864915087,18.125
2017,CLE,1200.7534998967697,-6.387736470167484,-3.8608752552244283,14.625
2017,KC,1623.407538330768,3.5874382690939433,-0.2553334973606891,25.9375
2017,GB,1453.5577183724981,-0.43792861720173615,-1.5461000819972397,20.0
2017,ATL,1630.6538248896823,0.933344834970895,2.859273966935831,22.0625
2017,JAX,1513.6052108448475,2.9076905030626925,3.498717674243315,26.0625
2017,IND,1357.545954675731,-5.621576102364903,-3.703550439479906,16.4375
2017,MIA,1424.7054433386922,-3.68411631413112,-2.2513596306327512,17.5625
2017,DET,1536.5942691808714,4.758707770146726,-2.3205044186306765,25.625
2017,TEN,1487.8162377651217,-1.7426071868634807,-1.3349887637974855,20.875
2017,PHI,1650.8375201444796,6.516739349850132,2.3582913641898737,28.5625
2017,WAS,1463.0067729644145,0.40789257227270403,-1.7203895008687005,21.375
2017,ARI,1479.0674230950353,-3.67378762665073,0.17169907193059666,18.4375
2017,DEN,1424.96946091739,-3.6052379916937727,-2.6320218245134113,18.0625
2017,OAK,1450.4009709391378,-2.7601614995584574,-1.6255577004022295,18.8125
2017,SEA,1568.712670144797,0.703240917560476,1.09925551961088,22.875
2017,TB,1451.2869080133185,0.21419174863514587,-1.6309198433818177,20.9375
2017,NO,1626.0294228969558,6.448721511957478,1.978572212549866,28.0
2017,HOU,1341.4979874508342,-0.6937157274457054,-5.222447228964929,21.125
2017,DAL,1576.8129365860866,0.3697088777422609,1.1041719026400665,22.125
2017,NE,1729.6759583082683,5.97927292820549,2.4346540460930006,28.625
2017,PIT,1661.2320184755843,3.0880502817802595,1.7618194906901357,25.375
2017,LA,1568.741580047489,7.723880752441794,0.9238169231196531,29.875
2017,LAC,1591.6302739787636,-0.2356397880398419,3.7900650669233245,22.1875
2018,NYG,1413.0481875286684,0.6463124369087488,-2.725816008672379,23.0625
2018,SF,1386.550446000966,-2.306500969155431,-2.9126163428411322,21.375
2018,BUF,1424.5817415373913,-5.865713881697191,-0.49750700474351384,16.8125
2018,NYJ,1327.7747642047525,-1.842291071277479,-5.367900182257433,20.8125
2018,CAR,1528.1823606817184,0.06244497698798524,0.6489323969280868,23.5
2018,BAL,1629.740447923676,0.5488126306621394,5.911790749445887,24.3125
2018,CHI,1642.903472580629,1.5668931260181758,4.554184970292117,26.3125
2018,MIN,1562.5303186331478,-1.0582534508311878,1.737786508073217,22.5
2018,CIN,1394.2020701799913,-0.06448758821083544,-3.354903134585455,23.0
2018,CLE,1430.1378555052283,-0.969966216909278,0.46329847804339896,22.4375
2018,KC,1664.0921990824907,11.807576229875329,-3.4959549306379327,35.3125
2018,GB,1432.1338372963046,0.05214018030547717,-2.469466919613643,23.5
2018,ATL,1523.7588146895173,2.3174807564819675,-2.545805579234033,25.875
2018,JAX,1419.412113621354,-7.527661562947605,3.78429244496548,15.3125
2018,IND,1576.8232721376303,3.707972771757938,-0.3827881524556736,27.0625
2018,MIA,1370.034684352251,-3.359947202555901,-4.757954503581107,19.9375
2018,DET,1486.9221559150817,-3.0195526263718495,0.31887043962154693,20.25
2018,TEN,1525.0537776115098,-3.025864082821952,3.316255837609988,19.375
2018,PHI,1608.6733924198234,-0.034010542485438014,1.6282501522049262,22.9375
2018,WAS,1407.7094322064627,-5.272990344932731,0.604956624267436,17.5625
2018,ARI,1328.4082908289515,-9.00721882714883,-1.8555664783609294,14.0625
2018,DEN,1423.4446264934288,-3.389470686057036,2.817707052373899,20.5625
2018,OAK,1357.9255607100772,-4.9611850398147315,-3.9443542093777646,18.125
2018,SEA,1614.0334853253016,2.8649480152966498,1.4099638633304017,26.75
2018,TB,1415.0800840679399,1.8297659944638012,-4.416929089366831,24.75
2018,NO,1669.936489896109,7.381021962438037,1.9687160188788944,31.5
2018,HOU,1550.6276972044163,2.288786797773201,1.4704240636048382,25.125
2018,DAL,1571.0831910843015,-1.7596050717951381,2.7681156530611397,21.1875
2018,NE,1642.0301386903739,3.0359974101069778,2.0407050412084704,27.25
2018,PIT,1615.8173356839911,3.5358526288476493,1.525075091522795,26.75
2018,LA,1642.0343399608716,8.97712438381977,-0.9535762085687998,32.9375
2018,LAC,1631.9362801090044,2.8415888632687674,2.7118133588641067,26.75
2019,NYG,1336.4637058076614,-1.6261388336714753,-5.657194276287017,21.3125
2019,SF,1632.8241896848874,6.228540362884151,3.960095218940284,29.9375
2019,BUF,1524.19174505308,-3.212673899339669,5.381697170530122,19.625
2019,NYJ,1434.3979851627603,-5.358066793339373,-0.47349964503821085,17.25
2019,CAR,1377.0695402447107,-1.8335603537864953,-4.8966251813526025,21.25
2019,BAL,1758.2959775533536,10.246620404617444,4.376385416530792,33.1875
2019,CHI,1540.389585069772,-5.006760559104078,4.215593693633806,17.5
2019,MIN,1599.220296852368,2.3645432660697168,2.83455966058739,25.4375
2019,CIN,1326.2195599626702,-4.216807395652464,-2.8330454003303607,17.4375
2019,CLE,1409.1620911887917,-0.48544958937205546,-1.4585503391479953,20.9375
2019,KC,1700.371604107202,5.851725172570508,2.790741064322976,28.1875
2019,GB,1632.617185913612,0.5660969239701246,2.5441072853052913,23.5
2019,ATL,1550.1612890337353,0.30566100277232267,-0.48078240699589747,23.8125
2019,JAX,1401.9127733619594,-4.3269729702950865,-1.9328700418699085,18.75
2019,IND,1469.1686059329163,-0.934149282115361,-0.7364264441879237,22.5625
2019,MIA,1368.0177539037318,-2.3147707704767875,-8.524019610109262,19.125
2019,DET,1357.797985693971,-1.118889297239006,-3.738767322027525,21.3125
2019,TEN,1584.3955139213015,1.6840840841056213,1.5879909340994294,25.125
2019,PHI,1565.4705726755058,0.7064165366547925,-0.3014111533212317,24.0625
2019,WAS,1300.7441298076096,-5.842906998427258,-4.20940738825245,16.625
2019,ARI,1414.1025301646146,-0.3626344066187921,-2.880249987968388,22.5625
2019,DEN,1493.3884784515092,-4.515895235916773,2.561280535172046,17.625
2019,OAK,1403.2693427666427,-2.333969834177129,-4.099931317990271,19.5625
2019,SEA,1557.043499867414,2.6239020703201605,-0.30125498915914684,25.3125
2019,TB,1493.388783129241,4.578773648640384,-4.266794949664783,28.625
2019,NO,1693.0677951121168,4.7134973356860534,2.1511866559329187,28.625
2019,HOU,1552.038415330442,0.9745115101367626,-0.5264081858724516,23.625
2019,DAL,1547.3006805560813,3.6368670974459105,1.5147105990234297,27.125
2019,NE,1634.5646447672634,2.691325919211234,7.255229417436978,26.25
2019,PIT,1516.1892923674807,-4.134914881561807,4.288364459159986,18.0625
2019,LA,1570.952037270905,1.9510366488479292,1.516678986050368,24.625
2019,LAC,1453.5509853935973,-1.4990408828395092,0.33861754284961043,21.0625
2020,NYG,1389.9805154584872,-6.339850210437774,2.1780598164492346,17.5
2020,SF,1481.5352898609399,0.09559957631097701,0.5761913091022004,23.5
2020,BUF,1694.9627315762157,6.668048345292255,0.5640649146847811,31.3125
2020,NYJ,1321.7973023671095,-8.262939758451266,-2.695128317263869,15.1875
2020,CAR,1408.6305704239603,-2.3478838692454254,1.1437818137501796,21.875
2020,BAL,1666.1979109146484,3.7738332440506364,4.225317931571127,29.25
2020,CHI,1502.1832517060784,-2.0352448802300733,2.2451457464776903,23.25
2020,MIN,1489.17569861096,1.2957409553997254,-3.588272641120263,26.875
2020,CIN,1366.4141313447983,-4.994517497055523,-1.9192017386451388,19.4375
2020,CLE,1520.8099627554234,0.3135127595815436,-2.537566655462068,25.5
2020,KC,1705.5841416044118,4.257327046429887,2.0873939360619955,29.5625
2020,GB,1701.8445532858623,5.566016191000039,1.6783826849777859,31.8125
2020,ATL,1480.0632117046018,-0.1163593566063623,0.6311132645491244,24.75
2020,JAX,1256.4383053679296,-6.002683537204334,-4.924867068364849,19.125
2020,IND,1596.8055043361167,1.291311631713436,1.576066260432261,28.1875
2020,MIA,1545.6025567088843,0.24302651469766787,2.5628741549800917,25.25
2020,DET,1336.33259597523,-0.9603449607481104,-6.366832162094649,23.5625
2020,TEN,1585.4221900491525,4.525442207020481,-2.851341625799154,30.6875
2020,PHI,1397.0823266222376,-2.6806365654656146,-1.4692122097701568,20.875
2020,WAS,1459.3502309290036,-3.8071133910136474,3.095713679613932,20.9375
2020,ARI,1477.733370414039,1.4007016981313647,0.9726961458547136,25.625
2020,DEN,1426.4995489735695,-4.061787481972567,-1.7342846949045627,20.1875
2020,SEA,1626.597478001988,4.45524529694741,0.6420210418049972,28.6875
2020,TB,1636.4577599887207,6.061426737588402,2.639970248638306,30.75
2020,NO,1705.9205930396179,4.7749685105729,4.1188212222261225,30.125
2020,HOU,1399.8425461874867,-1.2939819189051922,-3.7733298542889315,24.0
2020,DAL,1429.3826709665511,0.8860266990304675,-5.663031599874378,24.6875
2020,NE,1504.1034940110333,-3.9637143192877478,2.9681996860022157,20.375
2020,PIT,1573.885488032905,0.3476433348885892,4.235025458306519,26.0
2020,LA,1588.6681452074174,-0.8127368756787257,5.841007194970715,23.25
2020,LAC,1496.9930731246668,-0.9429496634443473,-1.858282472153111,24.0
2020,LV,1480.6890060114642,2.666873537090929,-4.600495470712865,27.125
2021,NYG,1328.2525279479762,-7.279989260475005,-0.6095613290694228,15.176470588235293
2021,SF,1576.7765208803492,1.7602182351507418,1.7991452226181832,25.11764705882353
2021,BUF,1664.0889327302355,4.727081706597532,4.6321086738878545,28.41176470588235
2021,NYJ,1299.4675751362768,-3.4884702561344025,-6.330668818732147,18.235294117647058
2021,CAR,1363.776817953931,-4.735250834865574,-0.4499096161856792,17.88235294117647
2021,BAL,1515.7893636463002,-0.3062553920567185,0.031009939371420835,22.764705882352942
2021,CHI,1416.779909357314,-4.61478895700421,-0.3160390359717422,18.294117647058822
2021,MIN,1520.905967196266,1.801129947082684,-1.5780116933677433,25.0
2021,CIN,1541.3707448997122,3.19345571928449,-0.20518432358283292,27.058823529411764
2021,CLE,1498.3589133642072,-2.531462221840208,1.2591332675620548,20.529411764705884
2021,KC,1690.481557420626,5.0683300106092455,1.8662030221167796,28.235294117647058
2021,GB,1658.97076619979,3.2760482087017113,0.9278980741653893,26.470588235294116
2021,ATL,1400.8072010109038,-3.97380038600094,-4.03847901331612,18.41176470588235
2021,JAX,1276.239893810252,-7.284325437614902,-3.515912514928302,14.882352941176471
2021,IND,1562.2348582044992,3.163314318868576,1.047421454463011,26.529411764705884
2021,MIA,1560.2302745384218,-2.880164127839042,0.3501942675690859,20.058823529411764
2021,DET,1352.9525412949092,-3.3318375296457297,-4.058585743089734,19.11764705882353
2021,TEN,1605.1329448223169,1.6856714609861168,1.562094227286276,24.647058823529413
2021,PHI,1515.1450587431048,2.4550749394700664,-0.05353975832178325,26.11764705882353
2021,WAS,1448.3300666759171,-2.5766055799476986,-1.4704231038092492,19.705882352941178
2021,ARI,1516.2804193130046,3.3895442552965225,1.4976464432085155,26.41176470588235
2021,DEN,1422.810286063142,-4.384494851072797,3.927992751210316,19.705882352941178
2021,SEA,1544.2050893266546,0.3695192764614744,1.4458678722483578,23.235294117647058
2021,TB,1649.061468855253,6.854278566051634,1.2784464895024956,30.058823529411764
2021,NO,1565.9570259443576,-1.42246454097819,3.355104986029077,21.41176470588235
2021,HOU,1365.159670665885,-5.975270683870417,-3.2239570705431824,16.470588235294116
2021,DAL,1618.461736893709,7.773117340376921,1.6184440572076022,31.176470588235293
2021,NE,1572.4121818555964,3.4810297283339495,4.558986758337614,27.176470588235293
2021,PIT,1540.8030361771987,-2.4665898303558906,0.07897906541297034,20.176470588235293
2021,LA,1612.1723973784685,3.956346860866122,1.032536688692379,27.058823529411764
2021,LAC,1509.4898573041082,4.97518104533752,-3.9779977808940945,27.88235294117647
2021,LV,1509.0851647636541,-0.6775717297735833,-2.4409434590773484,22.0
2022,NYG,1458.3087502421686,-0.7191856594457885,0.356482936286707,21.470588235294116
2022,SF,1695.9222014700088,3.211827814512038,4.36672582920642,26.470588235294116
2022,BUF,1727.0545454403425,6.612038376674907,3.5634402243013374,28.4375
2022,NYJ,1398.2525775489946,-3.8754293472081596,4.411483905945941,17.41176470588235
2022,CAR,1467.3542155276284,-1.2332501506892783,-0.8131846607605382,20.41176470588235
2022,BAL,1543.10946787237,-0.3168538022694677,3.1536769958933455,20.58823529411765
2022,CHI,1323.3489522152329,-2.386772251563632,-3.84657477601021,19.176470588235293
2022,MIN,1566.2597727266896,2.634450960993917,-2.7985642046573544,24.941176470588236
2022,CIN,1671.549871371367,5.046255425034615,1.349532972949805,26.125
2022,CLE,1495.5930026891015,0.5908818504970063,-0.8275265286159988,21.235294117647058
2022,KC,1726.7684607067208,6.467140197519531,-0.46197763464986785,29.176470588235293
2022,GB,1540.5468919049613,-0.2949136804354363,0.5121128625365945,21.764705882352942
2022,ATL,1438.1183186486683,-0.17608780663208673,-1.8174225860393114,21.470588235294116
2022,JAX,1517.488411287572,1.551880724132556,0.22503453777981644,23.764705882352942
2022,IND,1374.9059891514034,-4.645053919487042,-3.41108524886089,17.0
2022,MIA,1497.9542140675824,2.431369730421066,-0.8931040966286434,23.352941176470587
2022,DET,1511.184988612757,4.368801650404729,-2.36455180491691,26.647058823529413
2022,TEN,1450.451540762413,-4.411660331833435,1.0091425229064208,17.529411764705884
2022,PHI,1613.0435406929837,5.430424310340294,0.7453567211102521,28.058823529411764
2022,WAS,1490.416748361088,-3.3013074609701785,2.385606605336671,18.88235294117647
2022,ARI,1379.3069144508117,-1.8336619467702657,-4.019689577764887,20.0
2022,DEN,1376.927357606258,-5.217380802138135,0.6192085190956041,16.88235294117647
2022,SEA,1513.6141642772643,1.8167433714851482,-2.198770531242622,23.941176470588236
2022,TB,1494.5291419225025,-3.176135869979526,0.9980087301746543,18.41176470588235
2022,NO,1510.0898649972592,-2.666834762963933,1.5575169635269317,19.41176470588235
2022,HOU,1314.6996509665944,-5.087927346567583,-2.9006000750075427,17.0
2022,DAL,1620.9503272108523,4.975718269989664,1.211448257224596,27.470588235294116
2022,NE,1517.7868873606628,-0.36804210149509387,2.1074886992208732,21.41176470588235
2022,PIT,1558.9411369527415,-2.9339158053434584,2.074621443924695,18.11764705882353
2022,LA,1412.053279307433,-3.824296500775834,0.012381472479621649,18.058823529411764
2022,LAC,1523.156210173558,0.15835693445113025,-0.9074458363891549,23.0
2022,LV,1471.6397837235693,1.1728199301117335,-3.398772638356357,23.235294117647058
2023,NYG,1440.7909325907096,-6.449766529548243,-0.9920104138040516,15.647058823529411
2023,SF,1704.3514334697481,6.634744100615329,4.372655001445795,28.88235294117647
2023,BUF,1684.4047410947912,3.9624691282376396,2.2812130962572326,26.529411764705884
2023,NYJ,1436.868111097521,-6.226598634511635,0.8744172887852265,15.764705882352942
2023,CAR,1284.4311945767083,-7.437562698688941,-1.8792518547194543,13.882352941176471
2023,BAL,1707.273941004975,6.26155079513632,6.01451252300966,28.41176470588235
2023,CHI,1459.715330423478,-1.039425816676463,-0.7941580955798734,21.176470588235293
2023,MIN,1484.8073290536076,-1.465245420066824,0.9365527725528004,20.235294117647058
2023,CIN,1567.6679817654417,1.1415935951468281,0.23644817173388477,21.529411764705884
2023,CLE,1535.8153027807175,2.1887794387209913,0.7875801110935385,23.294117647058822
2023,KC,1611.4954407488335,-0.5136640209797505,4.126489122162565,21.823529411764707
2023,GB,1558.1058773763991,0.8896135521929228,0.30312554527254837,22.529411764705884
2023,ATL,1408.2963718790013,-3.3071274941933275,-1.267789101134817,18.88235294117647
2023,JAX,1481.624350749428,1.1898556696143583,0.07474175276323837,22.176470588235293
2023,IND,1452.1048230062224,2.209532447635773,-3.507162313967688,23.294117647058822
2023,MIA,1577.6763413588953,7.137145344534444,-2.8381006081723403,29.176470588235293
2023,DET,1597.0671598768613,5.684801637593512,-1.6278596236179572,27.11764705882353
2023,TEN,1406.423072463619,-3.7588733256887847,0.639197724626097,17.941176470588236
2023,PHI,1544.906914897364,3.3867082469279284,-3.4542449534829514,25.470588235294116
2023,WAS,1329.8415557005328,-2.591846134584208,-7.880809627145933,19.352941176470587
2023,ARI,1381.12355571308,-1.7350437810542414,-3.5485811394897295,19.41176470588235
2023,DEN,1464.140385031917,-0.735669265998702,-2.7843951391785122,21.0
2023,SEA,1501.096863382997,-0.1975320617421766,-0.8553256688182552,21.41176470588235
2023,TB,1524.1122632869067,-1.46804024686393,2.55772398393586,20.470588235294116
2023,NO,1530.6798553586952,1.5916701341275186,0.6341952066253302,23.647058823529413
2023,HOU,1480.873834635669,0.2812970133749858,0.13231155404328554,22.176470588235293
2023,DAL,1647.757992779762,6.239698193542982,2.5676936110498896,29.941176470588236
2023,NE,1365.6096070465446,-7.919628407560568,0.546413639473491,13.882352941176471
2023,PIT,1563.3392555120995,-2.9283788575697747,3.3945264578400707,17.88235294117647
2023,LA,1533.493862460832,1.8492191832830303,0.872949221775636,23.764705882352942
2023,LAC,1417.041470089505,-0.5933145719938642,-1.4744264748746763,20.352941176470587
2023,LV,1504.6143022868457,-2.2809612129631325,1.5513682295400888,19.529411764705884
2024,NYG,1331.9235944020788,-7.052807888655022,-0.5364358079321369,16.058823529411764
2024,SF,1468.998175836044,0.8160813447066453,-2.0254925941245174,22.88235294117647
2024,BUF,1689.2279558443056,7.342626727187128,0.3613252559835254,30.88235294117647
2024,NYJ,1431.6725817710312,-2.8039105724513043,-1.261062974067197,19.88235294117647
2024,CAR,1331.0971220057716,-2.4427927749506235,-7.947256878753614,20.058823529411764
2024,BAL,1713.6703917561595,7.517093974197315,1.7935235469848085,30.470588235294116
2024,CHI,1386.2732567005564,-4.488489182515209,2.214551670065106,18.235294117647058
2024,MIN,1630.954850643291,2.57026295852856,3.1911498638561464,25.41176470588235
2024,CIN,1571.0735943330048,4.706543899130611,-3.30382119874696,27.764705882352942
2024,CLE,1354.3565486558016,-6.770475315468404,-1.96491256946828,15.176470588235293
2024,KC,1674.878935083675,-0.16209584062293347,4.07662817082683,22.647058823529413
2024,GB,1621.1525390366314,4.608919295064473,2.9744368352752333,27.058823529411764
2024,ATL,1414.4118225018537,-0.03411162688927373,-2.0153485120257173,22.88235294117647
2024,JAX,1375.7481938973117,-3.931076831893746,-3.138952648343147,18.823529411764707
2024,IND,1431.10884853314,-0.447250086049306,-2.97823187370475,22.176470588235293
2024,MIA,1503.2778514900165,-3.233020848840791,0.46727722088124574,20.294117647058822
2024,DET,1740.8596687458084,9.985134027343092,2.951950118600418,33.1764705882353
2024,TEN,1311.4635156189884,-4.394377419937289,-3.499496476377988,18.294117647058822
2024,PHI,1702.2366064873754,2.8733180564078014,4.483832774124122,27.235294117647058
2024,WAS,1550.0311433145196,4.683584437240891,-1.0583625849901277,28.529411764705884
2024,ARI,1449.8508636293539,0.7761353078577728,1.1270597608780424,23.529411764705884
2024,DEN,1596.0126695267065,1.950319667207461,4.099775004465811,25.0
2024,SEA,1546.013795078266,-0.30784683182201605,1.4179886524032739,22.058823529411764
2024,TB,1577.231010463387,5.724804713996919,0.38546114035075363,29.529411764705884
2024,NO,1383.426172741618,-3.3546491369472298,-0.5015692885457995,19.88235294117647
2024,HOU,1523.59247105024,-1.3591895833788703,0.7730883345472415,21.88235294117647
2024,DAL,1467.3532227233632,-2.4341148061537554,-3.5703539422093056,20.58823529411765
2024,NE,1361.5417614275495,-5.8278935206121485,-1.8179627566512084,17.0
2024,PIT,1549.8225481253362,-0.6765132050084129,2.648729114496832,22.352941176470587
2024,LA,1550.9115309227184,-0.645590055375185,0.5062266308659561,21.58823529411765
2024,LAC,1571.3993129686892,0.5538527212782536,4.483430879437445,23.647058823529413
2024,LV,1366.795080351881,-3.742471602575404,-2.3371748681020437,18.176470588235293
2025,NYG,1387.8798280975093,-0.5585717511878447,-2.7839831877531647,22.41176470588235
2025,SF,1587.6827913768593,3.355884955722523,2.0717433183044562,25.705882352941178
2025,BUF,1652.953485583256,4.682804806086518,-0.23000029841027536,28.294117647058822
2025,NYJ,1295.4109093209026,-5.611103954502947,-6.117956826796971,17.647058823529413
2025,CAR,1404.6196716124844,-4.643792471513945,1.2520057519539165,18.294117647058822
2025,BAL,1569.457439729984,1.7363803996825895,-0.5837511015349023,24.941176470588236
2025,CHI,1545.1742255056652,2.479263043909257,-1.9161205081630623,25.941176470588236
2025,MIN,1587.556752520332,-3.174001777830631,3.948622694642704,20.235294117647058
2025,CIN,1475.4202934799812,1.1866008850073226,-5.944583571732708,24.352941176470587
2025,CLE,1390.156832945535,-7.43638809197562,0.6094950212908663,16.41176470588235
2025,KC,1483.0182693902116,-1.7443600252962472,3.549507110517579,21.294117647058822
2025,GB,1561.0931587848916,-0.6474655525024715,1.694353966410498,23.0
2025,ATL,1462.50389284063,-1.937836390269109,-0.6784845980997525,20.764705882352942
2025,JAX,1617.184891983085,4.980469716363418,3.1054651790353063,27.88235294117647
2025,IND,1451.2573864919734,5.444645849962065,-0.9790182550401796,27.41176470588235
2025,MIA,1439.5475498634166,-3.4757223702776194,-2.3428940030708865,20.41176470588235
2025,DET,1594.2510885842662,4.926244298074442,-1.1901173785495607,28.294117647058822
2025,TEN,1287.902190339325,-4.045319888021666,-3.7717453807982766,16.705882352941178
2025,PHI,1591.1616687265102,-1.5861607718211757,4.277438236480622,22.294117647058822
2025,WAS,1437.7919636427491,-1.9503607265913547,-3.3828498679700116,20.941176470588236
2025,ARI,1340.4559396296859,-1.0525478808599964,-3.361818285857792,20.88235294117647
2025,DEN,1672.4952141560545,-0.024744155026112272,3.390805451274145,23.58823529411765
2025,SEA,1709.419959214306,5.732988786750338,6.204523335312917,28.41176470588235
2025,TB,1474.3897851883376,0.1896045218337791,-1.2370183165854711,22.352941176470587
2025,NO,1410.4677829821187,-5.132102145858375,0.5406053780301473,18.0
2025,HOU,1655.3599213679192,1.1814747107496286,6.676302694581975,23.764705882352942
2025,DAL,1438.8050521023306,4.324193320155472,-8.059293336113022,27.705882352941178
2025,NE,1608.087068055908,3.658825411049763,1.820730955504548,28.823529411764707
2025,PIT,1546.7559504934225,-0.24708632662427576,0.39704749121954097,23.352941176470587
2025,LA,1654.0517283541187,8.060606487935045,3.5263387439025102,30.470588235294116
2025,LAC,1564.0916173208034,-0.9924722463578045,1.7858395807146452,21.647058823529413
2025,LV,1275.8407807597446,-7.679950666764971,-2.2711899927003425,14.176470588235293
