Player,Team,Bye,POS,Average_ADP,Depth,Depth_Rank,Nickname
Jahmyr Gibbs,DET,6,RB1,1.5,RB1,1,
Bijan Robinson,ATL,11,RB2,1.5,RB1,1,
Ja'Marr Chase,CIN,6,WR1,4.5,WR1,1,
Christian McCaffrey,SF,8,RB3,4.5,RB1,1,CMC
Jonathan Taylor,IND,13,RB4,5.0,RB1,1,JT
Puka Nacua,LAR,11,WR2,6.5,WR1,1,
James Cook,BUF,7,RB5,7.5,RB1,1,
Jaxon Smith-Njigba,SEA,11,WR3,8.0,WR1,1,JSN
Ashton Jeanty,LV,13,RB6,9.5,RB1,1,
De'Von Achane,MIA,6,RB7,10.0,RB1,1,
Omarion Hampton,LAC,7,RB8,13.0,RB1,1,
Amon-Ra St. Brown,DET,6,WR4,13.5,WR1,1,Sun God|ARSB
Derrick Henry,BAL,13,RB9,15.0,RB1,1,King Henry
Saquon Barkley,PHI,10,RB10,15.0,RB1,1,
CeeDee Lamb,DAL,14,WR5,15.0,WR1,1,
Justin Jefferson,MIN,6,WR6,15.5,WR1,1,
Chase Brown,CIN,6,RB11,16.0,RB1,1,
Josh Allen,BUF,7,QB1,17.5,QB1,1,
Trey McBride,ARI,14,TE1,20.0,TE1,1,
Drake London,ATL,11,WR7,20.5,WR1,1,
Jeremiyah Love,ARI,14,RB12,20.5,RB1,1,
Kenneth Walker,KC,5,RB13,21.0,RB1,1,K9
Kyren Williams,LAR,11,RB14,21.5,RB1,1,
Josh Jacobs,GB,11,RB15,25.5,RB1,1,
Brock Bowers,LV,13,TE2,26.0,TE1,1,
Nico Collins,HOU,8,WR8,26.0,WR1,1,
George Pickens,DAL,14,WR9,26.5,WR2,2,
A.J. Brown,NE,11,WR10,27.5,WR1,1,
Chris Olave,NO,8,WR11,29.0,WR1,1,
Breece Hall,NYJ,13,RB16,29.0,RB1,1,
Javonte Williams,DAL,14,RB17,30.0,RB1,1,
Travis Etienne,NO,8,RB18,32.5,RB1,1,ETN
Lamar Jackson,BAL,13,QB2,33.5,QB1,1,
Rashee Rice,KC,5,WR12,34.0,WR1,1,
Malik Nabers,NYG,8,WR13,36.5,WR1,1,
Bucky Irving,TB,10,RB19,37.0,RB1,1,
Cam Skattebo,NYG,8,RB20,37.5,RB1,1,Skat
Tetairoa McMillan,CAR,5,WR14,41.5,WR1,1,
Luther Burden,CHI,10,WR15,42.0,WR1,1,
Garrett Wilson,NYJ,13,WR17,42.5,WR1,1,
Tee Higgins,CIN,6,WR16,42.5,WR2,2,
Quinshon Judkins,CLE,11,RB21,43.0,RB1,1,
TreVeyon Henderson,NE,11,RB22,43.5,RB1,1,
DeVonta Smith,PHI,10,WR18,45.0,WR1,1,Slim Reaper
Zay Flowers,BAL,13,WR19,45.5,WR1,1,
Emeka Egbuka,TB,10,WR20,46.0,WR1,1,
Bhayshul Tuten,JAC,7,RB23,48.0,RB1,1,
David Montgomery,HOU,8,RB24,48.0,RB1,1,
Colston Loveland,CHI,10,TE3,49.0,TE1,1,
Ladd McConkey,LAC,7,WR21,49.0,WR1,1,
DJ Moore,BUF,7,WR22,50.0,WR1,1,
Jaylen Waddle,DEN,10,WR23,50.0,WR1,1,
D'Andre Swift,CHI,10,RB25,51.5,RB1,1,
Drake Maye,NE,11,QB3,53.5,QB1,1,
RJ Harvey,DEN,10,RB26,54.0,RB1,1,
Davante Adams,LAR,11,WR24,55.0,WR2,2,
Jameson Williams,DET,6,WR25,57.0,WR2,2,
Joe Burrow,CIN,6,QB4,57.5,QB1,1,Joe Shiesty
Terry McLaurin,WAS,7,WR26,57.5,WR1,1,Scary Terry
Tyler Warren,IND,13,TE4,58.5,TE1,1,
Jaylen Warren,PIT,9,RB27,60.5,RB1,1,
Mike Evans,SF,8,WR27,61.0,WR1,1,
Harold Fannin,CLE,11,TE5,64.0,TE1,1,
Jayden Daniels,WAS,7,QB5,65.5,QB1,1,
Rhamondre Stevenson,NE,11,RB28,67.0,RB2,2,
Rome Odunze,CHI,10,WR28,68.0,WR2,2,
Christian Watson,GB,11,WR29,68.0,WR1,1,
Rico Dowdle,PIT,9,RB29,69.0,RB2,2,
Jalen Hurts,PHI,10,QB6,69.5,QB1,1,
Tony Pollard,TEN,9,RB30,70.0,RB1,1,
Kyle Monangai,CHI,10,RB31,73.0,RB2,2,Monan
Carnell Tate,TEN,9,WR30,73.5,WR1,1,
Kyle Pitts,ATL,11,TE6,74.5,TE1,1,
Michael Wilson,ARI,14,WR31,76.5,WR1,1,
Brian Thomas,JAC,7,WR32,77.0,WR1,1,BTJ
Courtland Sutton,DEN,10,WR33,78.0,WR2,2,
Tucker Kraft,GB,11,TE7,79.0,TE1,1,
Chuba Hubbard,CAR,5,RB32,79.5,RB1,1,Chubb
Jadarian Price,SEA,11,RB33,82.5,RB1,1,
J.K. Dobbins,DEN,10,RB34,82.5,RB2,2,
Marvin Harrison,ARI,14,WR34,84.0,WR2,2,MHJ
Blake Corum,LAR,11,RB35,85.5,RB2,2,
Jordyn Tyson,NO,8,WR35,86.0,WR2,2,
DK Metcalf,PIT,9,WR36,86.5,WR1,1,Decaf
Caleb Williams,CHI,10,QB7,87.0,QB1,1,
Sam LaPorta,DET,6,TE8,87.5,TE1,1,
Chris Godwin,TB,10,WR37,90.0,WR2,2,
Justin Herbert,LAC,7,QB8,90.0,QB1,1,
Trevor Lawrence,JAC,7,QB9,90.5,QB1,1,TLaw
Dak Prescott,DAL,14,QB10,92.0,QB1,1,
Jakobi Meyers,JAC,7,WR38,92.5,WR2,2,
Jaxson Dart,NYG,8,QB11,92.5,QB1,1,
Parker Washington,JAC,7,WR39,93.5,WR3,3,PW|P Wash
Alec Pierce,IND,13,WR40,93.5,WR1,1,
Makai Lemon,PHI,10,WR41,96.0,WR2,2,
Kenny Gainwell,TB,10,RB36,96.0,RB2,2,
Wan'Dale Robinson,TEN,9,WR42,97.0,WR2,2,
Dalton Kincaid,BUF,7,TE9,103.5,TE1,1,
Aaron Jones,MIN,6,RB37,104.5,RB1,1,
Jacory Croskey-Merritt,WAS,7,RB38,106.0,RB1,1,JCM
Isaiah Likely,NYG,8,TE10,107.5,TE1,1,
George Kittle,SF,8,TE11,108.5,TE1,1,
Travis Kelce,KC,5,TE12,109.0,TE1,1,Zeus
Jordan Mason,MIN,6,RB39,109.5,RB2,2,
Jordan Addison,MIN,6,WR43,110.5,WR2,2,
Jake Ferguson,DAL,14,TE13,111.0,TE1,1,
Patrick Mahomes,KC,5,QB12,111.0,QB1,1,
Michael Pittman,PIT,9,WR44,111.5,WR2,2,
Mark Andrews,BAL,13,TE14,112.0,TE1,1,
Brock Purdy,SF,8,QB13,112.5,QB1,1,
Woody Marks,HOU,8,RB40,116.5,RB2,2,
Tyler Allgeier,ARI,14,RB41,118.0,RB2,2,
Quentin Johnston,LAC,7,WR45,118.5,WR2,2,QJ
Brian Robinson,ATL,11,RB42,119.5,RB2,2,
Rachaad White,WAS,7,RB43,119.5,RB2,2,
Matthew Stafford,LAR,11,QB14,119.5,QB1,1,
Juwan Johnson,NO,8,TE15,119.5,TE1,1,
Bo Nix,DEN,10,QB15,120.0,QB1,1,
Dallas Goedert,PHI,10,TE16,120.0,TE1,1,
Zach Charbonnet,SEA,11,RB44,121.0,RB2,2,Charb
Tyrone Tracy,NYG,8,RB45,123.0,RB2,2,
Jayden Reed,GB,11,WR46,125.0,WR2,2,
Hunter Henry,NE,11,TE17,125.5,TE1,1,
Brandon Aubrey,DAL,14,K1,129.0,K1,1,
Romeo Doubs,NE,11,WR47,129.0,WR2,2,
Oronde Gadsden,LAC,7,TE18,130.0,TE1,1,
Jared Goff,DET,6,QB16,130.0,QB1,1,
Jonathon Brooks,CAR,5,RB46,130.5,RB2,2,
Xavier Worthy,KC,5,WR48,131.0,WR2,2,
Alvin Kamara,NO,8,RB47,133.5,RB2,2,
Josh Downs,IND,13,WR49,134.0,WR2,2,
Tyjae Spears,TEN,9,RB48,134.5,RB2,2,
Brenton Strange,JAC,7,TE19,135.0,TE1,1,
Houston Texans DST   (8),,,DST1,139.0,DST0,0,
Jonah Coleman,DEN,10,RB49,140.0,RB3,3,
Stefon Diggs,,,WR50,140.0,WR0,0,
Khalil Shakir,BUF,7,WR51,140.0,WR2,2,
Jordan Love,GB,11,QB17,141.0,QB1,1,
Los Angeles Rams DST   (11),,,DST2,141.5,DST0,0,
Kenyon Sadiq,NYJ,13,TE20,142.0,TE1,1,
KC Concepcion,CLE,11,WR52,142.0,WR1,1,
Baker Mayfield,TB,10,QB18,145.0,QB1,1,
Jayden Higgins,HOU,8,WR53,145.5,WR2,2,
Dalton Schultz,HOU,8,TE21,147.0,TE1,1,
Jalen Coker,CAR,5,WR54,149.0,WR2,2,
Chig Okonkwo,WAS,7,TE22,150.5,TE1,1,
Tyler Shough,NO,8,QB19,151.0,QB1,1,
Seattle Seahawks DST   (11),,,DST3,152.0,DST0,0,
T.J. Hockenson,MIN,6,TE23,152.0,TE1,1,
Chris Rodriguez,JAC,7,RB50,152.5,RB2,2,CRod
Malik Willis,MIA,6,QB20,154.0,QB1,1,
Dylan Sampson,CLE,11,RB51,156.0,RB2,2,
David Njoku,LAC,7,TE24,156.0,TE2,2,
Jauan Jennings,MIN,6,WR55,157.0,WR3,3,
Isiah Pacheco,DET,6,RB52,157.5,RB2,2,Pop
James Conner,ARI,14,RB53,158.0,RB3,3,
Denver Broncos DST   (10),,,DST4,158.0,DST0,0,
Kyler Murray,MIN,6,QB21,158.5,QB1,1,
Keaton Mitchell,LAC,7,RB54,158.5,RB2,2,
Emmett Johnson,KC,5,RB55,160.5,RB2,2,
Cameron Dicker,LAC,7,K2,160.5,K1,1,
Philadelphia Eagles DST   (10),,,DST5,161.5,DST0,0,
Rashid Shaheed,SEA,11,WR56,162.0,WR2,2,
Matthew Golden,GB,11,WR57,165.5,WR3,3,
Tank Bigsby,PHI,10,RB56,167.0,RB2,2,
Jason Myers,SEA,11,K3,170.5,K1,1,
Theo Johnson,NYG,8,TE32,171.0,TE2,2,
Braelon Allen,NYJ,13,RB57,174.0,RB2,2,
Mike Washington,LV,13,RB58,175.0,RB2,2,
Deebo Samuel,SF,8,WR58,176.0,WR2,2,Deebo
Aaron Rodgers,PIT,9,QB29,176.0,QB1,1,
Omar Cooper,NYJ,13,WR59,176.5,WR2,2,
Sam Darnold,SEA,11,QB22,177.0,QB1,1,
C.J. Stroud,HOU,8,QB23,177.5,QB1,1,
Jerry Jeudy,CLE,11,WR60,181.0,WR2,2,
Cam Little,JAC,7,K4,181.5,K1,1,
Austin Ekeler,,,RB69,182.0,RB0,0,
Denzel Boston,CLE,11,WR61,182.5,WR3,3,
Justice Hill,BAL,13,RB70,184.0,RB2,2,
Ka'imi Fairbairn,HOU,8,K5,184.5,K1,1,
Geno Smith,NYJ,13,QB31,185.0,QB1,1,
Kayshon Boutte,NE,11,WR62,185.5,WR3,3,
New England Patriots DST   (11),,,DST6,186.5,DST0,0,
Gunnar Helm,TEN,9,TE25,188.0,TE1,1,
AJ Barner,SEA,11,TE26,189.5,TE1,1,
Jalen McMillan,TB,10,WR63,189.5,WR3,3,
Calvin Ridley,TEN,9,WR64,190.5,WR3,3,
Tyreek Hill,,,WR65,190.5,WR0,0,Cheetah
Malik Washington,MIA,6,WR80,191.0,WR1,1,
Cade Otton,TB,10,TE27,193.0,TE1,1,
Minnesota Vikings DST   (6),,,DST7,196.0,DST0,0,
Sean Tucker,TB,10,RB59,196.0,RB3,3,
Carson Beck,ARI,14,QB34,196.0,QB1,1,
Antonio Williams,WAS,7,WR66,196.5,WR2,2,
George Holani,SEA,11,RB71,197.0,RB3,3,
Nicholas Singleton,TEN,9,RB60,197.5,RB3,3,
Kirk Cousins,LV,13,QB35,198.0,QB1,1,
Kimani Vidal,LAC,7,RB61,198.5,RB3,3,
Greg Dulcich,MIA,6,TE34,199.0,TE1,1,
Cam Ward,TEN,9,QB24,199.5,QB1,1,
MarShawn Lloyd,GB,11,RB72,200.0,RB2,2,
Jalen Nailor,LV,13,WR67,201.5,WR1,1,
Joe Mixon,,,RB73,202.0,RB0,0,
Kaytron Allen,WAS,7,RB62,202.0,RB3,3,
Tyler Loop,BAL,13,K6,202.0,K1,1,
Pat Freiermuth,PIT,9,TE35,204.0,TE1,1,Muth
Harrison Mevis,LAR,11,K7,206.5,K1,1,
Bryce Young,CAR,5,QB25,206.5,QB1,1,
Eli Stowers,PHI,10,TE28,207.5,TE2,2,
Daniel Jones,IND,13,QB26,208.0,QB1,1,
Travis Hunter,JAC,7,WR68,208.0,WR4,4,
Devin Neal,NO,8,RB76,209.0,RB3,3,
Jacksonville Jaguars DST   (7),,,DST8,209.0,DST0,0,
Fernando Mendoza,LV,13,QB27,209.5,QB2,2,
Adonai Mitchell,NYJ,13,WR69,209.5,WR3,3,
Baltimore Ravens DST   (13),,,DST9,210.0,DST0,0,
Jacoby Brissett,ARI,14,QB28,213.5,QB2,2,
Terrance Ferguson,LAR,11,TE29,214.0,TE1,1,
Jake Bates,DET,6,K8,215.5,K1,1,
Kaelon Black,SF,8,RB77,216.0,RB2,2,
Ty Johnson,BUF,7,RB78,217.0,RB2,2,
Ray Davis,BUF,7,RB64,217.5,RB3,3,
Chris Boswell,PIT,9,K9,217.5,K1,1,
Trey Benson,ARI,14,RB63,218.0,RB4,4,
Andy Borregales,NE,11,K10,218.5,K1,1,
Jalen Tolbert,MIA,6,WR85,219.0,WR2,2,
Jordan James,SF,8,RB79,220.0,RB3,3,
Deshaun Watson,CLE,11,QB36,222.0,QB1,1,
Tre Tucker,LV,13,WR70,222.0,WR2,2,
Tank Dell,HOU,8,WR71,223.5,WR3,3,
Emanuel Wilson,SEA,11,RB65,224.0,RB4,4,
Pittsburgh Steelers DST   (9),,,DST10,224.5,DST0,0,
Harrison Butker,KC,5,K11,224.5,K1,1,
Jaylen Wright,MIA,6,RB66,225.5,RB2,2,
Demond Claiborne,MIN,6,RB67,225.5,RB3,3,
Mason Taylor,NYJ,13,TE30,226.0,TE2,2,
Kendre Miller,NO,8,RB80,226.0,RB4,4,
Colby Parkinson,LAR,11,TE31,226.5,TE2,2,
Tre' Harris,LAC,7,WR72,226.5,WR3,3,
De'Zhaun Stribling,SF,8,WR73,227.5,WR3,3,
Isaac TeSlaa,DET,6,WR74,227.5,WR3,3,
Zachariah Branch,ATL,11,WR75,228.0,WR2,2,
Brashard Smith,KC,5,RB81,229.0,RB3,3,
Malachi Fields,NYG,8,WR76,232.0,WR2,2,
Elic Ayomanor,TEN,9,WR87,232.0,WR4,4,
Eddy Pineiro,SF,8,K12,233.0,K1,1,
Jaydon Blue,DAL,14,RB68,233.5,RB2,2,
Justin Fields,KC,5,QB38,237.0,QB2,2,
Will Reichard,MIN,6,K13,237.0,K1,1,
Brandon Aiyuk,SF,8,WR77,237.5,WR4,4,
Los Angeles Chargers DST   (7),,,DST11,238.5,DST0,0,
Audric Estime,NO,8,RB82,239.0,RB5,5,
Caleb Douglas,MIA,6,WR90,239.0,WR3,3,
Detroit Lions DST   (6),,,DST12,239.5,DST0,0,
Jaylin Noel,HOU,8,WR91,240.0,WR4,4,
Ja'Kobi Lane,BAL,13,WR78,240.0,WR2,2,
Tua Tagovailoa,ATL,11,QB30,240.5,QB1,1,
New York Giants DST   (8),,,DST13,242.5,DST0,0,
Jarquez Hunter,LAR,11,RB83,243.0,RB3,3,
Jake Tonges,SF,8,TE33,243.0,TE2,2,
Marvin Mims,DEN,10,WR93,244.0,WR3,3,
Michael Penix,ATL,11,QB32,244.0,QB2,2,
Darnell Mooney,NYG,8,WR79,244.5,WR3,3,
Darnell Washington,PIT,9,TE36,245.0,TE2,2,
Wil Lutz,DEN,10,K14,245.0,K1,1,
Green Bay Packers DST   (11),,,DST14,245.5,DST0,0,
Devin Singletary,NYG,8,RB84,246.0,RB3,3,
Shedeur Sanders,CLE,11,QB33,247.0,QB2,2,
Dallas Cowboys DST   (14),,,DST15,247.5,DST0,0,
Kyle Williams,NE,11,WR95,248.0,WR4,4,
Mike Gesicki,CIN,6,TE37,248.0,TE1,1,
Kansas City Chiefs DST   (5),,,DST16,248.5,DST0,0,
Troy Franklin,DEN,10,WR81,250.0,WR4,4,
Kaleb Johnson,PIT,9,RB74,251.5,RB3,3,
Najee Harris,LAC,7,RB75,253.0,RB4,4,
Tory Horton,SEA,11,WR99,255.0,WR3,3,
Chimere Dike,TEN,9,WR82,256.0,WR5,5,
Ryan Flournoy,DAL,14,WR84,257.5,WR3,3,
Buffalo Bills DST   (7),,,DST17,258.5,DST0,0,
Cairo Santos,CHI,10,K15,259.5,K1,1,
San Francisco 49ers DST   (8),,,DST18,259.5,DST0,0,
Chicago Bears DST   (10),,,DST19,259.5,DST0,0,
Evan Engram,DEN,10,TE38,260.0,TE1,1,
Chase McLaughlin,TB,10,K16,260.0,K1,1,
Pat Bryant,DEN,10,WR83,260.5,WR5,5,
Germie Bernard,PIT,9,WR86,260.5,WR3,3,
J.J. McCarthy,MIN,6,QB37,261.5,QB2,2,
Dontayvion Wicks,PHI,10,WR102,263.0,WR3,3,
LeQuint Allen,JAC,7,RB85,265.0,RB3,3,
Chris Brazzell,CAR,5,WR88,268.0,WR3,3,
Keenan Allen,LAC,7,WR89,268.0,WR4,4,
Alexander Mattison,,,RB86,268.0,RB0,0,
Kareem Hunt,,,RB87,270.0,RB0,0,
Jahan Dotson,ATL,11,WR105,271.0,WR3,3,
Evan McPherson,CIN,6,K17,271.5,K1,1,
Rashod Bateman,BAL,13,WR92,271.5,WR3,3,
Max Klare,LAR,11,TE39,273.0,TE3,3,
Cleveland Browns DST   (11),,,DST20,273.0,DST0,0,
Cyrus Allen,KC,5,WR106,273.0,WR3,3,
Cooper Kupp,SEA,11,WR94,273.5,WR4,4,
Michael Trigg,DAL,14,TE40,274.0,TE2,2,
Ted Hurst,TB,10,WR96,274.0,WR4,4,
Christian Kirk,SF,8,WR98,275.0,WR5,5,
Chris Bell,MIA,6,WR97,275.0,WR4,4,
Indianapolis Colts DST   (13),,,DST22,276.0,DST0,0,
Atlanta Falcons DST   (11),,,DST23,278.0,DST0,0,
Jake Elliott,PHI,10,K18,278.5,K1,1,
Keon Coleman,BUF,7,WR100,278.5,WR3,3,
Elijah Sarratt,BAL,13,WR101,280.0,WR4,4,
Tampa Bay Buccaneers DST   (10),,,DST24,281.0,DST0,0,
Devaughn Vele,NO,8,WR103,281.5,WR3,3,
Carolina Panthers DST   (5),,,DST25,284.0,DST0,0,
Samaje Perine,CIN,6,RB88,285.0,RB2,2,
Cincinnati Bengals DST   (6),,,DST26,285.0,DST0,0,
Jack Bech,LV,13,WR104,285.5,WR3,3,
Skyler Bell,BUF,7,WR107,286.0,WR4,4,
Tennessee Titans DST   (9),,,DST21,287.0,DST0,0,
Brenen Thompson,LAC,7,WR108,287.0,WR5,5,
Matt Gay,LV,13,K20,287.0,K1,1,
New Orleans Saints DST   (8),,,DST27,288.0,DST0,0,
Riley Patterson,MIA,6,K21,289.0,K1,1,
Charlie Smyth,NO,8,K22,290.0,K1,1,
Tyler Bass,BUF,7,K19,291.0,K1,1,
Ty Simpson,LAR,11,QB39,291.0,QB2,2,
Nick Folk,ATL,11,K23,292.0,K1,1,
Arizona Cardinals DST   (14),,,DST28,295.0,DST0,0,
Las Vegas Raiders DST   (13),,,DST29,296.0,DST0,0,
New York Jets DST   (13),,,DST30,297.0,DST0,0,
Chris Brooks,GB,11,RB89,297.0,RB3,3,
DJ Giddens,IND,13,RB90,298.0,RB2,2,
Miami Dolphins DST   (6),,,DST31,299.0,DST0,0,
Ollie Gordon,MIA,6,RB91,300.0,RB3,3,
Jerome Ford,WAS,7,RB92,301.0,RB4,4,
Isaiah Davis,NYJ,13,RB93,304.0,RB3,3,
Emari Demercado,KC,5,RB94,305.0,RB4,4,
Adam Randall,BAL,13,RB95,306.0,RB3,3,
Seth McGowan,IND,13,RB96,309.0,RB3,3,
