,,,,,,,,,,,,,,,,,,,,,,,,,,
,,,QUARTERBACKS,,,,,,,,,RUNING BACKS,,,,,,,,,WIDE RECEIVERS,,,,,
,Rank,Pos,NAME,TEAM,ADP,PROJ,VALUE,% PROJ,,Rank,Pos,NAME,TEAM,ADP,PROJ,VALUE,% PROJ,,Rank,Pos,NAME,TEAM,ADP,PROJ,VALUE,% PROJ
,1,QB1,Josh Allen,BUF / 7,1,342.61,0,1,,1,RB1,Jahmyr Gibbs,DET / 6,2,315.98,1,1,,1,WR1,Ja'Marr Chase,CIN / 6,1,269.71,0,1
,2,QB2,Lamar Jackson,BAL / 13,2,315.13,0,0.9197921835,,2,RB2,Bijan Robinson,ATL / 11,1,309.31,-0.5,0.9788910691,,2,WR2,Puka Nacua,LAR / 11,2,265.67,0,0.9850209484
,3,QB3,Drake Maye,NE / 11,3,309.1,0,0.9021919967,,3,RB3,Christian McCaffrey,SF / 8,3,283.02,0,0.8956896006,,3,WR3,Jaxon Smith-Njigba,SEA / 11,3,245.9,0,0.9117199956
,4,QB4,Jayden Daniels,WAS / 7,5,305.93,0.25,0.8929394939,,4,RB4,Jonathan Taylor,IND / 13,4,281.81,0,0.8918602443,,4,WR4,Amon-Ra St. Brown,DET / 6,4,232.59,0,0.8623706944
,5,QB5,Jalen Hurts,PHI / 10,6,303.46,0.2,0.8857301305,,5,RB5,De'Von Achane,MIA / 6,8,255.67,0.6,0.8091334895,,5,WR5,Drake London,ATL / 11,7,214.58,0.4,0.795595269
,6,QB6,Joe Burrow,CIN / 6,4,300.36,-0.3333333333,0.8766819416,,6,RB6,Ashton Jeanty,LV / 13,6,245.67,0,0.7774859168,,6,WR6,CeeDee Lamb,DAL / 14,5,213.24,-0.1666666667,0.7906269697
,7,QB7,Dak Prescott,DAL / 14,11,286.17,0.5714285714,0.8352645866,,7,RB7,James Cook,BUF / 7,5,245.1,-0.2857142857,0.7756820052,,7,WR7,Justin Jefferson,MIN / 6,6,211.28,-0.1428571429,0.7833599051
,8,QB8,Justin Herbert,LAC / 7,7,284.22,-0.125,0.8295729839,,8,RB8,Saquon Barkley,PHI / 10,7,240.84,-0.125,0.7622001392,,8,WR8,A.J. Brown,NE / 11,8,207.53,0,0.7694560825
,9,QB9,Caleb Williams,CHI / 10,8,282.74,-0.1111111111,0.8252532034,,9,RB9,Derrick Henry,BAL / 13,12,232.33,0.3333333333,0.7352680549,,9,WR9,Rashee Rice,KC / 5,10,196.62,0.1111111111,0.7290052278
,10,QB10,Trevor Lawrence,JAX / 7,10,280.69,0,0.8192697236,,10,RB10,Omarion Hampton,LAC / 7,9,227.07,-0.1,0.7186214317,,10,WR10,Nico Collins,HOU / 8,9,196.11,-0.1,0.727114308
,11,QB11,Brock Purdy,SF / 8,13,280.47,0.1818181818,0.8186275941,,11,RB11,Kenneth Walker,KC / 5,11,222.53,0,0.7042534338,,11,WR11,George Pickens,DAL / 14,11,193.46,0,0.71728894
,12,QB12,Jaxson Dart,NYG / 8,9,278.79,-0.25,0.8137240594,,12,RB12,Chase Brown,CIN / 6,10,222.49,-0.1666666667,0.7041268435,,12,WR12,DeVonta Smith,PHI / 10,17,187.34,0.4166666667,0.6945979014
,13,QB13,Patrick Mahomes,KC / 5,12,276.24,-0.07692307692,0.8062811944,,13,RB13,Josh Jacobs,GB / 11,14,218.45,0.07692307692,0.6913412241,,13,WR13,Chris Olave,NO / 8,12,186.86,-0.07692307692,0.6928182122
,14,QB14,Bo Nix,DEN / 10,14,274.29,0,0.8005895917,,14,RB14,Jeremiyah Love,ARI / 14,13,216.47,-0.07142857143,0.6850750047,,14,WR14,Tee Higgins,CIN / 6,14,184.46,0,0.6839197657
,15,QB15,Kyler Murray,MIN / 6,21,272.65,0.4,0.7958028079,,15,RB15,Breece Hall,NYJ / 13,16,213.54,0.06666666667,0.675802266,,15,WR15,Zay Flowers,BAL / 13,20,183.36,0.3333333333,0.679841311
,16,QB16,Matthew Stafford,LAR / 11,15,270.82,-0.0625,0.7904614576,,16,RB16,Kyren Williams,LAR / 11,15,208.11,-0.0625,0.658617634,,16,WR16,Ladd McConkey,LAC / 7,18,180.11,0.125,0.6677913314
,17,QB17,Jared Goff,DET / 6,16,266.08,-0.05882352941,0.7766264849,,17,RB17,Javonte Williams,DAL / 14,17,205.21,0,0.649439838,,17,WR17,Garrett Wilson,NYJ / 13,15,179.56,-0.1176470588,0.6657521041
,18,QB18,Tyler Shough,NO / 8,18,263.21,0,0.7682496133,,18,RB18,Cam Skattebo,NYG / 8,18,200.92,0,0.6358630293,,18,WR18,Tetairoa McMillan,CAR / 5,13,179.28,-0.2777777778,0.664713952
,19,QB19,Jordan Love,GB / 11,17,258.62,-0.1052631579,0.7548524561,,19,RB19,Bucky Irving,TB / 10,20,195.26,0.05263157895,0.6179505032,,19,WR19,Terry McLaurin,WAS / 7,22,177.29,0.1578947368,0.6573356568
,20,QB20,Malik Willis,MIA / 6,19,257.86,-0.05,0.7526341905,,20,RB20,Quinshon Judkins,CLE / 11,22,194.8,0.1,0.6164947149,,20,WR20,Jaylen Waddle,DEN / 10,23,175.78,0.15,0.6517370509
,21,QB21,Baker Mayfield,TB / 10,20,256.43,-0.04761904762,0.7484603485,,21,RB21,David Montgomery,HOU / 8,23,193.75,0.09523809524,0.6131717197,,21,WR21,Davante Adams,LAR / 11,26,174.22,0.2380952381,0.6459530607
,22,QB22,C.J. Stroud,HOU / 8,23,249.04,0.04545454545,0.7268906337,,22,RB22,Travis Etienne,NO / 8,19,191.41,-0.1363636364,0.6057661877,,22,WR22,Jameson Williams,DET / 6,24,172.14,0.09090909091,0.6382410737
,23,QB23,Sam Darnold,SEA / 11,22,236.34,-0.04347826087,0.6898222469,,23,RB23,D'Andre Swift,CHI / 10,24,188.74,0.04347826087,0.5973162858,,23,WR23,Emeka Egbuka,TB / 10,19,167.51,-0.1739130435,0.6210744874
,24,QB24,Daniel Jones,IND / 13,25,231.27,0.04166666667,0.6750240799,,24,RB24,Rhamondre Stevenson,NE / 11,29,178.82,0.2083333333,0.5659218938,,24,WR24,Mike Evans,SF / 8,27,165.2,0.125,0.6125097327
,,,,,,,,,,25,RB25,Bhayshul Tuten,JAX / 7,79,177.79,2.16,0.5626621938,,25,WR25,Luther Burden,CHI / 10,21,164.65,-0.16,0.6104705054
,,,TIGHT ENDS,,,,,,,26,RB26,Jaylen Warren,PIT / 9,26,175.03,0,0.5539274638,,26,WR26,Malik Nabers,NYG / 8,16,164.1,-0.3846153846,0.608431278
,Rank,,NAME,TEAM,ADP,PROJ,VALUE,% PROJ,,27,RB27,TreVeyon Henderson,NE / 11,21,172.12,-0.2222222222,0.5447180201,,27,WR27,Christian Watson,GB / 11,30,162.03,0.1111111111,0.600756368
,1,TE1,Brock Bowers,LV / 13,2,188.44,1,1,,28,RB28,Tony Pollard,TEN / 9,31,171.9,0.1071428571,0.5440217735,,28,WR28,DJ Moore,BUF / 7,25,160.99,-0.1071428571,0.5969003745
,2,TE2,Trey McBride,ARI / 14,1,178.85,-0.5,0.9491084695,,29,RB29,Jadarian Price,SEA / 11,25,168.12,-0.1379310345,0.5320589911,,29,WR29,Rome Odunze,CHI / 10,29,157.11,0,0.5825145527
,3,TE3,Colston Loveland,CHI / 10,3,158.53,0,0.8412757376,,30,RB30,Chuba Hubbard,CAR / 5,28,162.4,-0.06666666667,0.5139565795,,30,WR30,DK Metcalf,PIT / 9,35,155.21,0.1666666667,0.5754699492
,4,TE4,Tyler Warren,IND / 13,4,157.65,0,0.8366058162,,31,RB31,Rico Dowdle,PIT / 9,32,161.68,0.03225806452,0.5116779543,,31,WR31,Brian Thomas,JAX / 7,31,152.8,0,0.5665344259
,5,TE5,Tucker Kraft,GB / 11,6,149.28,0.2,0.792188495,,32,RB32,Kenneth Gainwell,TB / 10,79,150.67,1.46875,0.4768339768,,32,WR32,Michael Pittman,PIT / 9,43,151.53,0.34375,0.5618256646
,6,TE6,Harold Fannin,CLE / 11,5,141.67,-0.1666666667,0.7518042878,,33,RB33,Aaron Jones,MIN / 6,36,143.97,0.09090909091,0.4556301032,,33,WR33,Parker Washington,JAX / 7,39,149.71,0.1818181818,0.555077676
,7,TE7,Kyle Pitts,ATL / 11,7,139.49,0,0.7402356188,,34,RB34,J.K. Dobbins,DEN / 10,33,139.36,-0.02941176471,0.4410405722,,34,WR34,Courtland Sutton,DEN / 10,38,147.85,0.1176470588,0.54818138
,8,TE8,Sam LaPorta,DET / 6,8,137.31,0,0.7286669497,,35,RB35,Kyle Monangai,CHI / 10,30,138.12,-0.1428571429,0.4371162732,,35,WR35,Carnell Tate,TEN / 9,28,147.67,-0.2,0.5475139965
,9,TE9,Travis Kelce,KC / 5,13,133.9,0.4444444444,0.710571004,,36,RB36,Blake Corum,LAR / 11,34,136.3,-0.05555555556,0.431356415,,36,WR36,Alec Pierce,IND / 13,36,145.04,0,0.5377627822
,10,TE10,Mark Andrews,BAL / 13,14,133.57,0.4,0.7088197835,,37,RB37,RJ Harvey,DEN / 10,27,135.51,-0.2702702703,0.4288562567,,37,WR37,Quentin Johnston,LAC / 7,46,140.57,0.2432432432,0.5211894257
,11,TE11,George Kittle,SF / 8,10,129.41,-0.09090909091,0.6867437911,,38,RB38,Rachaad White,WAS / 7,39,135.13,0.02631578947,0.427653649,,38,WR38,Chris Godwin,TB / 10,41,139.49,0.07894736842,0.5171851248
,12,TE12,Dallas Goedert,PHI / 10,15,126.77,0.25,0.6727340267,,39,RB39,Jonathon Brooks,CAR / 5,35,125.15,-0.1025641026,0.3960693715,,39,WR39,Jayden Reed,GB / 11,47,139.47,0.2051282051,0.517110971
,13,TE13,Jake Ferguson,DAL / 14,12,124.05,-0.07692307692,0.6582997241,,40,RB40,Isiah Pacheco,DET / 6,58,125.08,0.45,0.3958478385,,40,WR40,Michael Wilson,ARI / 14,37,138.21,-0.075,0.5124392866
,14,TE14,Isaiah Likely,NYG / 8,17,123.14,0.2142857143,0.6534706007,,41,RB41,Jordan Mason,MIN / 6,42,114.98,0.0243902439,0.3638837901,,41,WR41,Jordyn Tyson,NO / 8,32,138.03,-0.2195121951,0.5117719032
,15,TE15,Dalton Kincaid,BUF / 7,9,119.15,-0.4,0.6322967523,,42,RB42,Jacory Croskey-Merritt,WAS / 7,37,112.62,-0.119047619,0.356414963,,42,WR42,Jakobi Meyers,JAX / 7,42,137.23,0,0.5088057543
,16,TE16,Brenton Strange,JAX / 7,18,112.52,0.125,0.5971131395,,43,RB43,Chris Rodriguez,JAX / 7,47,111.13,0.09302325581,0.3516994747,,43,WR43,Marvin Harrison,ARI / 14,33,136.82,-0.2325581395,0.5072856031
,17,TE17,Hunter Henry,NE / 11,16,112.3,-0.05882352941,0.5959456591,,44,RB44,Tyjae Spears,TEN / 9,48,106.89,0.09090909091,0.3382809039,,44,WR44,Makai Lemon,PHI / 10,34,134.86,-0.2272727273,0.5000185384
,18,TE18,Juwan Johnson,NO / 8,20,108.8,0.1111111111,0.5773721078,,45,RB45,Tyrone Tracy,NYG / 8,44,101.91,-0.02222222222,0.3225204127,,45,WR45,Jordan Addison,MIN / 6,44,134.67,-0.02222222222,0.4993140781
,19,TE19,Kenyon Sadiq,NYJ / 13,19,107.17,0,0.5687221397,,46,RB46,Woody Marks,HOU / 8,46,99.04,0,0.3134375593,,46,WR46,Josh Downs,IND / 13,51,132.98,0.1086956522,0.4930480887
,20,TE20,Dalton Schultz,HOU / 8,21,106.73,0.05,0.5663871789,,47,RB47,Brian Robinson,ATL / 11,45,96.67,-0.04255319149,0.3059370846,,47,WR47,Wan'Dale Robinson,TEN / 9,45,131.36,-0.04255319149,0.4870416373
,,,,,,,,,,48,RB48,Dylan Sampson,CLE / 11,49,94.07,0.02083333333,0.2977087157,,48,WR48,Romeo Doubs,NE / 11,48,128.05,0,0.4747691965
,,,,,,,,,,49,RB49,Justice Hill,BAL / 13,79,90.84,0.612244898,0.2874865498,,49,WR49,Xavier Worthy,KC / 5,50,125.03,0.02040816327,0.4635719847
,,,,,,,,,,50,RB50,Alvin Kamara,NO / 8,52,89.67,0.04,0.2837837838,,50,WR50,Jayden Higgins,HOU / 8,52,124.7,0.04,0.4623484483
,,,,,,,,,,51,RB51,Zach Charbonnet,SEA / 11,41,87.38,-0.1960784314,0.2765364897,,51,WR51,Matthew Golden,GB / 11,54,123.37,0.05882352941,0.4574172259
,,,,,,,,,,52,RB52,Tyler Allgeier,ARI / 14,40,85.67,-0.2307692308,0.2711247547,,52,WR52,Khalil Shakir,BUF / 7,53,121.69,0.01923076923,0.4511883134
,,,,,,,,,,53,RB53,Tank Bigsby,PHI / 10,57,70.51,0.07547169811,0.2231470346,,53,WR53,KC Concepcion,CLE / 11,49,119.45,-0.07547169811,0.4428830967
,,,,,,,,,,54,RB54,Keaton Mitchell,LAC / 7,55,68.85,0.01851851852,0.2178935376,,54,WR54,Ricky Pearsall,SF / 8,40,113.67,-0.2592592593,0.4214526714
,,,,,,,,,,55,RB55,Braelon Allen,NYJ / 13,53,66.24,-0.03636363636,0.2096335211,,55,WR55,Rashid Shaheed,SEA / 11,60,110.46,0.09090909091,0.4095509992
,,,,,,,,,,56,RB56,Mike Washington,LV / 13,54,66.07,-0.03571428571,0.2090955124,,56,WR56,Jalen Coker,CAR / 5,55,109.28,-0.01785714286,0.4051759297
,,,,,,,,,,57,RB57,Jonah Coleman,DEN / 10,43,63.74,-0.2456140351,0.201721628,,57,WR57,Tre Tucker,LV / 13,67,106.12,0.1754385965,0.3934596418
