,Abusing Fantasy Draft Rankings - 2026,,,,,,,,
,,,,,,,,,
,Finding Values,,,,,,Contact for questions:,,Extras
,"During drafts, the rankings you see will automatically be sorted by the host site's draft rankings. In each tab, the colored tabs will portray how much higher or lower the draft site has the player ranked. Typically if they're ranked higher on the site, they're going to be drafted higher, and vice versa if they are ranked lower - the site ranks influence the draft. These pages will help you during the draft to figure out if it's too early to take a player based on FantasyPros rankings.",,,,,,Twitter,,Newsletter
,,,,,,,Reddit,,
,,,,,,,,,
,Color Codes,,,,,,Jump To Page,,All Draft Comparisons
,Good Value (Blue),,QB,,,,ESPN Standard,,Standard
,Poor Value (Orange),,RB,,,,ESPN .5PPR,,Half PPR
,,,WR,,,,ESPN PPR,,PPR
,,,TE,,,,Yahoo Standard,,
,,,,,,,Yahoo .5PPR,,Date of Last Update
,Extras,,,,,,Yahoo PPR,,2026-09-04 00:00:00
,"- Insert an x to the left of player names to cross that player off, marking them as drafted.",,,,,,Sleeper Standard,,
,"   - In order to edit the sheet, make a copy by going to File > Make a copy",,,,,,Sleeper .5PPR,,Make a Copy
,,,,,,,Sleeper PPR,,Copy
,Sources,,,,,,Sleeper Superflex,,
,- ESPN draft rankings come from their mock drafts,,,,,,CBS PPR,,
,- Yahoo x-rank draft rankings come from their mock drafts,,,,,,,,
,- Sleeper draft rankings come from BeatADP,,,,,,,,
,,,,,,,,,
,New in 2026,,,,,,,,
,"Updated Landmine Score: A 1-10 scale rating how risky a player is in your draft room, based on how much earlier they're ranked on your platform versus expert consensus (ADP + FantasyPros), adjusted so it doesn't overreact when the gap is just position-based rather than a real disagreement.

1 = Great value
5-6 = Neutral, no real signal
10 = Landmine, avoid",,,,,,,,
