,Name,Team,BYE,Pos,ADP,FantasyPros,FLEA,FLEAvFP,Landmine,Round,Pick
,Ja'Marr Chase,CIN,10,WR,1,1,1,0,6,1,1
,Bijan Robinson,ATL,5,RB,2,2,2,0,6,,2
,Saquon Barkley,PHI,9,RB,3,4,3,-0.25,6,,3
,CeeDee Lamb,DAL,10,WR,6,5,4,-0.2,6.1,,4
,Jahmyr Gibbs,DET,8,RB,4,3,5,0.67,5.9,,5
,Justin Jefferson,MIN,6,WR,5,6,6,0,6,,6
,Derrick Henry,BAL,7,RB,8,11,7,-0.36,6.2,,7
,Nico Collins,HOU,6,WR,10,8,8,0,6.1,,8
,Brian Thomas,JAC,8,WR,16,14,9,-0.36,6.5,,9
,Malik Nabers,NYG,14,WR,12,7,10,0.43,6,,10
,Puka Nacua,LAR,8,WR,14,12,11,-0.08,6.2,,11
,Amon-Ra St. Brown,DET,8,WR,9,10,12,0.2,5.8,,12
,Christian McCaffrey,SF,14,RB,7,9,13,0.44,5.6,2,13
,Ashton Jeanty,LV,8,RB,11,13,14,0.08,5.8,,14
,Drake London,ATL,5,WR,15,15,15,0,6,,15
,Jonathan Taylor,IND,11,RB,18,19,16,-0.16,6.2,,16
,A.J. Brown,PHI,9,WR,22,17,17,0,6.2,,17
,Josh Jacobs,GB,5,RB,13,20,18,-0.1,5.9,,18
,Brock Bowers,LV,8,TE,21,18,19,0.06,6,,19
,George Kittle,SF,14,TE,28,30,20,-0.33,6.7,,20
,De'Von Achane,MIA,12,RB,17,16,21,0.31,5.6,,21
,Bucky Irving,TB,9,RB,19,21,22,0.05,5.8,,22
,Ladd McConkey,LAC,12,WR,26,23,23,0,6.1,,23
,Kyren Williams,LAR,8,RB,25,26,24,-0.08,6.1,,24
,Josh Allen,BUF,7,QB,23,25,25,0,5.9,3,25
,Lamar Jackson,BAL,7,QB,24,27,26,-0.04,6,,26
,Chase Brown,CIN,10,RB,20,22,27,0.23,5.5,,27
,Tee Higgins,CIN,10,WR,31,28,28,0,6.1,,28
,Mike Evans,TB,9,WR,35,32,29,-0.09,6.4,,29
,Trey McBride,ARI,8,TE,27,24,30,0.25,5.6,,30
,Jayden Daniels,WAS,12,QB,33,33,31,-0.06,6.2,,31
,Tyreek Hill,MIA,12,WR,39,31,32,0.03,6.2,,32
,James Cook,BUF,7,RB,30,35,33,-0.06,6,,33
,Jaxon Smith-Njigba,SEA,8,WR,34,29,34,0.17,5.8,,34
,Davante Adams,LAR,8,WR,46,36,35,-0.03,6.5,,35
,Jalen Hurts,PHI,9,QB,32,38,36,-0.05,5.9,,36
,Garrett Wilson,NYJ,9,WR,41,34,37,0.09,6,4,37
,Kenneth Walker,SEA,8,RB,36,39,38,-0.03,6,,38
,Marvin Harrison,ARI,8,WR,37,40,39,-0.03,6,,39
,Omarion Hampton,LAC,12,RB,29,37,40,0.08,5.4,,40
,Terry McLaurin,WAS,12,WR,40,41,41,0,6,,41
,Breece Hall,NYJ,9,RB,44,43,42,-0.02,6.1,,42
,Joe Burrow,CIN,10,QB,43,46,43,-0.07,6.1,,43
,DK Metcalf,PIT,5,WR,48,47,44,-0.06,6.3,,44
,Chuba Hubbard,CAR,14,RB,42,49,45,-0.08,6,,45
,James Conner,ARI,8,RB,45,50,46,-0.08,6.1,,46
,Jameson Williams,DET,8,WR,65,53,47,-0.11,7,,47
,Alvin Kamara,NO,11,RB,38,42,48,0.14,5.4,,48
,DJ Moore,CHI,5,WR,57,44,49,0.11,6.1,5,49
,Courtland Sutton,DEN,12,WR,56,45,50,0.11,6,,50
,TreVeyon Henderson,NE,14,RB,47,48,51,0.06,5.7,,51
,Xavier Worthy,KC,10,WR,53,54,52,-0.04,6.1,,52
,Calvin Ridley,TEN,10,WR,66,55,53,-0.04,6.6,,53
,Zay Flowers,BAL,7,WR,63,58,54,-0.07,6.5,,54
,George Pickens,DAL,10,WR,51,56,55,-0.02,5.9,,55
,David Montgomery,DET,8,RB,59,61,56,-0.08,6.3,,56
,DeVonta Smith,PHI,9,WR,54,51,57,0.12,5.6,,57
,Tetairoa McMillan,CAR,14,WR,58,52,58,0.12,5.8,,58
,D'Andre Swift,CHI,5,RB,61,59,59,0,6.1,,59
,Sam LaPorta,DET,8,TE,50,64,60,-0.06,5.8,,60
,Tony Pollard,TEN,10,RB,49,57,61,0.07,5.4,6,61
,Isiah Pacheco,KC,10,RB,60,63,62,-0.02,6,,62
,RJ Harvey,DEN,12,RB,52,60,63,0.05,5.4,,63
,Patrick Mahomes,KC,10,QB,55,66,64,-0.03,5.7,,64
,Jaylen Waddle,MIA,12,WR,62,62,65,0.05,5.8,,65
,Aaron Jones,MIN,6,RB,68,65,66,0.02,6,,66
,Mark Andrews,BAL,7,TE,70,81,67,-0.17,6.7,,67
,Baker Mayfield,TB,9,QB,78,70,68,-0.03,6.5,,68
,Bo Nix,DEN,12,QB,69,73,69,-0.05,6.2,,69
,Travis Hunter,JAC,8,WR,73,67,70,0.04,6,,70
,T.J. Hockenson,MIN,6,TE,64,68,71,0.04,5.6,,71
,Kaleb Johnson,PIT,5,RB,71,77,72,-0.06,6.2,,72
,Tyrone Tracy,NYG,14,RB,72,74,73,-0.01,6,7,73
,Rashee Rice,KC,10,WR,81,72,74,0.03,6.2,,74
,Rome Odunze,CHI,5,WR,75,71,75,0.06,5.8,,75
,Kyler Murray,ARI,8,QB,94,82,76,-0.07,7,,76
,Ricky Pearsall,SF,14,WR,74,76,77,0.01,5.8,,77
,Chris Olave,NO,11,WR,76,69,78,0.13,5.6,,78
,Jerry Jeudy,CLE,9,WR,83,75,79,0.05,6,,79
,Jordan Mason,MIN,6,RB,79,87,80,-0.08,6.2,,80
,Travis Kelce,KC,10,TE,67,80,81,0.01,5.4,,81
,Dak Prescott,DAL,10,QB,90,84,82,-0.02,6.4,,82
,Jaylen Warren,PIT,5,RB,80,79,83,0.05,5.7,,83
,Deebo Samuel,WAS,12,WR,85,89,84,-0.06,6.2,,84
,Jordan Addison,MIN,6,WR,97,91,85,-0.07,6.7,8,85
,Joe Mixon,HOU,6,RB,103,129,86,-0.33,8.4,,86
,David Njoku,CLE,9,TE,89,86,87,0.01,6,,87
,Brock Purdy,SF,14,QB,82,93,88,-0.05,6,,88
,Tucker Kraft,GB,5,TE,84,98,89,-0.09,6.2,,89
,Jayden Reed,GB,5,WR,113,104,90,-0.13,7.5,,90
,Emeka Egbuka,TB,9,WR,77,78,91,0.17,4.9,,91
,Travis Etienne,JAC,8,RB,93,88,92,0.05,5.9,,92
,Jauan Jennings,SF,14,WR,101,95,93,-0.02,6.4,,93
,Justin Fields,NYJ,9,QB,110,94,94,0,6.6,,94
,Jakobi Meyers,LV,8,WR,87,85,95,0.12,5.3,,95
,Justin Herbert,LAC,12,QB,106,99,96,-0.03,6.5,,96
,Caleb Williams,CHI,5,QB,118,101,97,-0.04,7,9,97
,Tank Bigsby,JAC,8,RB,99,110,98,-0.11,6.5,,98
,Tyler Warren,IND,11,TE,91,100,99,-0.01,5.7,,99
,Stefon Diggs,NE,14,WR,86,83,100,0.2,4.8,,100
,Zach Charbonnet,SEA,8,RB,95,92,101,0.1,5.4,,101
,Drake Maye,NE,14,QB,114,102,102,0,6.5,,102
,Evan Engram,DEN,12,TE,88,90,103,0.14,4.9,,103
,Jared Goff,DET,8,QB,116,108,104,-0.04,6.6,,104
,J.K. Dobbins,DEN,12,RB,96,105,105,0,5.6,,105
,Javonte Williams,DAL,10,RB,102,97,106,0.09,5.5,,106
,Rhamondre Stevenson,NE,14,RB,107,111,107,-0.04,6.2,,107
,Matthew Golden,GB,5,WR,92,96,108,0.13,4.9,,108
,Jordan Love,GB,5,QB,129,114,109,-0.04,7,10,109
,Khalil Shakir,BUF,7,WR,112,103,110,0.07,5.8,,110
,Chris Godwin,TB,9,WR,121,112,111,-0.01,6.4,,111
,Trevor Lawrence,JAC,8,QB,164,115,112,-0.03,8.2,,112
,Quinshon Judkins,CLE,9,RB,131,134,113,-0.16,7.6,,113
,C.J. Stroud,HOU,6,QB,140,119,114,-0.04,7.2,,114
,Josh Downs,IND,11,WR,120,107,115,0.07,5.9,,115
,Keon Coleman,BUF,7,WR,127,121,116,-0.04,6.6,,116
,Cooper Kupp,SEA,8,WR,104,113,117,0.04,5.3,,117
,Cam Skattebo,NYG,14,RB,109,117,118,0.01,5.6,,118
,Jacory Croskey-Merritt,WAS,12,RB,98,106,119,0.12,4.6,,119
,Najee Harris,LAC,12,RB,141,133,120,-0.1,7.4,,120
,Dalton Kincaid,BUF,7,TE,125,122,121,-0.01,6.2,11,121
,Dallas Goedert,PHI,9,TE,128,125,122,-0.02,6.4,,122
,Kyle Pitts,ATL,5,TE,138,139,123,-0.12,7.2,,123
,Darnell Mooney,ATL,5,WR,148,123,124,0.01,6.9,,124
,J.J. McCarthy,MIN,6,QB,145,120,125,0.04,6.6,,125
,Michael Pittman,IND,11,WR,115,109,126,0.16,4.9,,126
,Brian Robinson,SF,14,RB,123,130,127,-0.02,6,,127
,Braelon Allen,NYJ,9,RB,100,124,128,0.03,4.7,,128
,Tyjae Spears,TEN,10,RB,156,137,129,-0.06,7.4,,129
,Colston Loveland,CHI,5,TE,122,126,130,0.03,5.5,,130
,Ray Davis,BUF,7,RB,150,136,131,-0.04,7,,131
,Brandon Aiyuk,SF,14,WR,143,131,132,0.01,6.4,,132
,Rashid Shaheed,NO,11,WR,130,127,133,0.05,5.6,12,133
,Trey Benson,ARI,8,RB,146,132,134,0.02,6.4,,134
,Austin Ekeler,WAS,12,RB,119,116,135,0.16,4.6,,135
,Rachaad White,TB,9,RB,144,128,136,0.06,6,,136
,Tyler Allgeier,ATL,5,RB,161,143,137,-0.04,7.2,,137
,Tua Tagovailoa,MIA,12,QB,212,142,138,-0.03,9.1,,138
,Rashod Bateman,BAL,7,WR,151,140,139,-0.01,6.5,,139
,Jake Ferguson,DAL,10,TE,117,118,140,0.19,4.2,,140
,Christian Kirk,HOU,6,WR,152,135,141,0.04,6.2,,141
,Nick Chubb,HOU,6,RB,126,141,142,0.01,5.3,,142
,Bryce Young,CAR,14,QB,182,149,143,-0.04,7.8,,143
,Jaydon Blue,DAL,10,RB,149,138,144,0.04,6,,144
,Marvin Mims,DEN,12,WR,157,145,145,0,6.5,13,145
,Hunter Henry,NE,14,TE,153,147,146,-0.01,6.3,,146
,Michael Penix,ATL,5,QB,177,152,147,-0.03,7.4,,147
,Isaac Guerendo,SF,14,RB,184,171,148,-0.13,8.4,,148
,Luther Burden,CHI,5,WR,170,146,149,0.02,6.7,,149
,Jerome Ford,CLE,9,RB,142,151,150,-0.01,5.7,,150
,Jonnu Smith,PIT,5,TE,176,157,151,-0.04,7.2,,151
,Cedric Tillman,CLE,9,WR,173,148,152,0.03,6.7,,152
,Bhayshul Tuten,JAC,8,RB,133,144,153,0.06,4.8,,153
,Rico Dowdle,CAR,14,RB,181,162,154,-0.05,7.4,,154
,Dylan Sampson,CLE,9,RB,136,150,156,0.04,5,,155
,Jayden Higgins,HOU,6,WR,147,154,157,0.02,5.5,,156
,Romeo Doubs,GB,5,WR,202,158,158,0,7.8,14,157
,Matthew Stafford,LAR,8,QB,197,156,159,0.02,7.4,,158
,Geno Smith,LV,8,QB,180,155,160,0.03,6.6,,159
,Zach Ertz,WAS,12,TE,163,153,161,0.05,5.8,,160
,Isaiah Likely,BAL,7,TE,263,178,162,-0.09,10,,161
,Jaylen Wright,MIA,12,RB,203,173,163,-0.06,8,,162
,Marquise Brown,KC,10,WR,192,160,164,0.03,7,,163
,Keenan Allen,LAC,12,WR,139,159,166,0.04,4.6,,164
,Kyle Williams,NE,14,WR,196,165,167,0.01,7.1,,165
,Tre' Harris,LAC,12,WR,186,169,170,0.01,6.6,,166
,Adam Thielen,MIN,6,WR,171,164,171,0.04,5.7,,167
,Roschon Johnson,CHI,5,RB,240,175,172,-0.02,8.8,,168
,Joshua Palmer,BUF,7,WR,166,166,174,0.05,5.4,15,169
,DeMario Douglas,NE,14,WR,191,163,175,0.07,6.2,,170
,Quentin Johnston,LAC,12,WR,227,177,176,-0.01,8.1,,171
,Blake Corum,LAR,8,RB,207,180,177,-0.02,7.3,,172
,Brenton Strange,JAC,8,TE,193,167,178,0.07,6.2,,173
,Cam Ward,TEN,10,QB,185,168,179,0.07,5.8,,174
,Sam Darnold,SEA,8,QB,225,172,181,0.05,7.4,,175
,Wan'Dale Robinson,NYG,14,WR,189,161,183,0.14,5.4,,176
,Xavier Legette,CAR,14,WR,206,170,184,0.08,6.3,,177
,DeAndre Hopkins,BAL,7,WR,218,185,187,0.01,7.2,,178
,Alec Pierce,IND,11,WR,246,190,191,0.01,8.2,,179
,Cade Otton,TB,9,TE,248,182,194,0.07,7.7,,180
,MarShawn Lloyd,GB,5,RB,270,201,195,-0.03,9.2,16,181
,Mike Gesicki,CIN,10,TE,241,183,200,0.09,7,,182
,Pat Freiermuth,PIT,5,TE,232,184,202,0.1,6.5,,183
,Jalen Coker,CAR,14,WR,222,181,203,0.12,5.9,,184
,Chig Okonkwo,TEN,10,TE,194,176,204,0.16,4.5,,185
,Kyle Monangai,CHI,5,RB,219,186,205,0.1,5.8,,186
,Will Shipley,PHI,9,RB,183,188,206,0.1,4.4,,187
,Ollie Gordon,MIA,12,RB,160,174,207,0.19,2.8,,188
,Jalen McMillan,TB,9,WR,265,220,208,-0.05,8.8,,189
,Kendre Miller,NO,11,RB,254,198,209,0.06,7.4,,190
,Aaron Rodgers,PIT,5,QB,217,192,212,0.1,5.4,,191
,Michael Wilson,ARI,8,WR,281,196,213,0.09,8,,192
,DJ Giddens,IND,11,RB,237,191,214,0.12,6,17,193
,Mason Taylor,NYJ,9,TE,200,189,218,0.15,4.1,,194
,Keaton Mitchell,BAL,7,RB,247,206,219,0.06,6.6,,195
,Darius Slayton,NYG,14,WR,257,203,220,0.08,6.8,,196
,Kareem Hunt,KC,10,RB,190,197,221,0.12,3.8,,197
,Miles Sanders,DAL,10,RB,261,217,222,0.02,7.4,,198
,Adonai Mitchell,IND,11,WR,251,202,224,0.11,6.2,,199
,Jack Bech,LV,8,WR,272,205,225,0.1,7.1,,200
,Dontayvion Wicks,GB,5,WR,324,223,227,0.02,9.7,,201
,Justice Hill,BAL,7,RB,279,193,228,0.18,6.6,,202
,Calvin Austin,PIT,5,WR,284,213,229,0.08,7.6,,203
,Dalton Schultz,HOU,6,TE,283,204,230,0.13,7.1,,204
,Andrei Iosivas,CIN,10,WR,235,210,231,0.1,5.3,18,205
,Elic Ayomanor,TEN,10,WR,229,200,232,0.16,4.6,,206
,Jaylin Noel,HOU,6,WR,271,209,233,0.11,6.6,,207
,Pat Bryant,DEN,12,WR,216,199,234,0.18,3.9,,208
,Woody Marks,HOU,6,RB,178,179,235,0.31,1.5,,209
,Elijah Arroyo,SEA,8,TE,221,212,237,0.12,4.4,,210
,Juwan Johnson,NO,11,TE,282,211,238,0.13,6.7,,211
,Tahj Brooks,CIN,10,RB,277,215,239,0.11,6.6,,212
,Ja'Tavion Sanders,CAR,14,TE,267,208,241,0.16,5.7,,213
,Tyler Lockett,TEN,10,WR,264,218,242,0.11,5.9,,214
,Jarquez Hunter,LAR,8,RB,262,207,243,0.17,5.3,,215
,Sean Tucker,TB,9,RB,255,224,246,0.1,5.5,,216
,Devin Neal,NO,11,RB,291,221,247,0.12,6.7,,217
,Daniel Jones,IND,11,QB,273,194,249,0.28,4.8,,218
,Chris Rodriguez,WAS,12,RB,238,187,251,0.34,2.9,,219
,Dyami Brown,JAC,8,WR,280,222,252,0.14,5.9,,220
,Russell Wilson,NYG,14,QB,268,216,253,0.17,5.1,,221
,Anthony Richardson,IND,11,QB,258,214,258,0.21,4.2,,222
,Tory Horton,SEA,8,WR,249,225,261,0.16,4.1,,223
,Brashard Smith,KC,10,RB,275,219,269,0.23,4.2,,224
,Dameon Pierce,HOU,6,RB,230,195,290,0.49,0,,225
