Player,Team,POS,Average_ADP,Depth,ESPN_ADP
Ja'Marr Chase,CIN,WR1,1,WR1,1
Bijan Robinson,ATL,RB1,2.5,RB1,2
Saquon Barkley,PHI,RB2,3,RB1,4
Jahmyr Gibbs,DET,RB3,4,RB1,5
Justin Jefferson,MIN,WR2,5,WR1,3
CeeDee Lamb,DAL,WR3,5.5,WR1,6
Malik Nabers,NYG,WR4,8.5,WR1,9
Amon-Ra St. Brown,DET,WR5,9,WR1,10
Ashton Jeanty,LV,RB4,10,RB1,12
Puka Nacua,LAR,WR6,10.5,WR1,8
Derrick Henry,BAL,RB6,10.5,RB1,11
Christian McCaffrey,SF,RB5,10.5,RB1,7
Nico Collins,HOU,WR7,12,WR1,13
Brian Thomas,JAC,WR8,14,WR1,14
De'Von Achane,MIA,RB7,14.5,RB1,18
Brock Bowers,LV,TE1,17.5,TE1,20
Bucky Irving,TB,RB8,17.5,RB1,23
Josh Jacobs,GB,RB9,18,RB1,19
Drake London,ATL,WR9,18.5,WR1,16
A.J. Brown,PHI,WR10,22,WR1,15
Jonathan Taylor,IND,RB10,22,RB1,17
Chase Brown,CIN,RB11,22.5,RB1,32
Josh Allen,BUF,QB1,22.5,QB1,28
Lamar Jackson,BAL,QB2,23.5,QB1,29
Ladd McConkey,LAC,WR11,25,WR1,27
Trey McBride,ARI,TE2,25,TE1,21
Kyren Williams,LAR,RB12,25.5,RB1,22
Jayden Daniels,WAS,QB3,28.5,QB1,30
Tyreek Hill,MIA,WR12,28.5,WR1,26
Jaxon Smith-Njigba,SEA,WR13,30.5,WR1,36
Breece Hall,NYJ,RB13,32.5,RB1,45
James Cook,BUF,RB14,33,RB1,33
Tee Higgins,CIN,WR14,33.5,WR2,24
Omarion Hampton,LAC,RB15,34.5,RB1,37
Garrett Wilson,NYJ,WR15,35.5,WR1,48
Joe Burrow,CIN,QB4,38,QB1,39
Jalen Hurts,PHI,QB5,38.5,QB1,31
Alvin Kamara,NO,RB16,39,RB1,42
George Kittle,SF,TE3,39,TE1,40
Terry McLaurin,WAS,WR16,39.5,WR1,34
Marvin Harrison,ARI,WR17,40,WR1,47
Mike Evans,TB,WR18,41.5,WR1,35
Kenneth Walker,SEA,RB17,41.5,RB1,38
Davante Adams,LAR,WR19,42.5,WR2,25
Chuba Hubbard,CAR,RB18,44.5,RB1,41
DJ Moore,CHI,WR20,47.5,WR1,54
James Conner,ARI,RB19,50,RB1,43
DK Metcalf,PIT,WR21,50.5,WR1,50
Courtland Sutton,DEN,WR22,50.5,WR1,53
TreVeyon Henderson,NE,RB20,52,RB1,44
Rashee Rice,KC,WR23,53.5,WR1,55
RJ Harvey,DEN,RB21,54,RB1,71
DeVonta Smith,PHI,WR24,55.5,WR2,60
Tetairoa McMillan,CAR,WR25,56.5,WR1,64
David Montgomery,DET,RB22,57,RB2,67
Sam LaPorta,DET,TE4,58.5,TE1,61
Patrick Mahomes,KC,QB6,59,QB1,62
Xavier Worthy,KC,WR26,59,WR2,46
Jameson Williams,DET,WR27,59,WR2,56
Joe Mixon,HOU,RB23,60,RB1,81
Isiah Pacheco,KC,RB24,60,RB1,72
D'Andre Swift,CHI,RB25,61.5,RB1,52
Zay Flowers,BAL,WR28,61.5,WR1,49
George Pickens,DAL,WR29,62.5,WR2,57
Aaron Jones,MIN,RB26,63.5,RB1,70
Tony Pollard,TEN,RB27,64,RB1,68
Calvin Ridley,TEN,WR30,66.5,WR1,51
T.J. Hockenson,MIN,TE5,67,TE1,69
Travis Hunter,JAC,WR31,68.5,WR2,66
Travis Kelce,KC,TE6,69.5,TE1,84
Jerry Jeudy,CLE,WR32,69.5,WR1,65
Baker Mayfield,TB,QB7,71.5,QB1,63
Kaleb Johnson,PIT,RB28,73,RB1,82
Jaylen Waddle,MIA,WR33,73,WR2,59
Chris Olave,NO,WR34,73,WR1,76
Tyrone Tracy,NYG,RB29,75.5,RB1,80
Bo Nix,DEN,QB8,79,QB1,87
Rome Odunze,CHI,WR35,80.5,WR2,58
Jaylen Warren,PIT,RB30,81.5,RB2,90
Jordan Addison,MIN,WR36,82.5,WR2,78
Quinshon Judkins,CLE,RB31,84,RB1,91
Deebo Samuel,WAS,WR37,84,WR2,98
Chris Godwin,TB,WR38,86,WR2,74
Stefon Diggs,NE,WR39,86.5,WR1,97
Mark Andrews,BAL,TE7,87,TE1,83
Jakobi Meyers,LV,WR40,87.5,WR1,75
Travis Etienne,JAC,RB32,88,RB1,119
Brian Robinson,SF,RB33,88.5,RB2,115
Cooper Kupp,SEA,WR41,88.5,WR2,77
Ricky Pearsall,SF,WR42,89,WR1,103
Evan Engram,DEN,TE8,89,TE1,86
Matthew Golden,GB,WR43,91,WR1,73
Kyler Murray,ARI,QB9,92.5,QB1,88
Khalil Shakir,BUF,WR44,93.5,WR1,101
Jordan Mason,MIN,RB34,100,RB2,118
Javonte Williams,DAL,RB35,100.5,RB1,94
Jared Goff,DET,QB10,100.5,QB1,123
Jauan Jennings,SF,WR45,100.5,WR2,100
Zach Charbonnet,SEA,RB36,101,RB2,132
Tyler Warren,IND,TE9,101,TE1,113
Emeka Egbuka,TB,WR46,102.5,WR3,79
David Njoku,CLE,TE10,103,TE1,85
Dak Prescott,DAL,QB11,105.5,QB1,106
Jayden Reed,GB,WR47,106,WR2,102
Caleb Williams,CHI,QB12,106.5,QB1,105
Najee Harris,LAC,RB37,107,RB2,147
Cam Skattebo,NYG,RB38,107,RB2,95
Rhamondre Stevenson,NE,RB39,108.5,RB2,93
Brock Purdy,SF,QB13,110,QB1,89
Justin Herbert,LAC,QB14,111,QB1,104
Michael Pittman,IND,WR48,112,WR1,96
J.K. Dobbins,DEN,RB40,112.5,RB2,92
Josh Downs,IND,WR49,112.5,WR2,110
Colston Loveland,CHI,TE11,113,TE1,125
Tyjae Spears,TEN,RB41,114,RB2,116
Justin Fields,NYJ,QB15,114.5,QB1,107
Tucker Kraft,GB,TE12,114.5,TE1,126
Jonnu Smith,PIT,TE13,116,TE1,166
Brandon Aiyuk,SF,WR50,117.5,WR3,140
Darnell Mooney,ATL,WR51,120.5,WR2,108
Tank Bigsby,JAC,RB42,120.5,RB2,117
Keon Coleman,BUF,WR52,120.5,WR2,99
Drake Maye,NE,QB16,124.5,QB1,121
Jake Ferguson,DAL,TE14,124.5,TE1,142
Jaydon Blue,DAL,RB43,125,RB2,133
Jayden Higgins,HOU,WR53,125.5,WR2,112
Rachaad White,TB,RB44,126,RB2,131
Dalton Kincaid,BUF,TE15,127,TE1,129
C.J. Stroud,HOU,QB17,129,QB1,145
Austin Ekeler,WAS,RB45,131.5,RB1,114
Jordan Love,GB,QB18,131.5,QB1,122
J.J. McCarthy,MIN,QB19,135,QB1,124
Bhayshul Tuten,JAC,RB46,135,RB3,149
Jerome Ford,CLE,RB47,136,RB2,148
Marvin Mims,DEN,WR54,136,WR2,153
Trey Benson,ARI,RB48,136.5,RB2,130
Kyle Pitts,ATL,TE16,137.5,TE1,128
Rashid Shaheed,NO,WR55,139.5,WR2,111
Trevor Lawrence,JAC,QB20,140,QB1,174
Dallas Goedert,PHI,TE17,140.5,TE1,127
Rico Dowdle,CAR,RB49,140.5,RB2,199
Isaac Guerendo,SF,RB51,141,RB3,150
Luther Burden,CHI,WR56,141,WR3,157
Ray Davis,BUF,RB50,141,RB2,151
Christian Kirk,HOU,WR57,144.5,WR3,154
Tre' Harris,LAC,WR58,145,WR2,158
Braelon Allen,NYJ,RB52,146,RB2,146
Tyler Allgeier,ATL,RB53,149,RB2,134
Nick Chubb,HOU,RB54,150.5,RB2,161
Tua Tagovailoa,MIA,QB21,152.5,QB1,143
Hunter Henry,NE,TE18,154.5,TE1,141
Marquise Brown,KC,WR59,154.5,WR3,139
Keenan Allen,LAC,WR60,156,WR3,109
Dylan Sampson,CLE,RB55,158,RB3,188
Zach Ertz,WAS,TE19,159,TE1,165
Denver Broncos,DST,DST1,159.5,DST1,
Philadelphia Eagles,DST,DST2,161,DST2,
Jack Bech,LV,WR61,162,WR2,163
Bryce Young,CAR,QB22,163,QB1,194
Jaylen Wright,MIA,RB56,163.5,RB2,135
Michael Penix,ATL,QB23,163.5,QB1,176
Cam Ward,TEN,QB24,164.5,QB1,175
Matthew Stafford,LAR,QB25,168,QB1,144
Rashod Bateman,BAL,WR62,169.5,WR2,155
DeAndre Hopkins,BAL,WR63,170,WR3,181
Brenton Strange,JAC,TE20,171,TE1,182
Cedric Tillman,CLE,WR64,171.5,WR2,138
Jalen McMillan,TB,WR65,172,WR4,232
Pittsburgh Steelers,DST,DST3,172,DST3,
Kyle Williams,NE,WR66,173.5,WR2,164
Geno Smith,LV,QB26,175.5,QB1,195
Cade Otton,TB,TE21,176,TE1,168
Isaiah Likely,BAL,TE22,176.5,TE2,193
Adam Thielen,CAR,WR67,176.5,WR2,136
Wan'Dale Robinson,NYG,WR68,177.5,WR2,152
Minnesota Vikings,DST,DST4,178.5,DST4,
Sam Darnold,SEA,QB27,180.5,QB1,196
Kyle Monangai,CHI,RB57,181,RB2,217
Mason Taylor,NYJ,TE23,182.5,TE1,191
Xavier Legette,CAR,WR69,182.5,WR3,137
DeMario Douglas,NE,WR70,184,WR3,156
Justice Hill,BAL,RB58,184.5,RB2,162
Joshua Palmer,BUF,WR71,186.5,WR3,177
Aaron Rodgers,PIT,QB28,187.5,QB1,236
Anthony Richardson,IND,QB29,188.5,QB1,
Romeo Doubs,GB,WR72,188.5,WR3,169
Baltimore Ravens,DST,DST5,189,DST5,
Chig Okonkwo,TEN,TE24,191.5,TE1,183
Houston Texans,DST,DST6,192,DST6,
Roschon Johnson,CHI,RB59,193,RB3,172
Brandon Aubrey,DAL,K1,193.5,K1,
Kareem Hunt,KC,RB60,197.5,RB2,190
Mike Gesicki,CIN,TE25,198,TE1,228
Blake Corum,LAR,RB61,198,RB2,197
San Francisco 49ers,DST,DST7,198,DST7,
Pat Freiermuth,PIT,TE26,198.5,TE2,192
Cameron Dicker,LAC,K2,202.5,K1,
Alec Pierce,IND,WR73,207,WR3,239
Jarquez Hunter,LAR,RB62,207.5,RB3,234
Buffalo Bills,DST,DST8,208,DST8,
Kansas City Chiefs,DST,DST9,208,DST9,
Russell Wilson,NYG,QB30,208.5,QB1,237
Dalton Schultz,HOU,TE27,208.5,TE1,227
Jake Bates,DET,K3,209,K1,
Will Shipley,PHI,RB63,209.5,RB2,160
Detroit Lions,DST,DST10,209.5,DST10,
Quentin Johnston,LAC,WR74,212.5,WR4,185
Ka'imi Fairbairn,HOU,K4,212.5,K1,
Chris Rodriguez,WAS,RB78,213,RB2,
DJ Giddens,IND,RB64,213.5,RB2,202
Pat Bryant,DEN,WR75,214,WR3,184
Jacory Croskey-Merritt,WAS,RB65,214,RB3,120
Brashard Smith,KC,RB66,215,RB3,
MarShawn Lloyd,GB,RB67,215.5,RB2,171
Woody Marks,HOU,RB68,216,RB3,189
Jaxson Dart,NYG,QB31,218.5,QB2,
Washington Commanders,DST,DST11,222,DST11,
Elijah Arroyo,SEA,TE28,223,TE1,226
Harrison Butker,KC,K5,223,K1,
Ja'Tavion Sanders,CAR,TE29,225,TE1,256
Ollie Gordon,MIA,RB69,225,RB3,218
Tyler Shough,NO,QB32,226,QB1,
Daniel Jones,IND,QB33,226.5,QB2,235
Miles Sanders,DAL,RB70,226.5,RB3,201
Shedeur Sanders,CLE,QB34,230.5,QB1,
Darren Waller,MIA,TE30,230.5,TE1,
Brandon McManus,GB,K14,231,K1,
Tahj Brooks,CIN,RB71,232,RB2,250
Sean Tucker,TB,RB82,233,RB3,219
Keaton Mitchell,BAL,RB72,233.5,RB3,221
Chase McLaughlin,TB,K6,238,K1,
Jaylin Noel,HOU,WR76,238.5,WR4,305
Cam Little,JAC,K15,239,K1,
Los Angeles Rams,DST,DST12,239,DST12,
Tennessee Titans,DST,DST20,240,DST13,
Spencer Rattler,NO,QB38,241,QB2,
Tyler Bass,BUF,K7,242.5,K1,
Jalen Royals,KC,WR77,242.5,WR4,369
Ray-Ray McCloud,ATL,WR91,243,WR3,
Juwan Johnson,NO,TE31,244,TE1,255
Dont'e Thornton,LV,WR78,244,WR3,
Devin Neal,NO,RB73,244.5,RB2,222
New York Giants,DST,DST13,245,DST14,
Cole Kmet,CHI,TE32,245.5,TE2,287
Michael Wilson,ARI,WR79,246,WR2,159
Tampa Bay Buccaneers,DST,DST14,246.5,DST15,
A.J. Dillon,PHI,RB84,247,RB3,
Arizona Cardinals,DST,DST22,248,DST16,
Joe Flacco,CLE,QB35,248,QB2,
Chris Boswell,PIT,K8,248,K1,
Evan McPherson,CIN,K9,248.5,K1,
Adonai Mitchell,IND,WR81,251,WR4,187
Darius Slayton,NYG,WR82,251.5,WR3,180
Jake Elliott,PHI,K10,251.5,K1,
Green Bay Packers,DST,DST16,253,DST17,
Terrance Ferguson,LAR,TE33,253.5,TE1,
Matt Gay,WAS,K17,254,K1,
Isaac TeSlaa,DET,WR83,254,WR3,
Seattle Seahawks,DST,DST15,255,DST18,
Jason Sanders,MIA,K12,255,K1,
Wil Lutz,DEN,K11,255,K1,
Raheem Mostert,LV,RB74,255.5,RB2,215
New York Jets,DST,DST17,256.5,DST19,
Roman Wilson,PIT,WR84,257,WR2,310
Dyami Brown,JAC,WR85,258,WR3,206
Elijah Mitchell,KC,RB75,259,RB4,214
Theo Johnson,NYG,TE34,259.5,TE1,
Tyler Loop,BAL,K13,259.5,K1,
Xavier Restrepo,TEN,WR96,261,WR2,
Kendre Miller,NO,RB76,261,RB3,198
Dallas Cowboys,DST,DST18,261.5,DST20,
Jimmy Garoppolo,LAR,QB39,262,QB2,
Zack Moss,,RB79,262.5,NO TEAM,
Olamide Zaccheaus,CHI,WR97,263,WR4,
Trevor Etienne,CAR,RB80,263.5,RB3,
Tory Horton,SEA,WR86,263.5,WR3,
Chicago Bears,DST,DST24,264,DST21,
Dontayvion Wicks,GB,WR88,264.5,WR4,338
Amari Cooper,,WR80,264.5,NO TEAM,
Los Angeles Chargers,DST,DST19,265,DST22,
Dameon Pierce,HOU,RB86,265,RB4,
Tyler Conklin,LAC,TE35,268,TE1,
Elic Ayomanor,TEN,WR89,269,WR3,309
Jordan James,SF,RB77,270.5,RB4,
Tyler Lockett,TEN,WR87,271,WR4,170
Jaleel McLaughlin,DEN,RB81,271,RB3,
Jalen Milroe,SEA,QB36,271,QB2,
Noah Gray,KC,TE36,272,TE2,
Kirk Cousins,ATL,QB37,273,QB2,
New England Patriots,DST,DST21,276,DST23,
Younghoe Koo,ATL,K16,276.5,K1,
Antonio Gibson,NE,RB83,276.5,RB3,
Andrei Iosivas,CIN,WR92,278,WR3,231
Harold Fannin,CLE,TE37,278.5,TE2,
Miami Dolphins,DST,DST23,279,DST24,
Troy Franklin,DEN,WR94,280.5,WR4,
Cincinnati Bengals,DST,DST25,282,DST25,
Calvin Austin,PIT,WR93,284,WR3,208
Devin Singletary,NYG,RB85,284.5,RB3,
Kayshon Boutte,NE,WR95,285,WR4,
Malik Washington,MIA,WR102,285,WR3,
Cam Akers,NO,RB88,286,RB4,
Jalen Coker,CAR,WR90,287,WR4,241
Ty Johnson,BUF,RB89,288,RB3,
Jalen Tolbert,DAL,WR99,289,WR3,
Cleveland Browns,DST,DST26,289,DST26,
Christian Watson,GB,WR103,289,WR5,
Brandin Cooks,NO,WR100,289.5,WR3,
KeAndre Lambert-Smith,LAC,WR105,291,WR5,
Taysom Hill,NO,TE38,291,TE2,
Indianapolis Colts,DST,DST27,292,DST27,
Efton Chism,NE,WR106,292,WR5,
Las Vegas Raiders,DST,DST28,293,DST28,
Audric Estime,DEN,RB87,294,RB4,
Jake Moody,SF,K19,294,K1,
Noah Brown,WAS,WR107,295,WR3,
Jacksonville Jaguars,DST,DST29,296,DST29,
KaVontae Turpin,DAL,WR108,296,WR4,
Khalil Herbert,IND,RB90,297,RB3,
Diontae Johnson,CLE,WR98,297,WR3,
New Orleans Saints,DST,DST30,298,DST30,
Samaje Perine,CIN,RB91,298,RB3,
Daniel Carlson,LV,K18,299,K1,
Will Reichard,MIN,K20,299,K1,
Tyler Higbee,LAR,TE42,302,TE2,
Noah Fant,CIN,TE39,302,TE2,
Tanner McKee,PHI,QB40,303,QB2,
Curtis Samuel,BUF,WR110,306,WR4,
Tutu Atwell,LAR,WR104,306,WR3,
Tre Tucker,LV,WR111,306,WR4,
Mitchell Tinsley,CIN,WR112,308,WR4,
Oronde Gadsden,LAC,TE40,308,TE2,
Jordan Whittington,LAR,WR101,308.5,WR4,
Demarcus Robinson,SF,WR113,312,WR4,
Ben Sinnott,WAS,TE41,312.5,TE2,
Marquez Valdes-Scantling,SEA,WR109,313,WR4,
Jalen Nailor,MIN,WR114,314,WR3,
Joshua Karty,LAR,K21,316,K1,
Isaiah Bond,CLE,WR115,318,WR4,
Kenneth Gainwell,PIT,RB93,321,RB3,
Damien Martinez,SEA,RB92,321,RB3,
Emanuel Wilson,GB,RB94,323,RB3,
Jermaine Burton,CIN,WR116,324,WR5,
Elijah Moore,BUF,WR117,326,WR5,
Devaughn Vele,NO,WR118,328,WR4,
LeQuint Allen,JAC,RB95,334,RB4,
Tai Felton,MIN,WR119,336,WR4,
Kimani Vidal,LAC,RB96,337,RB3,
Isaiah Davis,NYJ,RB97,338,RB3,
Jameis Winston,NYG,QB41,342,QB3,
Parker Washington,JAC,WR120,343,WR4,
Phil Mafah,DAL,RB98,344,RB4,
,,UNK,,NO TEAM,
,,UNK,,NO TEAM,
