path,year,note_name,s,has_negative
/home/anbernal/Documents/Fantasy-Football-Tool/2024/analysis/A.J. Brown.md,2024,A.J. Brown,2,True
/home/anbernal/Documents/Fantasy-Football-Tool/2024/analysis/AJ Dillon.md,2024,AJ Dillon,-2,True
/home/anbernal/Documents/Fantasy-Football-Tool/2024/analysis/Aaron Jones.md,2024,Aaron Jones,0,True
/home/anbernal/Documents/Fantasy-Football-Tool/2024/analysis/Aaron Rodgers.md,2024,Aaron Rodgers,-1,True
/home/anbernal/Documents/Fantasy-Football-Tool/2024/analysis/Adam Thielen.md,2024,Adam Thielen,-1,True
/home/anbernal/Documents/Fantasy-Football-Tool/2024/analysis/Adonai Mitchell.md,2024,Adonai Mitchell,1,True
/home/anbernal/Documents/Fantasy-Football-Tool/2024/analysis/Alexander Mattison.md,2024,Alexander Mattison,-1,True
/home/anbernal/Documents/Fantasy-Football-Tool/2024/analysis/Alvin Kamara.md,2024,Alvin Kamara,1,True
/home/anbernal/Documents/Fantasy-Football-Tool/2024/analysis/Amari Cooper.md,2024,Amari Cooper,1,True
/home/anbernal/Documents/Fantasy-Football-Tool/2024/analysis/Amon-Ra St. Brown.md,2024,Amon-Ra St. Brown,1,True
/home/anbernal/Documents/Fantasy-Football-Tool/2024/analysis/Andrei Iosivas.md,2024,Andrei Iosivas,1,False
/home/anbernal/Documents/Fantasy-Football-Tool/2024/analysis/Anthony Richardson.md,2024,Anthony Richardson,-1,True
/home/anbernal/Documents/Fantasy-Football-Tool/2024/analysis/Antonio Gibson.md,2024,Antonio Gibson,1,True
/home/anbernal/Documents/Fantasy-Football-Tool/2024/analysis/Audric Estime.md,2024,Audric Estime,-1,True
/home/anbernal/Documents/Fantasy-Football-Tool/2024/analysis/Austin Ekeler.md,2024,Austin Ekeler,-1,True
/home/anbernal/Documents/Fantasy-Football-Tool/2024/analysis/Baker Mayfield.md,2024,Baker Mayfield,1,False
/home/anbernal/Documents/Fantasy-Football-Tool/2024/analysis/Ben Sinnott.md,2024,Ben Sinnott,0,True
/home/anbernal/Documents/Fantasy-Football-Tool/2024/analysis/Bijan Robinson.md,2024,Bijan Robinson,2,True
/home/anbernal/Documents/Fantasy-Football-Tool/2024/analysis/Bills.md,2024,Bills,0,False
/home/anbernal/Documents/Fantasy-Football-Tool/2024/analysis/Blake Corum.md,2024,Blake Corum,0,True
/home/anbernal/Documents/Fantasy-Football-Tool/2024/analysis/Bo Nix.md,2024,Bo Nix,1,True
/home/anbernal/Documents/Fantasy-Football-Tool/2024/analysis/Braelon Allen.md,2024,Braelon Allen,1,False
/home/anbernal/Documents/Fantasy-Football-Tool/2024/analysis/Brandin Cooks.md,2024,Brandin Cooks,0,False
/home/anbernal/Documents/Fantasy-Football-Tool/2024/analysis/Brandon Aiyuk.md,2024,Brandon Aiyuk,0,True
/home/anbernal/Documents/Fantasy-Football-Tool/2024/analysis/Breece Hall.md,2024,Breece Hall,2,True
/home/anbernal/Documents/Fantasy-Football-Tool/2024/analysis/Brian Robinson.md,2024,Brian Robinson,1,True
/home/anbernal/Documents/Fantasy-Football-Tool/2024/analysis/Brian Thomas.md,2024,Brian Thomas,0,True
/home/anbernal/Documents/Fantasy-Football-Tool/2024/analysis/Brock Bowers.md,2024,Brock Bowers,0,True
/home/anbernal/Documents/Fantasy-Football-Tool/2024/analysis/Brock Purdy.md,2024,Brock Purdy,0,True
/home/anbernal/Documents/Fantasy-Football-Tool/2024/analysis/Bryce Young.md,2024,Bryce Young,1,True
/home/anbernal/Documents/Fantasy-Football-Tool/2024/analysis/Bucky Irving.md,2024,Bucky Irving,1,True
/home/anbernal/Documents/Fantasy-Football-Tool/2024/analysis/C.J. Stroud.md,2024,C.J. Stroud,0,True
/home/anbernal/Documents/Fantasy-Football-Tool/2024/analysis/Cade Otton.md,2024,Cade Otton,-1,True
/home/anbernal/Documents/Fantasy-Football-Tool/2024/analysis/Caleb Williams.md,2024,Caleb Williams,1,True
/home/anbernal/Documents/Fantasy-Football-Tool/2024/analysis/Calvin Ridley.md,2024,Calvin Ridley,2,True
/home/anbernal/Documents/Fantasy-Football-Tool/2024/analysis/CeeDee Lamb.md,2024,CeeDee Lamb,1,False
/home/anbernal/Documents/Fantasy-Football-Tool/2024/analysis/Chase Brown.md,2024,Chase Brown,2,True
/home/anbernal/Documents/Fantasy-Football-Tool/2024/analysis/Chigoziem Okonkwo.md,2024,Chigoziem Okonkwo,-1,True
/home/anbernal/Documents/Fantasy-Football-Tool/2024/analysis/Chris Godwin.md,2024,Chris Godwin,1,False
/home/anbernal/Documents/Fantasy-Football-Tool/2024/analysis/Chris Olave.md,2024,Chris Olave,-2,True
/home/anbernal/Documents/Fantasy-Football-Tool/2024/analysis/Christian Kirk.md,2024,Christian Kirk,1,True
/home/anbernal/Documents/Fantasy-Football-Tool/2024/analysis/Christian McCaffrey.md,2024,Christian McCaffrey,0,True
/home/anbernal/Documents/Fantasy-Football-Tool/2024/analysis/Christian Watson.md,2024,Christian Watson,1,True
/home/anbernal/Documents/Fantasy-Football-Tool/2024/analysis/Chuba Hubbard.md,2024,Chuba Hubbard,0,True
/home/anbernal/Documents/Fantasy-Football-Tool/2024/analysis/Clyde Edwards-Helaire.md,2024,Clyde Edwards-Helaire,-2,True
/home/anbernal/Documents/Fantasy-Football-Tool/2024/analysis/Cole Kmet.md,2024,Cole Kmet,-1,True
/home/anbernal/Documents/Fantasy-Football-Tool/2024/analysis/Cooper Kupp.md,2024,Cooper Kupp,0,True
/home/anbernal/Documents/Fantasy-Football-Tool/2024/analysis/Courtland Sutton.md,2024,Courtland Sutton,0,True
/home/anbernal/Documents/Fantasy-Football-Tool/2024/analysis/Curtis Samuel.md,2024,Curtis Samuel,1,True
/home/anbernal/Documents/Fantasy-Football-Tool/2024/analysis/D'Andre Swift.md,2024,D'Andre Swift,0,True
/home/anbernal/Documents/Fantasy-Football-Tool/2024/analysis/D'Onta Foreman.md,2024,D'Onta Foreman,-1,True
/home/anbernal/Documents/Fantasy-Football-Tool/2024/analysis/DJ Chark.md,2024,DJ Chark,-1,True
/home/anbernal/Documents/Fantasy-Football-Tool/2024/analysis/DJ Moore.md,2024,DJ Moore,0,True
/home/anbernal/Documents/Fantasy-Football-Tool/2024/analysis/DK Metcalf.md,2024,DK Metcalf,0,True
/home/anbernal/Documents/Fantasy-Football-Tool/2024/analysis/Dak Prescott.md,2024,Dak Prescott,1,True
/home/anbernal/Documents/Fantasy-Football-Tool/2024/analysis/Dallas Goedert.md,2024,Dallas Goedert,-2,True
/home/anbernal/Documents/Fantasy-Football-Tool/2024/analysis/Dalton Kincaid.md,2024,Dalton Kincaid,1,True
/home/anbernal/Documents/Fantasy-Football-Tool/2024/analysis/Dalton Schultz.md,2024,Dalton Schultz,-2,True
/home/anbernal/Documents/Fantasy-Football-Tool/2024/analysis/Dameon Pierce.md,2024,Dameon Pierce,-2,True
/home/anbernal/Documents/Fantasy-Football-Tool/2024/analysis/Daniel Jones.md,2024,Daniel Jones,-1,True
/home/anbernal/Documents/Fantasy-Football-Tool/2024/analysis/Darius Slayton.md,2024,Darius Slayton,-1,True
/home/anbernal/Documents/Fantasy-Football-Tool/2024/analysis/Darnell Mooney.md,2024,Darnell Mooney,1,True
/home/anbernal/Documents/Fantasy-Football-Tool/2024/analysis/Davante Adams.md,2024,Davante Adams,0,True
/home/anbernal/Documents/Fantasy-Football-Tool/2024/analysis/David Montgomery.md,2024,David Montgomery,1,False
/home/anbernal/Documents/Fantasy-Football-Tool/2024/analysis/David Njoku.md,2024,David Njoku,0,True
/home/anbernal/Documents/Fantasy-Football-Tool/2024/analysis/De'Von Achane.md,2024,De'Von Achane,1,True
/home/anbernal/Documents/Fantasy-Football-Tool/2024/analysis/DeAndre Hopkins.md,2024,DeAndre Hopkins,-2,True
/home/anbernal/Documents/Fantasy-Football-Tool/2024/analysis/Deebo Samuel.md,2024,Deebo Samuel,0,True
/home/anbernal/Documents/Fantasy-Football-Tool/2024/analysis/Demarcus Robinson.md,2024,Demarcus Robinson,-1,True
/home/anbernal/Documents/Fantasy-Football-Tool/2024/analysis/Demario Douglas.md,2024,Demario Douglas,1,True
/home/anbernal/Documents/Fantasy-Football-Tool/2024/analysis/Deneric Prince.md,2024,Deneric Prince,0,True
/home/anbernal/Documents/Fantasy-Football-Tool/2024/analysis/Derek Carr.md,2024,Derek Carr,-2,True
/home/anbernal/Documents/Fantasy-Football-Tool/2024/analysis/Derrick Henry.md,2024,Derrick Henry,0,True
/home/anbernal/Documents/Fantasy-Football-Tool/2024/analysis/Deshaun Watson.md,2024,Deshaun Watson,1,True
/home/anbernal/Documents/Fantasy-Football-Tool/2024/analysis/Devin Singletary.md,2024,Devin Singletary,1,False
/home/anbernal/Documents/Fantasy-Football-Tool/2024/analysis/Devonta Smith.md,2024,Devonta Smith,0,True
/home/anbernal/Documents/Fantasy-Football-Tool/2024/analysis/Diontae Johnson.md,2024,Diontae Johnson,2,True
/home/anbernal/Documents/Fantasy-Football-Tool/2024/analysis/Dontayvion Wicks.md,2024,Dontayvion Wicks,1,True
/home/anbernal/Documents/Fantasy-Football-Tool/2024/analysis/Drake London.md,2024,Drake London,-1,True
/home/anbernal/Documents/Fantasy-Football-Tool/2024/analysis/Drake Maye.md,2024,Drake Maye,0,True
/home/anbernal/Documents/Fantasy-Football-Tool/2024/analysis/Dyami Brown.md,2024,Dyami Brown,0,True
/home/anbernal/Documents/Fantasy-Football-Tool/2024/analysis/Dylan Laube.md,2024,Dylan Laube,0,True
/home/anbernal/Documents/Fantasy-Football-Tool/2024/analysis/Elijah Mitchell.md,2024,Elijah Mitchell,0,True
/home/anbernal/Documents/Fantasy-Football-Tool/2024/analysis/Elijah Moore.md,2024,Elijah Moore,-1,True
/home/anbernal/Documents/Fantasy-Football-Tool/2024/analysis/Evan Engram.md,2024,Evan Engram,1,True
/home/anbernal/Documents/Fantasy-Football-Tool/2024/analysis/Ezekiel Elliott.md,2024,Ezekiel Elliott,0,True
/home/anbernal/Documents/Fantasy-Football-Tool/2024/analysis/Gabe Davis.md,2024,Gabe Davis,-1,True
/home/anbernal/Documents/Fantasy-Football-Tool/2024/analysis/Garrett Wilson.md,2024,Garrett Wilson,2,True
/home/anbernal/Documents/Fantasy-Football-Tool/2024/analysis/Geno Smith.md,2024,Geno Smith,1,True
/home/anbernal/Documents/Fantasy-Football-Tool/2024/analysis/George Kittle.md,2024,George Kittle,0,True
/home/anbernal/Documents/Fantasy-Football-Tool/2024/analysis/George Pickens.md,2024,George Pickens,1,True
/home/anbernal/Documents/Fantasy-Football-Tool/2024/analysis/Greg Dortch.md,2024,Greg Dortch,1,False
/home/anbernal/Documents/Fantasy-Football-Tool/2024/analysis/Greg Dulcich.md,2024,Greg Dulcich,1,True
/home/anbernal/Documents/Fantasy-Football-Tool/2024/analysis/Gus Edwards.md,2024,Gus Edwards,1,True
/home/anbernal/Documents/Fantasy-Football-Tool/2024/analysis/Hollywood Brown.md,2024,Hollywood Brown,-1,True
/home/anbernal/Documents/Fantasy-Football-Tool/2024/analysis/Hunter Henry.md,2024,Hunter Henry,1,True
/home/anbernal/Documents/Fantasy-Football-Tool/2024/analysis/Isaiah Likely.md,2024,Isaiah Likely,-2,True
/home/anbernal/Documents/Fantasy-Football-Tool/2024/analysis/Isiah Pacheco.md,2024,Isiah Pacheco,0,True
/home/anbernal/Documents/Fantasy-Football-Tool/2024/analysis/J.K. Dobbins.md,2024,J.K. Dobbins,-2,True
/home/anbernal/Documents/Fantasy-Football-Tool/2024/analysis/Ja'Lynn Polk.md,2024,Ja'Lynn Polk,1,True
/home/anbernal/Documents/Fantasy-Football-Tool/2024/analysis/Ja'Marr Chase.md,2024,Ja'Marr Chase,2,True
/home/anbernal/Documents/Fantasy-Football-Tool/2024/analysis/Jahan Dotson.md,2024,Jahan Dotson,1,False
/home/anbernal/Documents/Fantasy-Football-Tool/2024/analysis/Jahmyr Gibbs.md,2024,Jahmyr Gibbs,1,True
/home/anbernal/Documents/Fantasy-Football-Tool/2024/analysis/Jake Ferguson.md,2024,Jake Ferguson,1,True
/home/anbernal/Documents/Fantasy-Football-Tool/2024/analysis/Jakobi Meyers.md,2024,Jakobi Meyers,1,True
/home/anbernal/Documents/Fantasy-Football-Tool/2024/analysis/Jaleel McLaughlin.md,2024,Jaleel McLaughlin,0,True
/home/anbernal/Documents/Fantasy-Football-Tool/2024/analysis/Jalen Hurts.md,2024,Jalen Hurts,0,True
/home/anbernal/Documents/Fantasy-Football-Tool/2024/analysis/Jalen McMillan.md,2024,Jalen McMillan,0,True
/home/anbernal/Documents/Fantasy-Football-Tool/2024/analysis/Jalin Hyatt.md,2024,Jalin Hyatt,0,True
/home/anbernal/Documents/Fantasy-Football-Tool/2024/analysis/Jamaal Williams.md,2024,Jamaal Williams,-2,True
/home/anbernal/Documents/Fantasy-Football-Tool/2024/analysis/James Conner.md,2024,James Conner,1,True
/home/anbernal/Documents/Fantasy-Football-Tool/2024/analysis/James Cook.md,2024,James Cook,2,True
/home/anbernal/Documents/Fantasy-Football-Tool/2024/analysis/Jameson Williams.md,2024,Jameson Williams,0,True
/home/anbernal/Documents/Fantasy-Football-Tool/2024/analysis/Jared Goff.md,2024,Jared Goff,1,False
/home/anbernal/Documents/Fantasy-Football-Tool/2024/analysis/Javon Baker.md,2024,Javon Baker,0,True
/home/anbernal/Documents/Fantasy-Football-Tool/2024/analysis/Javonte Williams.md,2024,Javonte Williams,0,True
/home/anbernal/Documents/Fantasy-Football-Tool/2024/analysis/Jaxon Smith-Njigba.md,2024,Jaxon Smith-Njigba,1,True
/home/anbernal/Documents/Fantasy-Football-Tool/2024/analysis/Jayden Daniels.md,2024,Jayden Daniels,0,True
/home/anbernal/Documents/Fantasy-Football-Tool/2024/analysis/Jayden Reed.md,2024,Jayden Reed,1,False
/home/anbernal/Documents/Fantasy-Football-Tool/2024/analysis/Jaylen Waddle.md,2024,Jaylen Waddle,0,True
/home/anbernal/Documents/Fantasy-Football-Tool/2024/analysis/Jaylen Warren.md,2024,Jaylen Warren,1,True
/home/anbernal/Documents/Fantasy-Football-Tool/2024/analysis/Jaylen Wright.md,2024,Jaylen Wright,0,True
/home/anbernal/Documents/Fantasy-Football-Tool/2024/analysis/Jelani Woods.md,2024,Jelani Woods,0,True
/home/anbernal/Documents/Fantasy-Football-Tool/2024/analysis/Jermaine Burton.md,2024,Jermaine Burton,-1,True
/home/anbernal/Documents/Fantasy-Football-Tool/2024/analysis/Jerome Ford.md,2024,Jerome Ford,-2,True
/home/anbernal/Documents/Fantasy-Football-Tool/2024/analysis/Jerry Jeudy.md,2024,Jerry Jeudy,0,True
/home/anbernal/Documents/Fantasy-Football-Tool/2024/analysis/Joe Burrow.md,2024,Joe Burrow,-1,True
/home/anbernal/Documents/Fantasy-Football-Tool/2024/analysis/Joe Mixon.md,2024,Joe Mixon,0,True
/home/anbernal/Documents/Fantasy-Football-Tool/2024/analysis/Jonathan Taylor.md,2024,Jonathan Taylor,1,True
/home/anbernal/Documents/Fantasy-Football-Tool/2024/analysis/Jonathon Brooks.md,2024,Jonathon Brooks,0,True
/home/anbernal/Documents/Fantasy-Football-Tool/2024/analysis/Jonnu Smith.md,2024,Jonnu Smith,-2,True
/home/anbernal/Documents/Fantasy-Football-Tool/2024/analysis/Jordan Addison.md,2024,Jordan Addison,1,False
/home/anbernal/Documents/Fantasy-Football-Tool/2024/analysis/Jordan Love.md,2024,Jordan Love,2,False
/home/anbernal/Documents/Fantasy-Football-Tool/2024/analysis/Jordan Mason.md,2024,Jordan Mason,0,True
/home/anbernal/Documents/Fantasy-Football-Tool/2024/analysis/Jordan Whittington.md,2024,Jordan Whittington,0,True
/home/anbernal/Documents/Fantasy-Football-Tool/2024/analysis/Josh Allen.md,2024,Josh Allen,2,True
/home/anbernal/Documents/Fantasy-Football-Tool/2024/analysis/Josh Downs.md,2024,Josh Downs,0,True
/home/anbernal/Documents/Fantasy-Football-Tool/2024/analysis/Josh Jacobs.md,2024,Josh Jacobs,2,True
/home/anbernal/Documents/Fantasy-Football-Tool/2024/analysis/Joshua Palmer.md,2024,Joshua Palmer,1,False
/home/anbernal/Documents/Fantasy-Football-Tool/2024/analysis/JuJu Smith-Schuster.md,2024,JuJu Smith-Schuster,-2,True
/home/anbernal/Documents/Fantasy-Football-Tool/2024/analysis/Justice Hill.md,2024,Justice Hill,-1,True
/home/anbernal/Documents/Fantasy-Football-Tool/2024/analysis/Justin Fields.md,2024,Justin Fields,-2,True
/home/anbernal/Documents/Fantasy-Football-Tool/2024/analysis/Justin Herbert.md,2024,Justin Herbert,-1,True
/home/anbernal/Documents/Fantasy-Football-Tool/2024/analysis/Justin Jefferson.md,2024,Justin Jefferson,1,True
/home/anbernal/Documents/Fantasy-Football-Tool/2024/analysis/Juwan Johnson.md,2024,Juwan Johnson,-1,True
/home/anbernal/Documents/Fantasy-Football-Tool/2024/analysis/Keaton Mitchell.md,2024,Keaton Mitchell,0,True
/home/anbernal/Documents/Fantasy-Football-Tool/2024/analysis/Keenan Allen.md,2024,Keenan Allen,1,True
/home/anbernal/Documents/Fantasy-Football-Tool/2024/analysis/Kendre Miller.md,2024,Kendre Miller,-2,True
/home/anbernal/Documents/Fantasy-Football-Tool/2024/analysis/Kendrick Bourne.md,2024,Kendrick Bourne,-1,True
/home/anbernal/Documents/Fantasy-Football-Tool/2024/analysis/Kenneth Gainwell.md,2024,Kenneth Gainwell,-1,True
/home/anbernal/Documents/Fantasy-Football-Tool/2024/analysis/Kenneth Walker III.md,2024,Kenneth Walker III,1,True
/home/anbernal/Documents/Fantasy-Football-Tool/2024/analysis/Keon Coleman.md,2024,Keon Coleman,2,True
/home/anbernal/Documents/Fantasy-Football-Tool/2024/analysis/Keon Colemand.md,2024,Keon Colemand,0,True
/home/anbernal/Documents/Fantasy-Football-Tool/2024/analysis/Khalil Herbert.md,2024,Khalil Herbert,-1,True
/home/anbernal/Documents/Fantasy-Football-Tool/2024/analysis/Khalil Shakir.md,2024,Khalil Shakir,1,False
/home/anbernal/Documents/Fantasy-Football-Tool/2024/analysis/Kimani Vidal.md,2024,Kimani Vidal,0,True
/home/anbernal/Documents/Fantasy-Football-Tool/2024/analysis/Kirk Cousins.md,2024,Kirk Cousins,-1,True
/home/anbernal/Documents/Fantasy-Football-Tool/2024/analysis/Kyle Pitts.md,2024,Kyle Pitts,0,True
/home/anbernal/Documents/Fantasy-Football-Tool/2024/analysis/Kyler Murray.md,2024,Kyler Murray,2,False
/home/anbernal/Documents/Fantasy-Football-Tool/2024/analysis/Kyren Williams.md,2024,Kyren Williams,0,True
/home/anbernal/Documents/Fantasy-Football-Tool/2024/analysis/Ladd McConkey.md,2024,Ladd McConkey,2,False
/home/anbernal/Documents/Fantasy-Football-Tool/2024/analysis/Lamar Jackson.md,2024,Lamar Jackson,0,True
/home/anbernal/Documents/Fantasy-Football-Tool/2024/analysis/Luke Musgrave.md,2024,Luke Musgrave,-1,True
/home/anbernal/Documents/Fantasy-Football-Tool/2024/analysis/Malachi Corley.md,2024,Malachi Corley,-2,True
/home/anbernal/Documents/Fantasy-Football-Tool/2024/analysis/Malik Nabers.md,2024,Malik Nabers,1,True
/home/anbernal/Documents/Fantasy-Football-Tool/2024/analysis/Malik Washington.md,2024,Malik Washington,0,True
/home/anbernal/Documents/Fantasy-Football-Tool/2024/analysis/MarShawn Lloyd.md,2024,MarShawn Lloyd,0,True
/home/anbernal/Documents/Fantasy-Football-Tool/2024/analysis/Mark Andrews.md,2024,Mark Andrews,1,True
/home/anbernal/Documents/Fantasy-Football-Tool/2024/analysis/Marquise Brown.md,2024,Marquise Brown,1,False
/home/anbernal/Documents/Fantasy-Football-Tool/2024/analysis/Marvin Harrison Jr.md,2024,Marvin Harrison Jr,1,True
/home/anbernal/Documents/Fantasy-Football-Tool/2024/analysis/Marvin Mims.md,2024,Marvin Mims,0,True
/home/anbernal/Documents/Fantasy-Football-Tool/2024/analysis/Matthew Stafford.md,2024,Matthew Stafford,1,True
/home/anbernal/Documents/Fantasy-Football-Tool/2024/analysis/Michael Mayer.md,2024,Michael Mayer,1,True
/home/anbernal/Documents/Fantasy-Football-Tool/2024/analysis/Michael Pittman.md,2024,Michael Pittman,-1,True
/home/anbernal/Documents/Fantasy-Football-Tool/2024/analysis/Michael Wilson.md,2024,Michael Wilson,1,True
/home/anbernal/Documents/Fantasy-Football-Tool/2024/analysis/Mike Evans.md,2024,Mike Evans,1,True
/home/anbernal/Documents/Fantasy-Football-Tool/2024/analysis/Mike Gesicki.md,2024,Mike Gesicki,0,True
/home/anbernal/Documents/Fantasy-Football-Tool/2024/analysis/Mike Williams.md,2024,Mike Williams,1,True
/home/anbernal/Documents/Fantasy-Football-Tool/2024/analysis/Miles Sanders.md,2024,Miles Sanders,-2,True
/home/anbernal/Documents/Fantasy-Football-Tool/2024/analysis/Najee Harris.md,2024,Najee Harris,0,True
/home/anbernal/Documents/Fantasy-Football-Tool/2024/analysis/Nick Chubb.md,2024,Nick Chubb,-1,True
/home/anbernal/Documents/Fantasy-Football-Tool/2024/analysis/Nico Collins.md,2024,Nico Collins,0,True
/home/anbernal/Documents/Fantasy-Football-Tool/2024/analysis/Noah Fant.md,2024,Noah Fant,-1,True
/home/anbernal/Documents/Fantasy-Football-Tool/2024/analysis/Odell Beckham.md,2024,Odell Beckham,0,True
/home/anbernal/Documents/Fantasy-Football-Tool/2024/analysis/Pat Freiermuth.md,2024,Pat Freiermuth,1,True
/home/anbernal/Documents/Fantasy-Football-Tool/2024/analysis/Patrick Mahomes II.md,2024,Patrick Mahomes II,2,False
/home/anbernal/Documents/Fantasy-Football-Tool/2024/analysis/Puka Nacua.md,2024,Puka Nacua,0,True
/home/anbernal/Documents/Fantasy-Football-Tool/2024/analysis/Quarterbacks.md,2024,Quarterbacks,0,True
/home/anbernal/Documents/Fantasy-Football-Tool/2024/analysis/Quentin Johnston.md,2024,Quentin Johnston,-2,True
/home/anbernal/Documents/Fantasy-Football-Tool/2024/analysis/Rachaad White.md,2024,Rachaad White,1,True
/home/anbernal/Documents/Fantasy-Football-Tool/2024/analysis/Raheem Mostert.md,2024,Raheem Mostert,2,True
/home/anbernal/Documents/Fantasy-Football-Tool/2024/analysis/Rashee Rice.md,2024,Rashee Rice,1,True
/home/anbernal/Documents/Fantasy-Football-Tool/2024/analysis/Rashid Shaheed.md,2024,Rashid Shaheed,0,True
/home/anbernal/Documents/Fantasy-Football-Tool/2024/analysis/Rashod Bateman.md,2024,Rashod Bateman,-1,True
/home/anbernal/Documents/Fantasy-Football-Tool/2024/analysis/Ray Davis.md,2024,Ray Davis,-1,True
/home/anbernal/Documents/Fantasy-Football-Tool/2024/analysis/Rhamondre Stevenson.md,2024,Rhamondre Stevenson,-1,True
/home/anbernal/Documents/Fantasy-Football-Tool/2024/analysis/Ricky Pearsall.md,2024,Ricky Pearsall,0,True
/home/anbernal/Documents/Fantasy-Football-Tool/2024/analysis/Rico Dowdle.md,2024,Rico Dowdle,1,True
/home/anbernal/Documents/Fantasy-Football-Tool/2024/analysis/Roman Wilson.md,2024,Roman Wilson,-1,True
/home/anbernal/Documents/Fantasy-Football-Tool/2024/analysis/Rome Odunze.md,2024,Rome Odunze,2,True
/home/anbernal/Documents/Fantasy-Football-Tool/2024/analysis/Romeo Doubs.md,2024,Romeo Doubs,2,False
/home/anbernal/Documents/Fantasy-Football-Tool/2024/analysis/Roschon Johnson.md,2024,Roschon Johnson,0,True
/home/anbernal/Documents/Fantasy-Football-Tool/2024/analysis/Russell Wilson.md,2024,Russell Wilson,-2,True
/home/anbernal/Documents/Fantasy-Football-Tool/2024/analysis/Sam Darnold.md,2024,Sam Darnold,0,True
/home/anbernal/Documents/Fantasy-Football-Tool/2024/analysis/Sam LaPorta.md,2024,Sam LaPorta,-1,True
/home/anbernal/Documents/Fantasy-Football-Tool/2024/analysis/Saquon Barkley.md,2024,Saquon Barkley,2,True
/home/anbernal/Documents/Fantasy-Football-Tool/2024/analysis/Stefon Diggs.md,2024,Stefon Diggs,0,True
/home/anbernal/Documents/Fantasy-Football-Tool/2024/analysis/T.J. Hockenson.md,2024,T.J. Hockenson,-1,True
/home/anbernal/Documents/Fantasy-Football-Tool/2024/analysis/Tank Bigsby.md,2024,Tank Bigsby,0,True
/home/anbernal/Documents/Fantasy-Football-Tool/2024/analysis/Tank Dell.md,2024,Tank Dell,0,True
/home/anbernal/Documents/Fantasy-Football-Tool/2024/analysis/Taysom Hill.md,2024,Taysom Hill,-1,True
/home/anbernal/Documents/Fantasy-Football-Tool/2024/analysis/Tee Higgins.md,2024,Tee Higgins,0,True
/home/anbernal/Documents/Fantasy-Football-Tool/2024/analysis/Terry McLaurin.md,2024,Terry McLaurin,1,True
/home/anbernal/Documents/Fantasy-Football-Tool/2024/analysis/Tony Pollard.md,2024,Tony Pollard,-1,True
/home/anbernal/Documents/Fantasy-Football-Tool/2024/analysis/Travis Etienne Jr.md,2024,Travis Etienne Jr,1,True
/home/anbernal/Documents/Fantasy-Football-Tool/2024/analysis/Travis Etienne.md,2024,Travis Etienne,2,False
/home/anbernal/Documents/Fantasy-Football-Tool/2024/analysis/Travis Kelce.md,2024,Travis Kelce,0,True
/home/anbernal/Documents/Fantasy-Football-Tool/2024/analysis/Trevor Lawrence.md,2024,Trevor Lawrence,1,True
/home/anbernal/Documents/Fantasy-Football-Tool/2024/analysis/Trey Benson.md,2024,Trey Benson,-1,True
/home/anbernal/Documents/Fantasy-Football-Tool/2024/analysis/Trey McBride.md,2024,Trey McBride,1,True
/home/anbernal/Documents/Fantasy-Football-Tool/2024/analysis/Trey Sermon.md,2024,Trey Sermon,-1,True
/home/anbernal/Documents/Fantasy-Football-Tool/2024/analysis/Troy Franklin.md,2024,Troy Franklin,-1,True
/home/anbernal/Documents/Fantasy-Football-Tool/2024/analysis/Tua Tagovailoa.md,2024,Tua Tagovailoa,0,True
/home/anbernal/Documents/Fantasy-Football-Tool/2024/analysis/Tucker Kraft.md,2024,Tucker Kraft,-2,True
/home/anbernal/Documents/Fantasy-Football-Tool/2024/analysis/Ty Chandler.md,2024,Ty Chandler,0,False
/home/anbernal/Documents/Fantasy-Football-Tool/2024/analysis/Tyjae Spears.md,2024,Tyjae Spears,-1,True
/home/anbernal/Documents/Fantasy-Football-Tool/2024/analysis/Tyler Allgeier.md,2024,Tyler Allgeier,-1,True
/home/anbernal/Documents/Fantasy-Football-Tool/2024/analysis/Tyler Boyd.md,2024,Tyler Boyd,-1,True
/home/anbernal/Documents/Fantasy-Football-Tool/2024/analysis/Tyler Conklin.md,2024,Tyler Conklin,1,True
/home/anbernal/Documents/Fantasy-Football-Tool/2024/analysis/Tyler Lockett.md,2024,Tyler Lockett,0,True
/home/anbernal/Documents/Fantasy-Football-Tool/2024/analysis/Tyreek Hill.md,2024,Tyreek Hill,2,True
/home/anbernal/Documents/Fantasy-Football-Tool/2024/analysis/Tyrone Tracy.md,2024,Tyrone Tracy,0,True
/home/anbernal/Documents/Fantasy-Football-Tool/2024/analysis/Underdogs to Draft.md,2024,Underdogs to Draft,1,False
/home/anbernal/Documents/Fantasy-Football-Tool/2024/analysis/Wan'Dale Robinson.md,2024,Wan'Dale Robinson,-1,True
/home/anbernal/Documents/Fantasy-Football-Tool/2024/analysis/Will Levis.md,2024,Will Levis,1,True
/home/anbernal/Documents/Fantasy-Football-Tool/2024/analysis/Will Shipley.md,2024,Will Shipley,-2,True
/home/anbernal/Documents/Fantasy-Football-Tool/2024/analysis/Xavier Legette.md,2024,Xavier Legette,0,True
/home/anbernal/Documents/Fantasy-Football-Tool/2024/analysis/Xavier Worthy.md,2024,Xavier Worthy,-2,True
/home/anbernal/Documents/Fantasy-Football-Tool/2024/analysis/Zach Charbonnet.md,2024,Zach Charbonnet,2,False
/home/anbernal/Documents/Fantasy-Football-Tool/2024/analysis/Zach Ertz.md,2024,Zach Ertz,0,True
/home/anbernal/Documents/Fantasy-Football-Tool/2024/analysis/Zack Moss.md,2024,Zack Moss,0,True
/home/anbernal/Documents/Fantasy-Football-Tool/2024/analysis/Zamir White.md,2024,Zamir White,-2,True
/home/anbernal/Documents/Fantasy-Football-Tool/2024/analysis/Zay Flowers.md,2024,Zay Flowers,1,False
/home/anbernal/Documents/Fantasy-Football-Tool/2024/analysis/Zay Jones.md,2024,Zay Jones,0,True
/home/anbernal/Documents/Fantasy-Football-Tool/2025/go/analysis/A.J. Brown.md,2025,A.J. Brown,1,True
/home/anbernal/Documents/Fantasy-Football-Tool/2025/go/analysis/A.J. Dillon.md,2025,A.J. Dillon,0,False
/home/anbernal/Documents/Fantasy-Football-Tool/2025/go/analysis/Aaron Jones.md,2025,Aaron Jones,0,True
/home/anbernal/Documents/Fantasy-Football-Tool/2025/go/analysis/Aaron Rodgers.md,2025,Aaron Rodgers,-1,True
/home/anbernal/Documents/Fantasy-Football-Tool/2025/go/analysis/Adam Thielen.md,2025,Adam Thielen,-2,True
/home/anbernal/Documents/Fantasy-Football-Tool/2025/go/analysis/Adonai Mitchell.md,2025,Adonai Mitchell,0,False
/home/anbernal/Documents/Fantasy-Football-Tool/2025/go/analysis/Alec Pierce.md,2025,Alec Pierce,-2,True
/home/anbernal/Documents/Fantasy-Football-Tool/2025/go/analysis/Alexander Mattison.md,2025,Alexander Mattison,0,False
/home/anbernal/Documents/Fantasy-Football-Tool/2025/go/analysis/Alvin Kamara.md,2025,Alvin Kamara,1,True
/home/anbernal/Documents/Fantasy-Football-Tool/2025/go/analysis/Amari Cooper.md,2025,Amari Cooper,0,False
/home/anbernal/Documents/Fantasy-Football-Tool/2025/go/analysis/Amon-Ra St. Brown.md,2025,Amon-Ra St. Brown,1,True
/home/anbernal/Documents/Fantasy-Football-Tool/2025/go/analysis/Andrei Iosivas.md,2025,Andrei Iosivas,0,False
/home/anbernal/Documents/Fantasy-Football-Tool/2025/go/analysis/Anthony Richardson.md,2025,Anthony Richardson,-2,True
/home/anbernal/Documents/Fantasy-Football-Tool/2025/go/analysis/Antonio Gibson.md,2025,Antonio Gibson,0,False
/home/anbernal/Documents/Fantasy-Football-Tool/2025/go/analysis/Arizona Cardinals.md,2025,Arizona Cardinals,0,False
/home/anbernal/Documents/Fantasy-Football-Tool/2025/go/analysis/Ashton Jeanty.md,2025,Ashton Jeanty,1,True
/home/anbernal/Documents/Fantasy-Football-Tool/2025/go/analysis/Audric Estime.md,2025,Audric Estime,0,False
/home/anbernal/Documents/Fantasy-Football-Tool/2025/go/analysis/Austin Ekeler.md,2025,Austin Ekeler,0,True
/home/anbernal/Documents/Fantasy-Football-Tool/2025/go/analysis/Baker Mayfield.md,2025,Baker Mayfield,-1,True
/home/anbernal/Documents/Fantasy-Football-Tool/2025/go/analysis/Baltimore Ravens.md,2025,Baltimore Ravens,0,False
/home/anbernal/Documents/Fantasy-Football-Tool/2025/go/analysis/Ben Sinnott.md,2025,Ben Sinnott,0,False
/home/anbernal/Documents/Fantasy-Football-Tool/2025/go/analysis/Bhayshul Tuten.md,2025,Bhayshul Tuten,0,True
/home/anbernal/Documents/Fantasy-Football-Tool/2025/go/analysis/Bijan Robinson.md,2025,Bijan Robinson,2,True
/home/anbernal/Documents/Fantasy-Football-Tool/2025/go/analysis/Blake Corum.md,2025,Blake Corum,-1,True
/home/anbernal/Documents/Fantasy-Football-Tool/2025/go/analysis/Bo Nix.md,2025,Bo Nix,1,True
/home/anbernal/Documents/Fantasy-Football-Tool/2025/go/analysis/Braelon Allen.md,2025,Braelon Allen,-1,True
/home/anbernal/Documents/Fantasy-Football-Tool/2025/go/analysis/Brandin Cooks.md,2025,Brandin Cooks,0,False
/home/anbernal/Documents/Fantasy-Football-Tool/2025/go/analysis/Brandon Aiyuk.md,2025,Brandon Aiyuk,-1,True
/home/anbernal/Documents/Fantasy-Football-Tool/2025/go/analysis/Brandon Aubrey.md,2025,Brandon Aubrey,0,False
/home/anbernal/Documents/Fantasy-Football-Tool/2025/go/analysis/Brandon McManus.md,2025,Brandon McManus,0,False
/home/anbernal/Documents/Fantasy-Football-Tool/2025/go/analysis/Brashard Smith.md,2025,Brashard Smith,-1,True
/home/anbernal/Documents/Fantasy-Football-Tool/2025/go/analysis/Breece Hall.md,2025,Breece Hall,-2,True
/home/anbernal/Documents/Fantasy-Football-Tool/2025/go/analysis/Brenton Strange.md,2025,Brenton Strange,1,True
/home/anbernal/Documents/Fantasy-Football-Tool/2025/go/analysis/Brian Robinson.md,2025,Brian Robinson,-2,True
/home/anbernal/Documents/Fantasy-Football-Tool/2025/go/analysis/Brian Thomas.md,2025,Brian Thomas,1,True
/home/anbernal/Documents/Fantasy-Football-Tool/2025/go/analysis/Brock Bowers.md,2025,Brock Bowers,1,True
/home/anbernal/Documents/Fantasy-Football-Tool/2025/go/analysis/Brock Purdy.md,2025,Brock Purdy,0,True
/home/anbernal/Documents/Fantasy-Football-Tool/2025/go/analysis/Bryce Young.md,2025,Bryce Young,0,True
/home/anbernal/Documents/Fantasy-Football-Tool/2025/go/analysis/Bucky Irving.md,2025,Bucky Irving,1,True
/home/anbernal/Documents/Fantasy-Football-Tool/2025/go/analysis/Buffalo Bills.md,2025,Buffalo Bills,0,False
/home/anbernal/Documents/Fantasy-Football-Tool/2025/go/analysis/C.J. Stroud.md,2025,C.J. Stroud,0,True
/home/anbernal/Documents/Fantasy-Football-Tool/2025/go/analysis/Cade Otton.md,2025,Cade Otton,0,True
/home/anbernal/Documents/Fantasy-Football-Tool/2025/go/analysis/Caleb Williams.md,2025,Caleb Williams,0,True
/home/anbernal/Documents/Fantasy-Football-Tool/2025/go/analysis/Calvin Austin.md,2025,Calvin Austin,0,False
/home/anbernal/Documents/Fantasy-Football-Tool/2025/go/analysis/Calvin Ridley.md,2025,Calvin Ridley,1,True
/home/anbernal/Documents/Fantasy-Football-Tool/2025/go/analysis/Cam Akers.md,2025,Cam Akers,0,False
/home/anbernal/Documents/Fantasy-Football-Tool/2025/go/analysis/Cam Little.md,2025,Cam Little,0,False
/home/anbernal/Documents/Fantasy-Football-Tool/2025/go/analysis/Cam Skattebo.md,2025,Cam Skattebo,-2,True
/home/anbernal/Documents/Fantasy-Football-Tool/2025/go/analysis/Cam Ward.md,2025,Cam Ward,0,False
/home/anbernal/Documents/Fantasy-Football-Tool/2025/go/analysis/Cameron Dicker.md,2025,Cameron Dicker,0,False
/home/anbernal/Documents/Fantasy-Football-Tool/2025/go/analysis/Cameron Ward.md,2025,Cameron Ward,-1,True
/home/anbernal/Documents/Fantasy-Football-Tool/2025/go/analysis/Cedric Tillman.md,2025,Cedric Tillman,1,True
/home/anbernal/Documents/Fantasy-Football-Tool/2025/go/analysis/CeeDee Lamb.md,2025,CeeDee Lamb,2,True
/home/anbernal/Documents/Fantasy-Football-Tool/2025/go/analysis/Chase Brown.md,2025,Chase Brown,1,True
/home/anbernal/Documents/Fantasy-Football-Tool/2025/go/analysis/Chase McLaughlin.md,2025,Chase McLaughlin,0,False
/home/anbernal/Documents/Fantasy-Football-Tool/2025/go/analysis/Chicago Bears.md,2025,Chicago Bears,0,False
/home/anbernal/Documents/Fantasy-Football-Tool/2025/go/analysis/Chig Okonkwo.md,2025,Chig Okonkwo,0,True
/home/anbernal/Documents/Fantasy-Football-Tool/2025/go/analysis/Chris Boswell.md,2025,Chris Boswell,0,False
/home/anbernal/Documents/Fantasy-Football-Tool/2025/go/analysis/Chris Godwin.md,2025,Chris Godwin,-1,True
/home/anbernal/Documents/Fantasy-Football-Tool/2025/go/analysis/Chris Olave.md,2025,Chris Olave,1,True
/home/anbernal/Documents/Fantasy-Football-Tool/2025/go/analysis/Chris Rodriguez.md,2025,Chris Rodriguez,0,False
/home/anbernal/Documents/Fantasy-Football-Tool/2025/go/analysis/Christian Kirk.md,2025,Christian Kirk,0,True
/home/anbernal/Documents/Fantasy-Football-Tool/2025/go/analysis/Christian McCaffrey.md,2025,Christian McCaffrey,2,True
/home/anbernal/Documents/Fantasy-Football-Tool/2025/go/analysis/Christian Watson.md,2025,Christian Watson,0,False
/home/anbernal/Documents/Fantasy-Football-Tool/2025/go/analysis/Chuba Hubbard.md,2025,Chuba Hubbard,-1,True
/home/anbernal/Documents/Fantasy-Football-Tool/2025/go/analysis/Cincinnati Bengals.md,2025,Cincinnati Bengals,0,False
/home/anbernal/Documents/Fantasy-Football-Tool/2025/go/analysis/Cleveland Browns.md,2025,Cleveland Browns,0,False
/home/anbernal/Documents/Fantasy-Football-Tool/2025/go/analysis/Cole Kmet.md,2025,Cole Kmet,0,False
/home/anbernal/Documents/Fantasy-Football-Tool/2025/go/analysis/Colston Loveland.md,2025,Colston Loveland,0,True
/home/anbernal/Documents/Fantasy-Football-Tool/2025/go/analysis/Cooper Kupp.md,2025,Cooper Kupp,-1,True
/home/anbernal/Documents/Fantasy-Football-Tool/2025/go/analysis/Courtland Sutton.md,2025,Courtland Sutton,1,True
/home/anbernal/Documents/Fantasy-Football-Tool/2025/go/analysis/Curtis Samuel.md,2025,Curtis Samuel,0,False
/home/anbernal/Documents/Fantasy-Football-Tool/2025/go/analysis/D'Andre Swift.md,2025,D'Andre Swift,0,True
/home/anbernal/Documents/Fantasy-Football-Tool/2025/go/analysis/DJ Giddens.md,2025,DJ Giddens,0,True
/home/anbernal/Documents/Fantasy-Football-Tool/2025/go/analysis/DJ Moore.md,2025,DJ Moore,1,True
/home/anbernal/Documents/Fantasy-Football-Tool/2025/go/analysis/DK Metcalf.md,2025,DK Metcalf,0,True
/home/anbernal/Documents/Fantasy-Football-Tool/2025/go/analysis/Dak Prescott.md,2025,Dak Prescott,0,True
/home/anbernal/Documents/Fantasy-Football-Tool/2025/go/analysis/Dallas Cowboys.md,2025,Dallas Cowboys,0,False
/home/anbernal/Documents/Fantasy-Football-Tool/2025/go/analysis/Dallas Goedert.md,2025,Dallas Goedert,1,True
/home/anbernal/Documents/Fantasy-Football-Tool/2025/go/analysis/Dalton Kincaid.md,2025,Dalton Kincaid,2,True
/home/anbernal/Documents/Fantasy-Football-Tool/2025/go/analysis/Dalton Schultz.md,2025,Dalton Schultz,0,True
/home/anbernal/Documents/Fantasy-Football-Tool/2025/go/analysis/Dameon Pierce.md,2025,Dameon Pierce,0,False
/home/anbernal/Documents/Fantasy-Football-Tool/2025/go/analysis/Damien Martinez.md,2025,Damien Martinez,0,False
/home/anbernal/Documents/Fantasy-Football-Tool/2025/go/analysis/Daniel Carlson.md,2025,Daniel Carlson,0,False
/home/anbernal/Documents/Fantasy-Football-Tool/2025/go/analysis/Daniel Jones.md,2025,Daniel Jones,0,False
/home/anbernal/Documents/Fantasy-Football-Tool/2025/go/analysis/Darius Slayton.md,2025,Darius Slayton,0,False
/home/anbernal/Documents/Fantasy-Football-Tool/2025/go/analysis/Darnell Mooney.md,2025,Darnell Mooney,-1,True
/home/anbernal/Documents/Fantasy-Football-Tool/2025/go/analysis/Darren Waller.md,2025,Darren Waller,0,False
/home/anbernal/Documents/Fantasy-Football-Tool/2025/go/analysis/Davante Adams.md,2025,Davante Adams,1,True
/home/anbernal/Documents/Fantasy-Football-Tool/2025/go/analysis/David Montgomery.md,2025,David Montgomery,-1,True
/home/anbernal/Documents/Fantasy-Football-Tool/2025/go/analysis/David Njoku.md,2025,David Njoku,1,True
/home/anbernal/Documents/Fantasy-Football-Tool/2025/go/analysis/De'Von Achane.md,2025,De'Von Achane,1,True
/home/anbernal/Documents/Fantasy-Football-Tool/2025/go/analysis/DeAndre Hopkins.md,2025,DeAndre Hopkins,0,True
/home/anbernal/Documents/Fantasy-Football-Tool/2025/go/analysis/DeMario Douglas.md,2025,DeMario Douglas,0,True
/home/anbernal/Documents/Fantasy-Football-Tool/2025/go/analysis/DeVonta Smith.md,2025,DeVonta Smith,0,True
/home/anbernal/Documents/Fantasy-Football-Tool/2025/go/analysis/Deebo Samuel.md,2025,Deebo Samuel,0,True
/home/anbernal/Documents/Fantasy-Football-Tool/2025/go/analysis/Demarcus Robinson.md,2025,Demarcus Robinson,0,False
/home/anbernal/Documents/Fantasy-Football-Tool/2025/go/analysis/Denver Broncos.md,2025,Denver Broncos,0,False
/home/anbernal/Documents/Fantasy-Football-Tool/2025/go/analysis/Derrick Henry.md,2025,Derrick Henry,1,True
/home/anbernal/Documents/Fantasy-Football-Tool/2025/go/analysis/Detroit Lions.md,2025,Detroit Lions,0,False
/home/anbernal/Documents/Fantasy-Football-Tool/2025/go/analysis/Devaughn Vele.md,2025,Devaughn Vele,0,False
/home/anbernal/Documents/Fantasy-Football-Tool/2025/go/analysis/Devin Neal.md,2025,Devin Neal,-2,True
/home/anbernal/Documents/Fantasy-Football-Tool/2025/go/analysis/Devin Singletary.md,2025,Devin Singletary,0,False
/home/anbernal/Documents/Fantasy-Football-Tool/2025/go/analysis/Diontae Johnson.md,2025,Diontae Johnson,0,False
/home/anbernal/Documents/Fantasy-Football-Tool/2025/go/analysis/Dont'e Thornton.md,2025,Dont'e Thornton,0,False
/home/anbernal/Documents/Fantasy-Football-Tool/2025/go/analysis/Dontayvion Wicks.md,2025,Dontayvion Wicks,0,False
/home/anbernal/Documents/Fantasy-Football-Tool/2025/go/analysis/Drake London.md,2025,Drake London,1,True
/home/anbernal/Documents/Fantasy-Football-Tool/2025/go/analysis/Drake Maye.md,2025,Drake Maye,0,True
/home/anbernal/Documents/Fantasy-Football-Tool/2025/go/analysis/Dyami Brown.md,2025,Dyami Brown,0,False
/home/anbernal/Documents/Fantasy-Football-Tool/2025/go/analysis/Dylan Sampson.md,2025,Dylan Sampson,-1,True
/home/anbernal/Documents/Fantasy-Football-Tool/2025/go/analysis/Efton Chism.md,2025,Efton Chism,0,False
/home/anbernal/Documents/Fantasy-Football-Tool/2025/go/analysis/Elic Ayomanor.md,2025,Elic Ayomanor,0,False
/home/anbernal/Documents/Fantasy-Football-Tool/2025/go/analysis/Elijah Arroyo.md,2025,Elijah Arroyo,-1,True
/home/anbernal/Documents/Fantasy-Football-Tool/2025/go/analysis/Elijah Mitchell.md,2025,Elijah Mitchell,0,False
/home/anbernal/Documents/Fantasy-Football-Tool/2025/go/analysis/Elijah Moore.md,2025,Elijah Moore,0,False
/home/anbernal/Documents/Fantasy-Football-Tool/2025/go/analysis/Emanuel Wilson.md,2025,Emanuel Wilson,0,False
/home/anbernal/Documents/Fantasy-Football-Tool/2025/go/analysis/Emeka Egbuka.md,2025,Emeka Egbuka,1,True
/home/anbernal/Documents/Fantasy-Football-Tool/2025/go/analysis/Evan Engram.md,2025,Evan Engram,0,True
/home/anbernal/Documents/Fantasy-Football-Tool/2025/go/analysis/Evan McPherson.md,2025,Evan McPherson,0,False
/home/anbernal/Documents/Fantasy-Football-Tool/2025/go/analysis/Garrett Wilson.md,2025,Garrett Wilson,0,True
/home/anbernal/Documents/Fantasy-Football-Tool/2025/go/analysis/Geno Smith.md,2025,Geno Smith,0,True
/home/anbernal/Documents/Fantasy-Football-Tool/2025/go/analysis/George Kittle.md,2025,George Kittle,0,True
/home/anbernal/Documents/Fantasy-Football-Tool/2025/go/analysis/George Pickens.md,2025,George Pickens,1,True
/home/anbernal/Documents/Fantasy-Football-Tool/2025/go/analysis/Green Bay Packers.md,2025,Green Bay Packers,0,False
/home/anbernal/Documents/Fantasy-Football-Tool/2025/go/analysis/Harold Fannin.md,2025,Harold Fannin,0,False
/home/anbernal/Documents/Fantasy-Football-Tool/2025/go/analysis/Harrison Butker.md,2025,Harrison Butker,0,False
/home/anbernal/Documents/Fantasy-Football-Tool/2025/go/analysis/Houston Texans.md,2025,Houston Texans,0,False
/home/anbernal/Documents/Fantasy-Football-Tool/2025/go/analysis/Hunter Henry.md,2025,Hunter Henry,1,True
/home/anbernal/Documents/Fantasy-Football-Tool/2025/go/analysis/Indianapolis Colts.md,2025,Indianapolis Colts,0,False
/home/anbernal/Documents/Fantasy-Football-Tool/2025/go/analysis/Isaac Guerendo.md,2025,Isaac Guerendo,-2,True
/home/anbernal/Documents/Fantasy-Football-Tool/2025/go/analysis/Isaac TeSlaa.md,2025,Isaac TeSlaa,0,False
/home/anbernal/Documents/Fantasy-Football-Tool/2025/go/analysis/Isaiah Bond.md,2025,Isaiah Bond,0,False
/home/anbernal/Documents/Fantasy-Football-Tool/2025/go/analysis/Isaiah Davis.md,2025,Isaiah Davis,0,False
/home/anbernal/Documents/Fantasy-Football-Tool/2025/go/analysis/Isaiah Likely.md,2025,Isaiah Likely,-1,True
/home/anbernal/Documents/Fantasy-Football-Tool/2025/go/analysis/Isiah Pacheco.md,2025,Isiah Pacheco,-1,True
/home/anbernal/Documents/Fantasy-Football-Tool/2025/go/analysis/J.J. McCarthy.md,2025,J.J. McCarthy,0,True
/home/anbernal/Documents/Fantasy-Football-Tool/2025/go/analysis/J.K. Dobbins.md,2025,J.K. Dobbins,-1,True
/home/anbernal/Documents/Fantasy-Football-Tool/2025/go/analysis/Ja'Marr Chase.md,2025,Ja'Marr Chase,2,True
/home/anbernal/Documents/Fantasy-Football-Tool/2025/go/analysis/Ja'Tavion Sanders.md,2025,Ja'Tavion Sanders,0,False
/home/anbernal/Documents/Fantasy-Football-Tool/2025/go/analysis/Jack Bech.md,2025,Jack Bech,-1,True
/home/anbernal/Documents/Fantasy-Football-Tool/2025/go/analysis/Jacksonville Jaguars.md,2025,Jacksonville Jaguars,0,False
/home/anbernal/Documents/Fantasy-Football-Tool/2025/go/analysis/Jacory Croskey-Merritt.md,2025,Jacory Croskey-Merritt,0,False
/home/anbernal/Documents/Fantasy-Football-Tool/2025/go/analysis/Jahmyr Gibbs.md,2025,Jahmyr Gibbs,2,True
/home/anbernal/Documents/Fantasy-Football-Tool/2025/go/analysis/Jake Bates.md,2025,Jake Bates,0,False
/home/anbernal/Documents/Fantasy-Football-Tool/2025/go/analysis/Jake Elliott.md,2025,Jake Elliott,0,False
/home/anbernal/Documents/Fantasy-Football-Tool/2025/go/analysis/Jake Ferguson.md,2025,Jake Ferguson,0,True
/home/anbernal/Documents/Fantasy-Football-Tool/2025/go/analysis/Jake Moody.md,2025,Jake Moody,0,False
/home/anbernal/Documents/Fantasy-Football-Tool/2025/go/analysis/Jakobi Meyers.md,2025,Jakobi Meyers,1,True
/home/anbernal/Documents/Fantasy-Football-Tool/2025/go/analysis/Jaleel McLaughlin.md,2025,Jaleel McLaughlin,0,False
/home/anbernal/Documents/Fantasy-Football-Tool/2025/go/analysis/Jalen Coker.md,2025,Jalen Coker,0,False
/home/anbernal/Documents/Fantasy-Football-Tool/2025/go/analysis/Jalen Hurts.md,2025,Jalen Hurts,1,True
/home/anbernal/Documents/Fantasy-Football-Tool/2025/go/analysis/Jalen McMillan.md,2025,Jalen McMillan,-2,True
/home/anbernal/Documents/Fantasy-Football-Tool/2025/go/analysis/Jalen Milroe.md,2025,Jalen Milroe,0,False
/home/anbernal/Documents/Fantasy-Football-Tool/2025/go/analysis/Jalen Nailor.md,2025,Jalen Nailor,0,False
/home/anbernal/Documents/Fantasy-Football-Tool/2025/go/analysis/Jalen Royals.md,2025,Jalen Royals,0,False
/home/anbernal/Documents/Fantasy-Football-Tool/2025/go/analysis/Jalen Tolbert.md,2025,Jalen Tolbert,0,False
/home/anbernal/Documents/Fantasy-Football-Tool/2025/go/analysis/Jameis Winston.md,2025,Jameis Winston,0,False
/home/anbernal/Documents/Fantasy-Football-Tool/2025/go/analysis/James Conner.md,2025,James Conner,0,True
/home/anbernal/Documents/Fantasy-Football-Tool/2025/go/analysis/James Cook.md,2025,James Cook,-1,True
/home/anbernal/Documents/Fantasy-Football-Tool/2025/go/analysis/Jameson Williams.md,2025,Jameson Williams,0,True
/home/anbernal/Documents/Fantasy-Football-Tool/2025/go/analysis/Jared Goff.md,2025,Jared Goff,0,True
/home/anbernal/Documents/Fantasy-Football-Tool/2025/go/analysis/Jarquez Hunter.md,2025,Jarquez Hunter,0,True
/home/anbernal/Documents/Fantasy-Football-Tool/2025/go/analysis/Jason Sanders.md,2025,Jason Sanders,0,False
/home/anbernal/Documents/Fantasy-Football-Tool/2025/go/analysis/Jauan Jennings.md,2025,Jauan Jennings,-1,True
/home/anbernal/Documents/Fantasy-Football-Tool/2025/go/analysis/Javonte Williams.md,2025,Javonte Williams,0,True
/home/anbernal/Documents/Fantasy-Football-Tool/2025/go/analysis/Jaxon Smith-Njigba.md,2025,Jaxon Smith-Njigba,1,True
/home/anbernal/Documents/Fantasy-Football-Tool/2025/go/analysis/Jaxson Dart.md,2025,Jaxson Dart,0,False
/home/anbernal/Documents/Fantasy-Football-Tool/2025/go/analysis/Jayden Daniels.md,2025,Jayden Daniels,1,True
/home/anbernal/Documents/Fantasy-Football-Tool/2025/go/analysis/Jayden Higgins.md,2025,Jayden Higgins,1,True
/home/anbernal/Documents/Fantasy-Football-Tool/2025/go/analysis/Jayden Reed.md,2025,Jayden Reed,0,True
/home/anbernal/Documents/Fantasy-Football-Tool/2025/go/analysis/Jaydon Blue.md,2025,Jaydon Blue,0,True
/home/anbernal/Documents/Fantasy-Football-Tool/2025/go/analysis/Jaylen Waddle.md,2025,Jaylen Waddle,1,True
/home/anbernal/Documents/Fantasy-Football-Tool/2025/go/analysis/Jaylen Warren.md,2025,Jaylen Warren,1,True
/home/anbernal/Documents/Fantasy-Football-Tool/2025/go/analysis/Jaylen Wright.md,2025,Jaylen Wright,-1,True
/home/anbernal/Documents/Fantasy-Football-Tool/2025/go/analysis/Jaylin Noel.md,2025,Jaylin Noel,0,False
/home/anbernal/Documents/Fantasy-Football-Tool/2025/go/analysis/Jermaine Burton.md,2025,Jermaine Burton,0,False
/home/anbernal/Documents/Fantasy-Football-Tool/2025/go/analysis/Jerome Ford.md,2025,Jerome Ford,0,True
/home/anbernal/Documents/Fantasy-Football-Tool/2025/go/analysis/Jerry Jeudy.md,2025,Jerry Jeudy,1,True
/home/anbernal/Documents/Fantasy-Football-Tool/2025/go/analysis/Jimmy Garoppolo.md,2025,Jimmy Garoppolo,0,False
/home/anbernal/Documents/Fantasy-Football-Tool/2025/go/analysis/Joe Burrow.md,2025,Joe Burrow,1,True
/home/anbernal/Documents/Fantasy-Football-Tool/2025/go/analysis/Joe Flacco.md,2025,Joe Flacco,0,False
/home/anbernal/Documents/Fantasy-Football-Tool/2025/go/analysis/Joe Mixon.md,2025,Joe Mixon,-2,True
/home/anbernal/Documents/Fantasy-Football-Tool/2025/go/analysis/Jonathan Taylor.md,2025,Jonathan Taylor,0,True
/home/anbernal/Documents/Fantasy-Football-Tool/2025/go/analysis/Jonnu Smith.md,2025,Jonnu Smith,-1,True
/home/anbernal/Documents/Fantasy-Football-Tool/2025/go/analysis/Jordan Addison.md,2025,Jordan Addison,1,True
/home/anbernal/Documents/Fantasy-Football-Tool/2025/go/analysis/Jordan James.md,2025,Jordan James,0,False
/home/anbernal/Documents/Fantasy-Football-Tool/2025/go/analysis/Jordan Love.md,2025,Jordan Love,1,True
/home/anbernal/Documents/Fantasy-Football-Tool/2025/go/analysis/Jordan Mason.md,2025,Jordan Mason,0,True
/home/anbernal/Documents/Fantasy-Football-Tool/2025/go/analysis/Jordan Whittington.md,2025,Jordan Whittington,0,False
/home/anbernal/Documents/Fantasy-Football-Tool/2025/go/analysis/Josh Allen.md,2025,Josh Allen,0,True
/home/anbernal/Documents/Fantasy-Football-Tool/2025/go/analysis/Josh Downs.md,2025,Josh Downs,0,True
/home/anbernal/Documents/Fantasy-Football-Tool/2025/go/analysis/Josh Jacobs.md,2025,Josh Jacobs,1,True
/home/anbernal/Documents/Fantasy-Football-Tool/2025/go/analysis/Joshua Karty.md,2025,Joshua Karty,0,False
/home/anbernal/Documents/Fantasy-Football-Tool/2025/go/analysis/Joshua Palmer.md,2025,Joshua Palmer,-1,True
/home/anbernal/Documents/Fantasy-Football-Tool/2025/go/analysis/Justice Hill.md,2025,Justice Hill,0,True
/home/anbernal/Documents/Fantasy-Football-Tool/2025/go/analysis/Justin Fields.md,2025,Justin Fields,0,True
/home/anbernal/Documents/Fantasy-Football-Tool/2025/go/analysis/Justin Herbert.md,2025,Justin Herbert,1,True
/home/anbernal/Documents/Fantasy-Football-Tool/2025/go/analysis/Justin Jefferson.md,2025,Justin Jefferson,2,True
/home/anbernal/Documents/Fantasy-Football-Tool/2025/go/analysis/Juwan Johnson.md,2025,Juwan Johnson,0,False
/home/anbernal/Documents/Fantasy-Football-Tool/2025/go/analysis/Ka'imi Fairbairn.md,2025,Ka'imi Fairbairn,0,False
/home/anbernal/Documents/Fantasy-Football-Tool/2025/go/analysis/KaVontae Turpin.md,2025,KaVontae Turpin,0,False
/home/anbernal/Documents/Fantasy-Football-Tool/2025/go/analysis/Kaleb Johnson.md,2025,Kaleb Johnson,-2,True
/home/anbernal/Documents/Fantasy-Football-Tool/2025/go/analysis/Kansas City Chiefs.md,2025,Kansas City Chiefs,0,False
/home/anbernal/Documents/Fantasy-Football-Tool/2025/go/analysis/Kareem Hunt.md,2025,Kareem Hunt,0,True
/home/anbernal/Documents/Fantasy-Football-Tool/2025/go/analysis/Kayshon Boutte.md,2025,Kayshon Boutte,0,False
/home/anbernal/Documents/Fantasy-Football-Tool/2025/go/analysis/KeAndre Lambert-Smith.md,2025,KeAndre Lambert-Smith,0,False
/home/anbernal/Documents/Fantasy-Football-Tool/2025/go/analysis/Keaton Mitchell.md,2025,Keaton Mitchell,0,False
/home/anbernal/Documents/Fantasy-Football-Tool/2025/go/analysis/Keenan Allen.md,2025,Keenan Allen,0,True
/home/anbernal/Documents/Fantasy-Football-Tool/2025/go/analysis/Kendre Miller.md,2025,Kendre Miller,0,False
/home/anbernal/Documents/Fantasy-Football-Tool/2025/go/analysis/Kenneth Gainwell.md,2025,Kenneth Gainwell,0,False
/home/anbernal/Documents/Fantasy-Football-Tool/2025/go/analysis/Kenneth Walker.md,2025,Kenneth Walker,-1,True
/home/anbernal/Documents/Fantasy-Football-Tool/2025/go/analysis/Keon Coleman.md,2025,Keon Coleman,-1,True
/home/anbernal/Documents/Fantasy-Football-Tool/2025/go/analysis/Khalil Herbert.md,2025,Khalil Herbert,0,False
/home/anbernal/Documents/Fantasy-Football-Tool/2025/go/analysis/Khalil Shakir.md,2025,Khalil Shakir,0,True
/home/anbernal/Documents/Fantasy-Football-Tool/2025/go/analysis/Kimani Vidal.md,2025,Kimani Vidal,0,False
/home/anbernal/Documents/Fantasy-Football-Tool/2025/go/analysis/Kirk Cousins.md,2025,Kirk Cousins,0,False
/home/anbernal/Documents/Fantasy-Football-Tool/2025/go/analysis/Kyle Monangai.md,2025,Kyle Monangai,-1,True
/home/anbernal/Documents/Fantasy-Football-Tool/2025/go/analysis/Kyle Pitts.md,2025,Kyle Pitts,-1,True
/home/anbernal/Documents/Fantasy-Football-Tool/2025/go/analysis/Kyle Williams.md,2025,Kyle Williams,0,True
/home/anbernal/Documents/Fantasy-Football-Tool/2025/go/analysis/Kyler Murray.md,2025,Kyler Murray,0,True
/home/anbernal/Documents/Fantasy-Football-Tool/2025/go/analysis/Kyren Williams.md,2025,Kyren Williams,1,True
/home/anbernal/Documents/Fantasy-Football-Tool/2025/go/analysis/Ladd McConkey.md,2025,Ladd McConkey,0,True
/home/anbernal/Documents/Fantasy-Football-Tool/2025/go/analysis/Lamar Jackson.md,2025,Lamar Jackson,1,True
/home/anbernal/Documents/Fantasy-Football-Tool/2025/go/analysis/Las Vegas Raiders.md,2025,Las Vegas Raiders,0,False
/home/anbernal/Documents/Fantasy-Football-Tool/2025/go/analysis/LeQuint Allen.md,2025,LeQuint Allen,0,False
/home/anbernal/Documents/Fantasy-Football-Tool/2025/go/analysis/Los Angeles Chargers.md,2025,Los Angeles Chargers,0,False
/home/anbernal/Documents/Fantasy-Football-Tool/2025/go/analysis/Los Angeles Rams.md,2025,Los Angeles Rams,0,False
/home/anbernal/Documents/Fantasy-Football-Tool/2025/go/analysis/Luke McCaffrey.md,2025,Luke McCaffrey,0,False
/home/anbernal/Documents/Fantasy-Football-Tool/2025/go/analysis/Luther Burden.md,2025,Luther Burden,-1,True
/home/anbernal/Documents/Fantasy-Football-Tool/2025/go/analysis/Malik Nabers.md,2025,Malik Nabers,1,True
/home/anbernal/Documents/Fantasy-Football-Tool/2025/go/analysis/Malik Washington.md,2025,Malik Washington,0,False
/home/anbernal/Documents/Fantasy-Football-Tool/2025/go/analysis/MarShawn Lloyd.md,2025,MarShawn Lloyd,-2,True
/home/anbernal/Documents/Fantasy-Football-Tool/2025/go/analysis/Mark Andrews.md,2025,Mark Andrews,0,True
/home/anbernal/Documents/Fantasy-Football-Tool/2025/go/analysis/Marquez Valdes-Scantling.md,2025,Marquez Valdes-Scantling,0,False
/home/anbernal/Documents/Fantasy-Football-Tool/2025/go/analysis/Marquise Brown.md,2025,Marquise Brown,0,True
/home/anbernal/Documents/Fantasy-Football-Tool/2025/go/analysis/Marvin Harrison.md,2025,Marvin Harrison,1,True
/home/anbernal/Documents/Fantasy-Football-Tool/2025/go/analysis/Marvin Mims.md,2025,Marvin Mims,1,True
/home/anbernal/Documents/Fantasy-Football-Tool/2025/go/analysis/Mason Taylor.md,2025,Mason Taylor,-1,True
/home/anbernal/Documents/Fantasy-Football-Tool/2025/go/analysis/Matt Gay.md,2025,Matt Gay,0,False
/home/anbernal/Documents/Fantasy-Football-Tool/2025/go/analysis/Matthew Golden.md,2025,Matthew Golden,0,True
/home/anbernal/Documents/Fantasy-Football-Tool/2025/go/analysis/Matthew Stafford.md,2025,Matthew Stafford,-1,True
/home/anbernal/Documents/Fantasy-Football-Tool/2025/go/analysis/Miami Dolphins.md,2025,Miami Dolphins,0,False
/home/anbernal/Documents/Fantasy-Football-Tool/2025/go/analysis/Michael Penix.md,2025,Michael Penix,0,True
/home/anbernal/Documents/Fantasy-Football-Tool/2025/go/analysis/Michael Pittman.md,2025,Michael Pittman,1,True
/home/anbernal/Documents/Fantasy-Football-Tool/2025/go/analysis/Michael Wilson.md,2025,Michael Wilson,0,False
/home/anbernal/Documents/Fantasy-Football-Tool/2025/go/analysis/Mike Evans.md,2025,Mike Evans,1,True
/home/anbernal/Documents/Fantasy-Football-Tool/2025/go/analysis/Mike Gesicki.md,2025,Mike Gesicki,-1,True
/home/anbernal/Documents/Fantasy-Football-Tool/2025/go/analysis/Miles Sanders.md,2025,Miles Sanders,-2,True
/home/anbernal/Documents/Fantasy-Football-Tool/2025/go/analysis/Minnesota Vikings.md,2025,Minnesota Vikings,0,False
/home/anbernal/Documents/Fantasy-Football-Tool/2025/go/analysis/Mitchell Tinsley.md,2025,Mitchell Tinsley,0,False
/home/anbernal/Documents/Fantasy-Football-Tool/2025/go/analysis/Najee Harris.md,2025,Najee Harris,0,True
/home/anbernal/Documents/Fantasy-Football-Tool/2025/go/analysis/New England Patriots.md,2025,New England Patriots,0,False
/home/anbernal/Documents/Fantasy-Football-Tool/2025/go/analysis/New Orleans Saints.md,2025,New Orleans Saints,0,False
/home/anbernal/Documents/Fantasy-Football-Tool/2025/go/analysis/New York Giants.md,2025,New York Giants,0,False
/home/anbernal/Documents/Fantasy-Football-Tool/2025/go/analysis/New York Jets.md,2025,New York Jets,0,False
/home/anbernal/Documents/Fantasy-Football-Tool/2025/go/analysis/Nick Chubb.md,2025,Nick Chubb,0,True
/home/anbernal/Documents/Fantasy-Football-Tool/2025/go/analysis/Nico Collins.md,2025,Nico Collins,1,True
/home/anbernal/Documents/Fantasy-Football-Tool/2025/go/analysis/Noah Brown.md,2025,Noah Brown,0,False
/home/anbernal/Documents/Fantasy-Football-Tool/2025/go/analysis/Noah Fant.md,2025,Noah Fant,0,False
/home/anbernal/Documents/Fantasy-Football-Tool/2025/go/analysis/Noah Gray.md,2025,Noah Gray,0,False
/home/anbernal/Documents/Fantasy-Football-Tool/2025/go/analysis/Olamide Zaccheaus.md,2025,Olamide Zaccheaus,0,False
/home/anbernal/Documents/Fantasy-Football-Tool/2025/go/analysis/Ollie Gordon.md,2025,Ollie Gordon,0,False
/home/anbernal/Documents/Fantasy-Football-Tool/2025/go/analysis/Omarion Hampton.md,2025,Omarion Hampton,1,True
/home/anbernal/Documents/Fantasy-Football-Tool/2025/go/analysis/Oronde Gadsden.md,2025,Oronde Gadsden,0,False
/home/anbernal/Documents/Fantasy-Football-Tool/2025/go/analysis/Parker Washington.md,2025,Parker Washington,0,False
/home/anbernal/Documents/Fantasy-Football-Tool/2025/go/analysis/Pat Bryant.md,2025,Pat Bryant,0,False
/home/anbernal/Documents/Fantasy-Football-Tool/2025/go/analysis/Pat Freiermuth.md,2025,Pat Freiermuth,-1,True
/home/anbernal/Documents/Fantasy-Football-Tool/2025/go/analysis/Patrick Mahomes.md,2025,Patrick Mahomes,1,True
/home/anbernal/Documents/Fantasy-Football-Tool/2025/go/analysis/Phil Mafah.md,2025,Phil Mafah,0,False
/home/anbernal/Documents/Fantasy-Football-Tool/2025/go/analysis/Philadelphia Eagles.md,2025,Philadelphia Eagles,0,False
/home/anbernal/Documents/Fantasy-Football-Tool/2025/go/analysis/Pittsburgh Steelers.md,2025,Pittsburgh Steelers,0,False
/home/anbernal/Documents/Fantasy-Football-Tool/2025/go/analysis/Puka Nacua.md,2025,Puka Nacua,0,True
/home/anbernal/Documents/Fantasy-Football-Tool/2025/go/analysis/Quentin Johnston.md,2025,Quentin Johnston,0,True
/home/anbernal/Documents/Fantasy-Football-Tool/2025/go/analysis/Quinshon Judkins.md,2025,Quinshon Judkins,-2,True
/home/anbernal/Documents/Fantasy-Football-Tool/2025/go/analysis/RJ Harvey.md,2025,RJ Harvey,1,True
/home/anbernal/Documents/Fantasy-Football-Tool/2025/go/analysis/Rachaad White.md,2025,Rachaad White,0,True
/home/anbernal/Documents/Fantasy-Football-Tool/2025/go/analysis/Raheem Mostert.md,2025,Raheem Mostert,0,False
/home/anbernal/Documents/Fantasy-Football-Tool/2025/go/analysis/Rashee Rice.md,2025,Rashee Rice,0,True
/home/anbernal/Documents/Fantasy-Football-Tool/2025/go/analysis/Rashid Shaheed.md,2025,Rashid Shaheed,-1,True
/home/anbernal/Documents/Fantasy-Football-Tool/2025/go/analysis/Rashod Bateman.md,2025,Rashod Bateman,0,True
/home/anbernal/Documents/Fantasy-Football-Tool/2025/go/analysis/Ray Davis.md,2025,Ray Davis,0,True
/home/anbernal/Documents/Fantasy-Football-Tool/2025/go/analysis/Ray-Ray McCloud.md,2025,Ray-Ray McCloud,0,False
/home/anbernal/Documents/Fantasy-Football-Tool/2025/go/analysis/Rhamondre Stevenson.md,2025,Rhamondre Stevenson,0,True
/home/anbernal/Documents/Fantasy-Football-Tool/2025/go/analysis/Ricky Pearsall.md,2025,Ricky Pearsall,1,True
/home/anbernal/Documents/Fantasy-Football-Tool/2025/go/analysis/Rico Dowdle.md,2025,Rico Dowdle,0,True
/home/anbernal/Documents/Fantasy-Football-Tool/2025/go/analysis/Roman Wilson.md,2025,Roman Wilson,0,False
/home/anbernal/Documents/Fantasy-Football-Tool/2025/go/analysis/Rome Odunze.md,2025,Rome Odunze,0,True
/home/anbernal/Documents/Fantasy-Football-Tool/2025/go/analysis/Romeo Doubs.md,2025,Romeo Doubs,-1,True
/home/anbernal/Documents/Fantasy-Football-Tool/2025/go/analysis/Roschon Johnson.md,2025,Roschon Johnson,-1,True
/home/anbernal/Documents/Fantasy-Football-Tool/2025/go/analysis/Russell Wilson.md,2025,Russell Wilson,0,True
/home/anbernal/Documents/Fantasy-Football-Tool/2025/go/analysis/Sam Darnold.md,2025,Sam Darnold,0,True
/home/anbernal/Documents/Fantasy-Football-Tool/2025/go/analysis/Sam LaPorta.md,2025,Sam LaPorta,-1,True
/home/anbernal/Documents/Fantasy-Football-Tool/2025/go/analysis/Samaje Perine.md,2025,Samaje Perine,0,False
/home/anbernal/Documents/Fantasy-Football-Tool/2025/go/analysis/San Francisco 49ers.md,2025,San Francisco 49ers,0,False
/home/anbernal/Documents/Fantasy-Football-Tool/2025/go/analysis/Saquon Barkley.md,2025,Saquon Barkley,1,True
/home/anbernal/Documents/Fantasy-Football-Tool/2025/go/analysis/Sean Tucker.md,2025,Sean Tucker,0,False
/home/anbernal/Documents/Fantasy-Football-Tool/2025/go/analysis/Seattle Seahawks.md,2025,Seattle Seahawks,0,False
/home/anbernal/Documents/Fantasy-Football-Tool/2025/go/analysis/Shedeur Sanders.md,2025,Shedeur Sanders,0,False
/home/anbernal/Documents/Fantasy-Football-Tool/2025/go/analysis/Spencer Rattler.md,2025,Spencer Rattler,0,False
/home/anbernal/Documents/Fantasy-Football-Tool/2025/go/analysis/Stefon Diggs.md,2025,Stefon Diggs,0,True
/home/anbernal/Documents/Fantasy-Football-Tool/2025/go/analysis/T.J. Hockenson.md,2025,T.J. Hockenson,1,True
/home/anbernal/Documents/Fantasy-Football-Tool/2025/go/analysis/Tahj Brooks.md,2025,Tahj Brooks,0,False
/home/anbernal/Documents/Fantasy-Football-Tool/2025/go/analysis/Tai Felton.md,2025,Tai Felton,0,False
/home/anbernal/Documents/Fantasy-Football-Tool/2025/go/analysis/Tampa Bay Buccaneers.md,2025,Tampa Bay Buccaneers,0,False
/home/anbernal/Documents/Fantasy-Football-Tool/2025/go/analysis/Tank Bigsby.md,2025,Tank Bigsby,-1,True
/home/anbernal/Documents/Fantasy-Football-Tool/2025/go/analysis/Tanner McKee.md,2025,Tanner McKee,0,False
/home/anbernal/Documents/Fantasy-Football-Tool/2025/go/analysis/Taysom Hill.md,2025,Taysom Hill,0,False
/home/anbernal/Documents/Fantasy-Football-Tool/2025/go/analysis/Tee Higgins.md,2025,Tee Higgins,0,True
/home/anbernal/Documents/Fantasy-Football-Tool/2025/go/analysis/Tennessee Titans.md,2025,Tennessee Titans,0,False
/home/anbernal/Documents/Fantasy-Football-Tool/2025/go/analysis/Terrance Ferguson.md,2025,Terrance Ferguson,0,False
/home/anbernal/Documents/Fantasy-Football-Tool/2025/go/analysis/Terry McLaurin.md,2025,Terry McLaurin,1,True
/home/anbernal/Documents/Fantasy-Football-Tool/2025/go/analysis/Tetairoa McMillan.md,2025,Tetairoa McMillan,1,True
/home/anbernal/Documents/Fantasy-Football-Tool/2025/go/analysis/Theo Johnson.md,2025,Theo Johnson,0,False
/home/anbernal/Documents/Fantasy-Football-Tool/2025/go/analysis/Tony Pollard.md,2025,Tony Pollard,1,True
/home/anbernal/Documents/Fantasy-Football-Tool/2025/go/analysis/Tory Horton.md,2025,Tory Horton,0,False
/home/anbernal/Documents/Fantasy-Football-Tool/2025/go/analysis/Travis Etienne.md,2025,Travis Etienne,-1,True
/home/anbernal/Documents/Fantasy-Football-Tool/2025/go/analysis/Travis Hunter.md,2025,Travis Hunter,0,True
/home/anbernal/Documents/Fantasy-Football-Tool/2025/go/analysis/Travis Kelce.md,2025,Travis Kelce,1,True
/home/anbernal/Documents/Fantasy-Football-Tool/2025/go/analysis/Tre Tucker.md,2025,Tre Tucker,0,False
/home/anbernal/Documents/Fantasy-Football-Tool/2025/go/analysis/Tre' Harris.md,2025,Tre' Harris,-1,True
/home/anbernal/Documents/Fantasy-Football-Tool/2025/go/analysis/TreVeyon Henderson.md,2025,TreVeyon Henderson,1,True
/home/anbernal/Documents/Fantasy-Football-Tool/2025/go/analysis/Trevor Etienne.md,2025,Trevor Etienne,0,False
/home/anbernal/Documents/Fantasy-Football-Tool/2025/go/analysis/Trevor Lawrence.md,2025,Trevor Lawrence,0,True
/home/anbernal/Documents/Fantasy-Football-Tool/2025/go/analysis/Trey Benson.md,2025,Trey Benson,0,True
/home/anbernal/Documents/Fantasy-Football-Tool/2025/go/analysis/Trey McBride.md,2025,Trey McBride,2,True
/home/anbernal/Documents/Fantasy-Football-Tool/2025/go/analysis/Troy Franklin.md,2025,Troy Franklin,0,False
/home/anbernal/Documents/Fantasy-Football-Tool/2025/go/analysis/Tua Tagovailoa.md,2025,Tua Tagovailoa,-1,True
/home/anbernal/Documents/Fantasy-Football-Tool/2025/go/analysis/Tucker Kraft.md,2025,Tucker Kraft,1,True
/home/anbernal/Documents/Fantasy-Football-Tool/2025/go/analysis/Tutu Atwell.md,2025,Tutu Atwell,0,False
/home/anbernal/Documents/Fantasy-Football-Tool/2025/go/analysis/Ty Johnson.md,2025,Ty Johnson,0,False
/home/anbernal/Documents/Fantasy-Football-Tool/2025/go/analysis/Tyjae Spears.md,2025,Tyjae Spears,-1,True
/home/anbernal/Documents/Fantasy-Football-Tool/2025/go/analysis/Tyler Allgeier.md,2025,Tyler Allgeier,1,True
/home/anbernal/Documents/Fantasy-Football-Tool/2025/go/analysis/Tyler Bass.md,2025,Tyler Bass,0,False
/home/anbernal/Documents/Fantasy-Football-Tool/2025/go/analysis/Tyler Conklin.md,2025,Tyler Conklin,0,False
/home/anbernal/Documents/Fantasy-Football-Tool/2025/go/analysis/Tyler Higbee.md,2025,Tyler Higbee,0,False
/home/anbernal/Documents/Fantasy-Football-Tool/2025/go/analysis/Tyler Lockett.md,2025,Tyler Lockett,0,False
/home/anbernal/Documents/Fantasy-Football-Tool/2025/go/analysis/Tyler Loop.md,2025,Tyler Loop,0,False
/home/anbernal/Documents/Fantasy-Football-Tool/2025/go/analysis/Tyler Shough.md,2025,Tyler Shough,0,False
/home/anbernal/Documents/Fantasy-Football-Tool/2025/go/analysis/Tyler Warren.md,2025,Tyler Warren,1,True
/home/anbernal/Documents/Fantasy-Football-Tool/2025/go/analysis/Tyreek Hill.md,2025,Tyreek Hill,1,True
/home/anbernal/Documents/Fantasy-Football-Tool/2025/go/analysis/Tyrone Tracy.md,2025,Tyrone Tracy,-1,True
/home/anbernal/Documents/Fantasy-Football-Tool/2025/go/analysis/Wan'Dale Robinson.md,2025,Wan'Dale Robinson,0,True
/home/anbernal/Documents/Fantasy-Football-Tool/2025/go/analysis/Washington Commanders.md,2025,Washington Commanders,0,False
/home/anbernal/Documents/Fantasy-Football-Tool/2025/go/analysis/Wil Lutz.md,2025,Wil Lutz,0,False
/home/anbernal/Documents/Fantasy-Football-Tool/2025/go/analysis/Will Reichard.md,2025,Will Reichard,0,False
/home/anbernal/Documents/Fantasy-Football-Tool/2025/go/analysis/Will Shipley.md,2025,Will Shipley,-1,True
/home/anbernal/Documents/Fantasy-Football-Tool/2025/go/analysis/Woody Marks.md,2025,Woody Marks,0,False
/home/anbernal/Documents/Fantasy-Football-Tool/2025/go/analysis/Xavier Legette.md,2025,Xavier Legette,0,True
/home/anbernal/Documents/Fantasy-Football-Tool/2025/go/analysis/Xavier Restrepo.md,2025,Xavier Restrepo,0,False
/home/anbernal/Documents/Fantasy-Football-Tool/2025/go/analysis/Xavier Worthy.md,2025,Xavier Worthy,0,True
/home/anbernal/Documents/Fantasy-Football-Tool/2025/go/analysis/Younghoe Koo.md,2025,Younghoe Koo,0,False
/home/anbernal/Documents/Fantasy-Football-Tool/2025/go/analysis/Zach Charbonnet.md,2025,Zach Charbonnet,1,True
/home/anbernal/Documents/Fantasy-Football-Tool/2025/go/analysis/Zach Ertz.md,2025,Zach Ertz,-1,True
/home/anbernal/Documents/Fantasy-Football-Tool/2025/go/analysis/Zack Moss.md,2025,Zack Moss,0,False
/home/anbernal/Documents/Fantasy-Football-Tool/2025/go/analysis/Zay Flowers.md,2025,Zay Flowers,0,True
