file,note_name,key,player,pos,market_rank,position,total_pts,games,ppg,pos_finish,year
/home/anbernal/Documents/Fantasy-Football-Tool/2025/go/analysis/A.J. Brown.md,A.J. Brown,aj brown,A.J. Brown,WR,22.0,WR,142.3,15.0,9.486666666666668,11.0,2025
/home/anbernal/Documents/Fantasy-Football-Tool/2025/go/analysis/A.J. Dillon.md,A.J. Dillon,aj dillon,,,,RB,5.800000000000001,5.0,1.1600000000000001,105.0,2025
/home/anbernal/Documents/Fantasy-Football-Tool/2025/go/analysis/Aaron Jones.md,Aaron Jones,aaron jones,Aaron Jones,RB,66.0,RB,90.7,12.0,7.558333333333334,43.0,2025
/home/anbernal/Documents/Fantasy-Football-Tool/2025/go/analysis/Aaron Rodgers.md,Aaron Rodgers,aaron rodgers,Aaron Rodgers,QB,207.0,QB,208.32,15.0,13.888,18.0,2025
/home/anbernal/Documents/Fantasy-Football-Tool/2025/go/analysis/Adam Thielen.md,Adam Thielen,adam thielen,Adam Thielen,WR,178.0,WR,16.3,13.0,1.2538461538461538,135.0,2025
/home/anbernal/Documents/Fantasy-Football-Tool/2025/go/analysis/Adonai Mitchell.md,Adonai Mitchell,adonai mitchell,Adonai Mitchell,WR,270.0,WR,54.900000000000006,15.0,3.6600000000000006,72.0,2025
/home/anbernal/Documents/Fantasy-Football-Tool/2025/go/analysis/Alec Pierce.md,Alec Pierce,alec pierce,Alec Pierce,WR,217.0,WR,111.10000000000001,14.0,7.935714285714286,32.0,2025
/home/anbernal/Documents/Fantasy-Football-Tool/2025/go/analysis/Alexander Mattison.md,Alexander Mattison,alexander mattison,,,,,,,,,2025
/home/anbernal/Documents/Fantasy-Football-Tool/2025/go/analysis/Alvin Kamara.md,Alvin Kamara,alvin kamara,Alvin Kamara,RB,40.0,RB,67.7,11.0,6.154545454545455,52.0,2025
/home/anbernal/Documents/Fantasy-Football-Tool/2025/go/analysis/Amari Cooper.md,Amari Cooper,amari cooper,,,,,,,,,2025
/home/anbernal/Documents/Fantasy-Football-Tool/2025/go/analysis/Amon-Ra St. Brown.md,Amon-Ra St. Brown,amon ra st brown,Amon-Ra St. Brown,WR,9.0,WR,193.1,16.0,12.06875,4.0,2025
/home/anbernal/Documents/Fantasy-Football-Tool/2025/go/analysis/Andrei Iosivas.md,Andrei Iosivas,andrei iosivas,Andrei Iosivas,WR,277.0,WR,55.900000000000006,14.0,3.9928571428571433,69.0,2025
/home/anbernal/Documents/Fantasy-Football-Tool/2025/go/analysis/Anthony Richardson.md,Anthony Richardson,anthony richardson,,,,QB,1.16,2.0,0.58,67.0,2025
/home/anbernal/Documents/Fantasy-Football-Tool/2025/go/analysis/Antonio Gibson.md,Antonio Gibson,antonio gibson,,,,RB,21.200000000000003,5.0,4.24,79.0,2025
/home/anbernal/Documents/Fantasy-Football-Tool/2025/go/analysis/Arizona Cardinals.md,Arizona Cardinals,arizona cardinals,,,,,,,,,2025
/home/anbernal/Documents/Fantasy-Football-Tool/2025/go/analysis/Ashton Jeanty.md,Ashton Jeanty,ashton jeanty,Ashton Jeanty,RB,10.0,RB,180.7,16.0,11.29375,15.0,2025
/home/anbernal/Documents/Fantasy-Football-Tool/2025/go/analysis/Audric Estime.md,Audric Estime,audric estime,,,,RB,25.5,4.0,6.375,72.0,2025
/home/anbernal/Documents/Fantasy-Football-Tool/2025/go/analysis/Austin Ekeler.md,Austin Ekeler,austin ekeler,Austin Ekeler,RB,137.0,RB,8.100000000000001,2.0,4.050000000000001,98.0,2025
/home/anbernal/Documents/Fantasy-Football-Tool/2025/go/analysis/Baker Mayfield.md,Baker Mayfield,baker mayfield,Baker Mayfield,QB,72.0,QB,258.7,16.0,16.16875,12.0,2025
/home/anbernal/Documents/Fantasy-Football-Tool/2025/go/analysis/Baltimore Ravens.md,Baltimore Ravens,baltimore ravens,,,,,,,,,2025
/home/anbernal/Documents/Fantasy-Football-Tool/2025/go/analysis/Ben Sinnott.md,Ben Sinnott,ben sinnott,,,,TE,17.1,8.0,2.1375,64.0,2025
/home/anbernal/Documents/Fantasy-Football-Tool/2025/go/analysis/Bhayshul Tuten.md,Bhayshul Tuten,bhayshul tuten,Bhayshul Tuten,RB,125.0,RB,70.3,14.0,5.021428571428571,50.0,2025
/home/anbernal/Documents/Fantasy-Football-Tool/2025/go/analysis/Bijan Robinson.md,Bijan Robinson,bijan robinson,Bijan Robinson,RB,2.0,RB,287.5,16.0,17.96875,3.0,2025
/home/anbernal/Documents/Fantasy-Football-Tool/2025/go/analysis/Blake Corum.md,Blake Corum,blake corum,Blake Corum,RB,189.0,RB,107.30000000000001,16.0,6.706250000000001,32.0,2025
/home/anbernal/Documents/Fantasy-Football-Tool/2025/go/analysis/Bo Nix.md,Bo Nix,bo nix,Bo Nix,QB,74.0,QB,294.3,16.0,18.39375,8.0,2025
/home/anbernal/Documents/Fantasy-Football-Tool/2025/go/analysis/Braelon Allen.md,Braelon Allen,braelon allen,Braelon Allen,RB,147.0,RB,13.3,4.0,3.325,92.0,2025
/home/anbernal/Documents/Fantasy-Football-Tool/2025/go/analysis/Brandin Cooks.md,Brandin Cooks,brandin cooks,,,,WR,27.900000000000002,13.0,2.1461538461538465,118.0,2025
/home/anbernal/Documents/Fantasy-Football-Tool/2025/go/analysis/Brandon Aiyuk.md,Brandon Aiyuk,brandon aiyuk,Brandon Aiyuk,WR,143.0,,,,,,2025
/home/anbernal/Documents/Fantasy-Football-Tool/2025/go/analysis/Brandon Aubrey.md,Brandon Aubrey,brandon aubrey,,,,K,177.6,16.0,11.1,2.0,2025
/home/anbernal/Documents/Fantasy-Football-Tool/2025/go/analysis/Brandon McManus.md,Brandon McManus,brandon mcmanus,,,,K,105.0,13.0,8.076923076923077,23.0,2025
/home/anbernal/Documents/Fantasy-Football-Tool/2025/go/analysis/Brashard Smith.md,Brashard Smith,brashard smith,,,,RB,32.5,16.0,2.03125,69.0,2025
/home/anbernal/Documents/Fantasy-Football-Tool/2025/go/analysis/Breece Hall.md,Breece Hall,breece hall,Breece Hall,RB,39.0,RB,171.66,16.0,10.72875,17.0,2025
/home/anbernal/Documents/Fantasy-Football-Tool/2025/go/analysis/Brenton Strange.md,Brenton Strange,brenton strange,Brenton Strange,TE,205.0,TE,60.800000000000004,11.0,5.527272727272727,27.0,2025
/home/anbernal/Documents/Fantasy-Football-Tool/2025/go/analysis/Brian Robinson.md,Brian Robinson,brian robinson,Brian Robinson,RB,77.0,RB,53.6,16.0,3.35,57.0,2025
/home/anbernal/Documents/Fantasy-Football-Tool/2025/go/analysis/Brian Thomas.md,Brian Thomas,brian thomas,Brian Thomas,WR,17.0,WR,85.9,13.0,6.607692307692308,46.0,2025
/home/anbernal/Documents/Fantasy-Football-Tool/2025/go/analysis/Brock Bowers.md,Brock Bowers,brock bowers,Brock Bowers,TE,25.0,TE,112.20000000000002,12.0,9.350000000000001,7.0,2025
/home/anbernal/Documents/Fantasy-Football-Tool/2025/go/analysis/Brock Purdy.md,Brock Purdy,brock purdy,Brock Purdy,QB,83.0,QB,172.2,8.0,21.525,24.0,2025
/home/anbernal/Documents/Fantasy-Football-Tool/2025/go/analysis/Bryce Young.md,Bryce Young,bryce young,Bryce Young,QB,176.0,QB,201.5,15.0,13.433333333333334,19.0,2025
/home/anbernal/Documents/Fantasy-Football-Tool/2025/go/analysis/Bucky Irving.md,Bucky Irving,bucky irving,Bucky Irving,RB,20.0,RB,98.7,9.0,10.966666666666667,41.0,2025
/home/anbernal/Documents/Fantasy-Football-Tool/2025/go/analysis/Buffalo Bills.md,Buffalo Bills,buffalo bills,,,,,,,,,2025
/home/anbernal/Documents/Fantasy-Football-Tool/2025/go/analysis/C.J. Stroud.md,C.J. Stroud,cj stroud,C.J. Stroud,QB,130.0,QB,191.28,13.0,14.713846153846154,21.0,2025
/home/anbernal/Documents/Fantasy-Football-Tool/2025/go/analysis/Cade Otton.md,Cade Otton,cade otton,Cade Otton,TE,236.0,TE,47.800000000000004,14.0,3.4142857142857146,32.0,2025
/home/anbernal/Documents/Fantasy-Football-Tool/2025/go/analysis/Caleb Williams.md,Caleb Williams,caleb williams,Caleb Williams,QB,120.0,QB,299.6,16.0,18.725,6.0,2025
/home/anbernal/Documents/Fantasy-Football-Tool/2025/go/analysis/Calvin Austin.md,Calvin Austin,calvin austin,Calvin Austin,WR,289.0,WR,43.7,13.0,3.3615384615384616,85.0,2025
/home/anbernal/Documents/Fantasy-Football-Tool/2025/go/analysis/Calvin Ridley.md,Calvin Ridley,calvin ridley,Calvin Ridley,WR,68.0,WR,30.300000000000004,7.0,4.328571428571429,108.0,2025
/home/anbernal/Documents/Fantasy-Football-Tool/2025/go/analysis/Cam Akers.md,Cam Akers,cam akers,,,,RB,7.180000000000001,3.0,2.3933333333333335,101.0,2025
/home/anbernal/Documents/Fantasy-Football-Tool/2025/go/analysis/Cam Little.md,Cam Little,cam little,,,,K,145.0,16.0,9.0625,6.0,2025
/home/anbernal/Documents/Fantasy-Football-Tool/2025/go/analysis/Cam Skattebo.md,Cam Skattebo,cam skattebo,Cam Skattebo,RB,105.0,RB,103.7,8.0,12.9625,37.0,2025
/home/anbernal/Documents/Fantasy-Football-Tool/2025/go/analysis/Cam Ward.md,Cam Ward,cam ward,Cam Ward,QB,177.0,QB,177.48000000000002,16.0,11.092500000000001,22.0,2025
/home/anbernal/Documents/Fantasy-Football-Tool/2025/go/analysis/Cameron Dicker.md,Cameron Dicker,cameron dicker,,,,K,164.0,16.0,10.25,4.0,2025
/home/anbernal/Documents/Fantasy-Football-Tool/2025/go/analysis/Cameron Ward.md,Cameron Ward,cam ward,Cam Ward,QB,177.0,QB,177.48000000000002,16.0,11.092500000000001,22.0,2025
/home/anbernal/Documents/Fantasy-Football-Tool/2025/go/analysis/Cedric Tillman.md,Cedric Tillman,cedric tillman,Cedric Tillman,WR,186.0,WR,36.7,11.0,3.3363636363636364,98.0,2025
/home/anbernal/Documents/Fantasy-Football-Tool/2025/go/analysis/CeeDee Lamb.md,CeeDee Lamb,ceedee lamb,CeeDee Lamb,WR,6.0,WR,125.50000000000001,12.0,10.458333333333334,20.0,2025
/home/anbernal/Documents/Fantasy-Football-Tool/2025/go/analysis/Chase Brown.md,Chase Brown,chase brown,Chase Brown,RB,24.0,RB,198.60000000000002,16.0,12.412500000000001,12.0,2025
/home/anbernal/Documents/Fantasy-Football-Tool/2025/go/analysis/Chase McLaughlin.md,Chase McLaughlin,chase mclaughlin,,,,K,142.0,16.0,8.875,7.0,2025
/home/anbernal/Documents/Fantasy-Football-Tool/2025/go/analysis/Chicago Bears.md,Chicago Bears,chicago bears,,,,,,,,,2025
/home/anbernal/Documents/Fantasy-Football-Tool/2025/go/analysis/Chig Okonkwo.md,Chig Okonkwo,chig okonkwo,Chig Okonkwo,TE,196.0,TE,67.80000000000001,16.0,4.237500000000001,22.0,2025
/home/anbernal/Documents/Fantasy-Football-Tool/2025/go/analysis/Chris Boswell.md,Chris Boswell,chris boswell,,,,K,137.0,16.0,8.5625,8.0,2025
/home/anbernal/Documents/Fantasy-Football-Tool/2025/go/analysis/Chris Godwin.md,Chris Godwin,chris godwin,Chris Godwin,WR,114.0,WR,49.2,8.0,6.15,78.0,2025
/home/anbernal/Documents/Fantasy-Football-Tool/2025/go/analysis/Chris Olave.md,Chris Olave,chris olave,Chris Olave,WR,79.0,WR,168.0,16.0,10.5,6.0,2025
/home/anbernal/Documents/Fantasy-Football-Tool/2025/go/analysis/Chris Rodriguez.md,Chris Rodriguez,chris rodriguez,,,,RB,74.7,11.0,6.790909090909091,47.0,2025
/home/anbernal/Documents/Fantasy-Football-Tool/2025/go/analysis/Christian Kirk.md,Christian Kirk,christian kirk,Christian Kirk,WR,163.0,WR,30.2,10.0,3.02,110.0,2025
/home/anbernal/Documents/Fantasy-Football-Tool/2025/go/analysis/Christian McCaffrey.md,Christian McCaffrey,christian mccaffrey,Christian McCaffrey,RB,8.0,RB,308.90000000000003,16.0,19.306250000000002,2.0,2025
/home/anbernal/Documents/Fantasy-Football-Tool/2025/go/analysis/Christian Watson.md,Christian Watson,christian watson,,,,WR,97.4,10.0,9.74,38.0,2025
/home/anbernal/Documents/Fantasy-Football-Tool/2025/go/analysis/Chuba Hubbard.md,Chuba Hubbard,chuba hubbard,Chuba Hubbard,RB,44.0,RB,93.7,14.0,6.692857142857143,42.0,2025
/home/anbernal/Documents/Fantasy-Football-Tool/2025/go/analysis/Cincinnati Bengals.md,Cincinnati Bengals,cincinnati bengals,,,,,,,,,2025
/home/anbernal/Documents/Fantasy-Football-Tool/2025/go/analysis/Cleveland Browns.md,Cleveland Browns,cleveland browns,,,,,,,,,2025
/home/anbernal/Documents/Fantasy-Football-Tool/2025/go/analysis/Cole Kmet.md,Cole Kmet,cole kmet,Cole Kmet,TE,250.0,TE,45.1,15.0,3.006666666666667,35.0,2025
/home/anbernal/Documents/Fantasy-Football-Tool/2025/go/analysis/Colston Loveland.md,Colston Loveland,colston loveland,Colston Loveland,TE,121.0,TE,92.0,15.0,6.133333333333334,13.0,2025
/home/anbernal/Documents/Fantasy-Football-Tool/2025/go/analysis/Cooper Kupp.md,Cooper Kupp,cooper kupp,Cooper Kupp,WR,99.0,WR,66.4,15.0,4.426666666666667,59.0,2025
/home/anbernal/Documents/Fantasy-Football-Tool/2025/go/analysis/Courtland Sutton.md,Courtland Sutton,courtland sutton,Courtland Sutton,WR,61.0,WR,145.20000000000002,16.0,9.075000000000001,10.0,2025
/home/anbernal/Documents/Fantasy-Football-Tool/2025/go/analysis/Curtis Samuel.md,Curtis Samuel,curtis samuel,,,,WR,14.1,6.0,2.35,144.0,2025
/home/anbernal/Documents/Fantasy-Football-Tool/2025/go/analysis/D'Andre Swift.md,D'Andre Swift,dandre swift,D'Andre Swift,RB,58.0,RB,189.8,15.0,12.653333333333334,14.0,2025
/home/anbernal/Documents/Fantasy-Football-Tool/2025/go/analysis/DJ Giddens.md,DJ Giddens,dj giddens,DJ Giddens,RB,256.0,RB,6.6000000000000005,4.0,1.6500000000000001,104.0,2025
/home/anbernal/Documents/Fantasy-Football-Tool/2025/go/analysis/DJ Moore.md,DJ Moore,dj moore,DJ Moore,WR,55.0,WR,119.08,16.0,7.4425,26.0,2025
/home/anbernal/Documents/Fantasy-Football-Tool/2025/go/analysis/DK Metcalf.md,DK Metcalf,dk metcalf,DK Metcalf,WR,47.0,WR,128.20000000000002,15.0,8.546666666666669,17.0,2025
/home/anbernal/Documents/Fantasy-Football-Tool/2025/go/analysis/Dak Prescott.md,Dak Prescott,dak prescott,Dak Prescott,QB,93.0,QB,313.08,16.0,19.5675,5.0,2025
/home/anbernal/Documents/Fantasy-Football-Tool/2025/go/analysis/Dallas Cowboys.md,Dallas Cowboys,dallas cowboys,,,,,,,,,2025
/home/anbernal/Documents/Fantasy-Football-Tool/2025/go/analysis/Dallas Goedert.md,Dallas Goedert,dallas goedert,Dallas Goedert,TE,127.0,TE,125.1,15.0,8.34,2.0,2025
/home/anbernal/Documents/Fantasy-Football-Tool/2025/go/analysis/Dalton Kincaid.md,Dalton Kincaid,dalton kincaid,Dalton Kincaid,TE,117.0,TE,82.30000000000001,11.0,7.481818181818183,17.0,2025
/home/anbernal/Documents/Fantasy-Football-Tool/2025/go/analysis/Dalton Schultz.md,Dalton Schultz,dalton schultz,Dalton Schultz,TE,267.0,TE,88.4,16.0,5.525,14.0,2025
/home/anbernal/Documents/Fantasy-Football-Tool/2025/go/analysis/Dameon Pierce.md,Dameon Pierce,dameon pierce,,,,RB,2.6,4.0,0.65,116.0,2025
/home/anbernal/Documents/Fantasy-Football-Tool/2025/go/analysis/Damien Martinez.md,Damien Martinez,damien martinez,,,,,,,,,2025
/home/anbernal/Documents/Fantasy-Football-Tool/2025/go/analysis/Daniel Carlson.md,Daniel Carlson,daniel carlson,,,,K,83.0,16.0,5.1875,28.0,2025
/home/anbernal/Documents/Fantasy-Football-Tool/2025/go/analysis/Daniel Jones.md,Daniel Jones,daniel jones,Daniel Jones,QB,224.0,QB,226.44,13.0,17.41846153846154,15.0,2025
/home/anbernal/Documents/Fantasy-Football-Tool/2025/go/analysis/Darius Slayton.md,Darius Slayton,darius slayton,Darius Slayton,WR,257.0,WR,56.400000000000006,13.0,4.338461538461539,68.0,2025
/home/anbernal/Documents/Fantasy-Football-Tool/2025/go/analysis/Darnell Mooney.md,Darnell Mooney,darnell mooney,Darnell Mooney,WR,142.0,WR,48.300000000000004,14.0,3.45,79.0,2025
/home/anbernal/Documents/Fantasy-Football-Tool/2025/go/analysis/Darren Waller.md,Darren Waller,darren waller,,,,TE,64.7,9.0,7.188888888888889,25.0,2025
/home/anbernal/Documents/Fantasy-Football-Tool/2025/go/analysis/Davante Adams.md,Davante Adams,davante adams,Davante Adams,WR,46.0,WR,162.9,14.0,11.635714285714286,7.0,2025
/home/anbernal/Documents/Fantasy-Football-Tool/2025/go/analysis/David Montgomery.md,David Montgomery,david montgomery,David Montgomery,RB,51.0,RB,137.42000000000002,16.0,8.588750000000001,25.0,2025
/home/anbernal/Documents/Fantasy-Football-Tool/2025/go/analysis/David Njoku.md,David Njoku,david njoku,David Njoku,TE,87.0,TE,53.3,11.0,4.845454545454545,30.0,2025
/home/anbernal/Documents/Fantasy-Football-Tool/2025/go/analysis/De'Von Achane.md,De'Von Achane,devon achane,De'Von Achane,RB,15.0,RB,255.8,16.0,15.9875,6.0,2025
/home/anbernal/Documents/Fantasy-Football-Tool/2025/go/analysis/DeAndre Hopkins.md,DeAndre Hopkins,deandre hopkins,DeAndre Hopkins,WR,206.0,WR,45.0,16.0,2.8125,84.0,2025
/home/anbernal/Documents/Fantasy-Football-Tool/2025/go/analysis/DeMario Douglas.md,DeMario Douglas,demario douglas,DeMario Douglas,WR,200.0,WR,61.900000000000006,15.0,4.126666666666667,62.0,2025
/home/anbernal/Documents/Fantasy-Football-Tool/2025/go/analysis/DeVonta Smith.md,DeVonta Smith,devonta smith,DeVonta Smith,WR,53.0,WR,119.60000000000001,16.0,7.4750000000000005,25.0,2025
/home/anbernal/Documents/Fantasy-Football-Tool/2025/go/analysis/Deebo Samuel.md,Deebo Samuel,deebo samuel,Deebo Samuel,WR,81.0,WR,114.10000000000001,15.0,7.606666666666667,29.0,2025
/home/anbernal/Documents/Fantasy-Football-Tool/2025/go/analysis/Demarcus Robinson.md,Demarcus Robinson,demarcus robinson,,,,WR,33.800000000000004,13.0,2.6000000000000005,104.0,2025
/home/anbernal/Documents/Fantasy-Football-Tool/2025/go/analysis/Denver Broncos.md,Denver Broncos,denver broncos,,,,,,,,,2025
/home/anbernal/Documents/Fantasy-Football-Tool/2025/go/analysis/Derrick Henry.md,Derrick Henry,derrick henry,Derrick Henry,RB,7.0,RB,251.9,16.0,15.74375,7.0,2025
/home/anbernal/Documents/Fantasy-Football-Tool/2025/go/analysis/Detroit Lions.md,Detroit Lions,detroit lions,,,,,,,,,2025
/home/anbernal/Documents/Fantasy-Football-Tool/2025/go/analysis/Devaughn Vele.md,Devaughn Vele,devaughn vele,,,,WR,41.3,9.0,4.588888888888889,87.0,2025
/home/anbernal/Documents/Fantasy-Football-Tool/2025/go/analysis/Devin Neal.md,Devin Neal,devin neal,Devin Neal,RB,229.0,RB,43.0,9.0,4.777777777777778,64.0,2025
/home/anbernal/Documents/Fantasy-Football-Tool/2025/go/analysis/Devin Singletary.md,Devin Singletary,devin singletary,,,,RB,80.2,16.0,5.0125,45.0,2025
/home/anbernal/Documents/Fantasy-Football-Tool/2025/go/analysis/Diontae Johnson.md,Diontae Johnson,diontae johnson,,,,,,,,,2025
/home/anbernal/Documents/Fantasy-Football-Tool/2025/go/analysis/Dont'e Thornton.md,Dont'e Thornton,donte thornton,,,,WR,13.5,10.0,1.35,147.0,2025
/home/anbernal/Documents/Fantasy-Football-Tool/2025/go/analysis/Dontayvion Wicks.md,Dontayvion Wicks,dontayvion wicks,Dontayvion Wicks,WR,270.0,WR,45.800000000000004,13.0,3.5230769230769234,82.0,2025
/home/anbernal/Documents/Fantasy-Football-Tool/2025/go/analysis/Drake London.md,Drake London,drake london,Drake London,WR,18.0,WR,120.1,11.0,10.918181818181818,24.0,2025
/home/anbernal/Documents/Fantasy-Football-Tool/2025/go/analysis/Drake Maye.md,Drake Maye,drake maye,Drake Maye,QB,116.0,QB,335.22,16.0,20.95125,2.0,2025
/home/anbernal/Documents/Fantasy-Football-Tool/2025/go/analysis/Dyami Brown.md,Dyami Brown,dyami brown,Dyami Brown,WR,260.0,WR,28.900000000000002,10.0,2.89,115.0,2025
/home/anbernal/Documents/Fantasy-Football-Tool/2025/go/analysis/Dylan Sampson.md,Dylan Sampson,dylan sampson,Dylan Sampson,RB,157.0,RB,50.2,14.0,3.585714285714286,58.0,2025
/home/anbernal/Documents/Fantasy-Football-Tool/2025/go/analysis/Efton Chism.md,Efton Chism,efton chism,,,,WR,10.0,7.0,1.4285714285714286,156.0,2025
/home/anbernal/Documents/Fantasy-Football-Tool/2025/go/analysis/Elic Ayomanor.md,Elic Ayomanor,elic ayomanor,Elic Ayomanor,WR,271.0,WR,70.5,15.0,4.7,52.0,2025
/home/anbernal/Documents/Fantasy-Football-Tool/2025/go/analysis/Elijah Arroyo.md,Elijah Arroyo,elijah arroyo,Elijah Arroyo,TE,252.0,TE,21.900000000000002,13.0,1.6846153846153848,61.0,2025
/home/anbernal/Documents/Fantasy-Football-Tool/2025/go/analysis/Elijah Mitchell.md,Elijah Mitchell,elijah mitchell,Elijah Mitchell,RB,281.0,RB,0.0,1.0,0.0,136.0,2025
/home/anbernal/Documents/Fantasy-Football-Tool/2025/go/analysis/Elijah Moore.md,Elijah Moore,elijah moore,,,,WR,19.599999999999998,9.0,2.1777777777777776,128.0,2025
/home/anbernal/Documents/Fantasy-Football-Tool/2025/go/analysis/Emanuel Wilson.md,Emanuel Wilson,emanuel wilson,,,,RB,74.7,16.0,4.66875,47.0,2025
/home/anbernal/Documents/Fantasy-Football-Tool/2025/go/analysis/Emeka Egbuka.md,Emeka Egbuka,emeka egbuka,Emeka Egbuka,WR,92.0,WR,131.9,16.0,8.24375,14.0,2025
/home/anbernal/Documents/Fantasy-Football-Tool/2025/go/analysis/Evan Engram.md,Evan Engram,evan engram,Evan Engram,TE,90.0,TE,48.300000000000004,15.0,3.22,31.0,2025
/home/anbernal/Documents/Fantasy-Football-Tool/2025/go/analysis/Evan McPherson.md,Evan McPherson,evan mcpherson,,,,K,133.0,16.0,8.3125,13.0,2025
/home/anbernal/Documents/Fantasy-Football-Tool/2025/go/analysis/Garrett Wilson.md,Garrett Wilson,garrett wilson,Garrett Wilson,WR,43.0,WR,63.5,7.0,9.071428571428571,60.0,2025
/home/anbernal/Documents/Fantasy-Football-Tool/2025/go/analysis/Geno Smith.md,Geno Smith,geno smith,Geno Smith,QB,198.0,QB,173.9,15.0,11.593333333333334,23.0,2025
/home/anbernal/Documents/Fantasy-Football-Tool/2025/go/analysis/George Kittle.md,George Kittle,george kittle,George Kittle,TE,33.0,TE,101.6,10.0,10.16,10.0,2025
/home/anbernal/Documents/Fantasy-Football-Tool/2025/go/analysis/George Pickens.md,George Pickens,george pickens,George Pickens,WR,56.0,WR,198.0,16.0,12.375,3.0,2025
/home/anbernal/Documents/Fantasy-Football-Tool/2025/go/analysis/Green Bay Packers.md,Green Bay Packers,green bay packers,,,,,,,,,2025
/home/anbernal/Documents/Fantasy-Football-Tool/2025/go/analysis/Harold Fannin.md,Harold Fannin,harold fannin,,,,TE,114.4,16.0,7.15,5.0,2025
/home/anbernal/Documents/Fantasy-Football-Tool/2025/go/analysis/Harrison Butker.md,Harrison Butker,harrison butker,,,,K,129.0,16.0,8.0625,14.0,2025
/home/anbernal/Documents/Fantasy-Football-Tool/2025/go/analysis/Houston Texans.md,Houston Texans,houston texans,,,,,,,,,2025
/home/anbernal/Documents/Fantasy-Football-Tool/2025/go/analysis/Hunter Henry.md,Hunter Henry,hunter henry,Hunter Henry,TE,164.0,TE,113.2,16.0,7.075,6.0,2025
/home/anbernal/Documents/Fantasy-Football-Tool/2025/go/analysis/Indianapolis Colts.md,Indianapolis Colts,indianapolis colts,,,,,,,,,2025
/home/anbernal/Documents/Fantasy-Football-Tool/2025/go/analysis/Isaac Guerendo.md,Isaac Guerendo,isaac guerendo,Isaac Guerendo,RB,139.0,RB,0.0,7.0,0.0,136.0,2025
/home/anbernal/Documents/Fantasy-Football-Tool/2025/go/analysis/Isaac TeSlaa.md,Isaac TeSlaa,isaac teslaa,,,,WR,58.1,13.0,4.469230769230769,65.0,2025
/home/anbernal/Documents/Fantasy-Football-Tool/2025/go/analysis/Isaiah Bond.md,Isaiah Bond,isaiah bond,,,,WR,35.0,14.0,2.5,102.0,2025
/home/anbernal/Documents/Fantasy-Football-Tool/2025/go/analysis/Isaiah Davis.md,Isaiah Davis,isaiah davis,,,,RB,50.2,16.0,3.1375,58.0,2025
/home/anbernal/Documents/Fantasy-Football-Tool/2025/go/analysis/Isaiah Likely.md,Isaiah Likely,isaiah likely,Isaiah Likely,TE,203.0,TE,31.5,11.0,2.8636363636363638,47.0,2025
/home/anbernal/Documents/Fantasy-Football-Tool/2025/go/analysis/Isiah Pacheco.md,Isiah Pacheco,isiah pacheco,Isiah Pacheco,RB,59.0,RB,68.3,13.0,5.253846153846154,51.0,2025
/home/anbernal/Documents/Fantasy-Football-Tool/2025/go/analysis/J.J. McCarthy.md,J.J. McCarthy,jj mccarthy,J.J. McCarthy,QB,138.0,QB,117.39999999999999,9.0,13.044444444444444,32.0,2025
/home/anbernal/Documents/Fantasy-Football-Tool/2025/go/analysis/J.K. Dobbins.md,J.K. Dobbins,jk dobbins,J.K. Dobbins,RB,97.0,RB,104.9,10.0,10.49,35.0,2025
/home/anbernal/Documents/Fantasy-Football-Tool/2025/go/analysis/Ja'Marr Chase.md,Ja'Marr Chase,jamarr chase,Ja'Marr Chase,WR,1.0,WR,173.0,15.0,11.533333333333333,5.0,2025
/home/anbernal/Documents/Fantasy-Football-Tool/2025/go/analysis/Ja'Tavion Sanders.md,Ja'Tavion Sanders,jatavion sanders,Ja'Tavion Sanders,TE,266.0,TE,25.0,12.0,2.0833333333333335,58.0,2025
/home/anbernal/Documents/Fantasy-Football-Tool/2025/go/analysis/Jack Bech.md,Jack Bech,jack bech,Jack Bech,WR,247.0,WR,22.4,13.0,1.723076923076923,124.0,2025
/home/anbernal/Documents/Fantasy-Football-Tool/2025/go/analysis/Jacksonville Jaguars.md,Jacksonville Jaguars,jacksonville jaguars,,,,,,,,,2025
/home/anbernal/Documents/Fantasy-Football-Tool/2025/go/analysis/Jacory Croskey-Merritt.md,Jacory Croskey-Merritt,jacory croskey merritt,Jacory Croskey-Merritt,RB,162.0,RB,128.4,16.0,8.025,27.0,2025
/home/anbernal/Documents/Fantasy-Football-Tool/2025/go/analysis/Jahmyr Gibbs.md,Jahmyr Gibbs,jahmyr gibbs,Jahmyr Gibbs,RB,4.0,RB,272.6,16.0,17.0375,4.0,2025
/home/anbernal/Documents/Fantasy-Football-Tool/2025/go/analysis/Jake Bates.md,Jake Bates,jake bates,,,,K,134.0,16.0,8.375,11.0,2025
/home/anbernal/Documents/Fantasy-Football-Tool/2025/go/analysis/Jake Elliott.md,Jake Elliott,jake elliott,,,,K,104.0,16.0,6.5,24.0,2025
/home/anbernal/Documents/Fantasy-Football-Tool/2025/go/analysis/Jake Ferguson.md,Jake Ferguson,jake ferguson,Jake Ferguson,TE,133.0,TE,105.60000000000001,16.0,6.6000000000000005,9.0,2025
/home/anbernal/Documents/Fantasy-Football-Tool/2025/go/analysis/Jake Moody.md,Jake Moody,jake moody,,,,K,72.0,8.0,9.0,30.0,2025
/home/anbernal/Documents/Fantasy-Football-Tool/2025/go/analysis/Jakobi Meyers.md,Jakobi Meyers,jakobi meyers,Jakobi Meyers,WR,88.0,WR,96.4,15.0,6.426666666666667,41.0,2025
/home/anbernal/Documents/Fantasy-Football-Tool/2025/go/analysis/Jaleel McLaughlin.md,Jaleel McLaughlin,jaleel mclaughlin,,,,RB,21.6,7.0,3.085714285714286,78.0,2025
/home/anbernal/Documents/Fantasy-Football-Tool/2025/go/analysis/Jalen Coker.md,Jalen Coker,jalen coker,Jalen Coker,WR,278.0,WR,46.7,10.0,4.67,80.0,2025
/home/anbernal/Documents/Fantasy-Football-Tool/2025/go/analysis/Jalen Hurts.md,Jalen Hurts,jalen hurts,Jalen Hurts,QB,31.0,QB,299.06,16.0,18.69125,7.0,2025
/home/anbernal/Documents/Fantasy-Football-Tool/2025/go/analysis/Jalen McMillan.md,Jalen McMillan,jalen mcmillan,Jalen McMillan,WR,201.0,WR,16.8,3.0,5.6000000000000005,133.0,2025
/home/anbernal/Documents/Fantasy-Football-Tool/2025/go/analysis/Jalen Milroe.md,Jalen Milroe,jalen milroe,,,,QB,-1.6,3.0,-0.5333333333333333,77.0,2025
/home/anbernal/Documents/Fantasy-Football-Tool/2025/go/analysis/Jalen Nailor.md,Jalen Nailor,jalen nailor,,,,WR,66.8,16.0,4.175,58.0,2025
/home/anbernal/Documents/Fantasy-Football-Tool/2025/go/analysis/Jalen Royals.md,Jalen Royals,jalen royals,Jalen Royals,WR,275.0,WR,0.0,1.0,0.0,210.0,2025
/home/anbernal/Documents/Fantasy-Football-Tool/2025/go/analysis/Jalen Tolbert.md,Jalen Tolbert,jalen tolbert,,,,WR,28.3,11.0,2.5727272727272728,116.0,2025
/home/anbernal/Documents/Fantasy-Football-Tool/2025/go/analysis/Jameis Winston.md,Jameis Winston,jameis winston,,,,QB,42.28,3.0,14.093333333333334,46.0,2025
/home/anbernal/Documents/Fantasy-Football-Tool/2025/go/analysis/James Conner.md,James Conner,james conner,James Conner,RB,45.0,RB,25.3,3.0,8.433333333333334,73.0,2025
/home/anbernal/Documents/Fantasy-Football-Tool/2025/go/analysis/James Cook.md,James Cook,james cook,James Cook,RB,27.0,RB,267.70000000000005,16.0,16.731250000000003,5.0,2025
/home/anbernal/Documents/Fantasy-Football-Tool/2025/go/analysis/Jameson Williams.md,Jameson Williams,jameson williams,Jameson Williams,WR,60.0,WR,147.5,16.0,9.21875,9.0,2025
/home/anbernal/Documents/Fantasy-Football-Tool/2025/go/analysis/Jared Goff.md,Jared Goff,jared goff,Jared Goff,QB,106.0,QB,281.82,16.0,17.61375,11.0,2025
/home/anbernal/Documents/Fantasy-Football-Tool/2025/go/analysis/Jarquez Hunter.md,Jarquez Hunter,jarquez hunter,Jarquez Hunter,RB,219.0,,,,,,2025
/home/anbernal/Documents/Fantasy-Football-Tool/2025/go/analysis/Jason Sanders.md,Jason Sanders,jason sanders,,,,,,,,,2025
/home/anbernal/Documents/Fantasy-Football-Tool/2025/go/analysis/Jauan Jennings.md,Jauan Jennings,jauan jennings,Jauan Jennings,WR,100.0,WR,114.80000000000001,14.0,8.200000000000001,28.0,2025
/home/anbernal/Documents/Fantasy-Football-Tool/2025/go/analysis/Javonte Williams.md,Javonte Williams,javonte williams,Javonte Williams,RB,107.0,RB,207.8,16.0,12.9875,10.0,2025
/home/anbernal/Documents/Fantasy-Football-Tool/2025/go/analysis/Jaxon Smith-Njigba.md,Jaxon Smith-Njigba,jaxon smith njigba,Jaxon Smith-Njigba,WR,37.0,WR,232.5,16.0,14.53125,1.0,2025
/home/anbernal/Documents/Fantasy-Football-Tool/2025/go/analysis/Jaxson Dart.md,Jaxson Dart,jaxson dart,,,,QB,221.18,13.0,17.013846153846153,16.0,2025
/home/anbernal/Documents/Fantasy-Football-Tool/2025/go/analysis/Jayden Daniels.md,Jayden Daniels,jayden daniels,Jayden Daniels,QB,30.0,QB,114.28,7.0,16.325714285714287,33.0,2025
/home/anbernal/Documents/Fantasy-Football-Tool/2025/go/analysis/Jayden Higgins.md,Jayden Higgins,jayden higgins,Jayden Higgins,WR,146.0,WR,80.2,16.0,5.0125,48.0,2025
/home/anbernal/Documents/Fantasy-Football-Tool/2025/go/analysis/Jayden Reed.md,Jayden Reed,jayden reed,Jayden Reed,WR,115.0,WR,29.5,5.0,5.9,114.0,2025
/home/anbernal/Documents/Fantasy-Football-Tool/2025/go/analysis/Jaydon Blue.md,Jaydon Blue,jaydon blue,Jaydon Blue,RB,151.0,RB,7.000000000000001,4.0,1.7500000000000002,103.0,2025
/home/anbernal/Documents/Fantasy-Football-Tool/2025/go/analysis/Jaylen Waddle.md,Jaylen Waddle,jaylen waddle,Jaylen Waddle,WR,65.0,WR,130.12,16.0,8.1325,16.0,2025
/home/anbernal/Documents/Fantasy-Football-Tool/2025/go/analysis/Jaylen Warren.md,Jaylen Warren,jaylen warren,Jaylen Warren,RB,80.0,RB,167.20000000000002,15.0,11.146666666666668,18.0,2025
/home/anbernal/Documents/Fantasy-Football-Tool/2025/go/analysis/Jaylen Wright.md,Jaylen Wright,jaylen wright,Jaylen Wright,RB,172.0,RB,41.2,8.0,5.15,65.0,2025
/home/anbernal/Documents/Fantasy-Football-Tool/2025/go/analysis/Jaylin Noel.md,Jaylin Noel,jaylin noel,Jaylin Noel,WR,272.0,WR,41.1,16.0,2.56875,88.0,2025
/home/anbernal/Documents/Fantasy-Football-Tool/2025/go/analysis/Jermaine Burton.md,Jermaine Burton,jermaine burton,,,,,,,,,2025
/home/anbernal/Documents/Fantasy-Football-Tool/2025/go/analysis/Jerome Ford.md,Jerome Ford,jerome ford,Jerome Ford,RB,158.0,RB,17.6,13.0,1.353846153846154,83.0,2025
/home/anbernal/Documents/Fantasy-Football-Tool/2025/go/analysis/Jerry Jeudy.md,Jerry Jeudy,jerry jeudy,Jerry Jeudy,WR,82.0,WR,68.5,16.0,4.28125,54.0,2025
/home/anbernal/Documents/Fantasy-Football-Tool/2025/go/analysis/Jimmy Garoppolo.md,Jimmy Garoppolo,jimmy garoppolo,,,,QB,-0.7000000000000001,2.0,-0.35000000000000003,76.0,2025
/home/anbernal/Documents/Fantasy-Football-Tool/2025/go/analysis/Joe Burrow.md,Joe Burrow,joe burrow,Joe Burrow,QB,38.0,QB,113.32,7.0,16.18857142857143,34.0,2025
/home/anbernal/Documents/Fantasy-Football-Tool/2025/go/analysis/Joe Flacco.md,Joe Flacco,joe flacco,,,,QB,146.46,12.0,12.205,26.0,2025
/home/anbernal/Documents/Fantasy-Football-Tool/2025/go/analysis/Joe Mixon.md,Joe Mixon,joe mixon,Joe Mixon,RB,75.0,,,,,,2025
/home/anbernal/Documents/Fantasy-Football-Tool/2025/go/analysis/Jonathan Taylor.md,Jonathan Taylor,jonathan taylor,Jonathan Taylor,RB,16.0,RB,312.40000000000003,16.0,19.525000000000002,1.0,2025
/home/anbernal/Documents/Fantasy-Football-Tool/2025/go/analysis/Jonnu Smith.md,Jonnu Smith,jonnu smith,Jonnu Smith,TE,145.0,TE,46.800000000000004,16.0,2.9250000000000003,34.0,2025
/home/anbernal/Documents/Fantasy-Football-Tool/2025/go/analysis/Jordan Addison.md,Jordan Addison,jordan addison,Jordan Addison,WR,89.0,WR,92.30000000000001,13.0,7.1000000000000005,43.0,2025
/home/anbernal/Documents/Fantasy-Football-Tool/2025/go/analysis/Jordan James.md,Jordan James,jordan james,,,,,,,,,2025
/home/anbernal/Documents/Fantasy-Football-Tool/2025/go/analysis/Jordan Love.md,Jordan Love,jordan love,Jordan Love,QB,131.0,QB,235.14,15.0,15.675999999999998,13.0,2025
/home/anbernal/Documents/Fantasy-Football-Tool/2025/go/analysis/Jordan Mason.md,Jordan Mason,jordan mason,Jordan Mason,RB,85.0,RB,105.5,15.0,7.033333333333333,34.0,2025
/home/anbernal/Documents/Fantasy-Football-Tool/2025/go/analysis/Jordan Whittington.md,Jordan Whittington,jordan whittington,,,,WR,18.3,14.0,1.3071428571428572,129.0,2025
/home/anbernal/Documents/Fantasy-Football-Tool/2025/go/analysis/Josh Allen.md,Josh Allen,josh allen,Josh Allen,QB,19.0,QB,364.62,16.0,22.78875,1.0,2025
/home/anbernal/Documents/Fantasy-Football-Tool/2025/go/analysis/Josh Downs.md,Josh Downs,josh downs,Josh Downs,WR,122.0,WR,72.8,15.0,4.8533333333333335,51.0,2025
/home/anbernal/Documents/Fantasy-Football-Tool/2025/go/analysis/Josh Jacobs.md,Josh Jacobs,josh jacobs,Josh Jacobs,RB,14.0,RB,201.10000000000002,15.0,13.406666666666668,11.0,2025
/home/anbernal/Documents/Fantasy-Football-Tool/2025/go/analysis/Joshua Karty.md,Joshua Karty,joshua karty,,,,K,55.0,8.0,6.875,34.0,2025
/home/anbernal/Documents/Fantasy-Football-Tool/2025/go/analysis/Joshua Palmer.md,Joshua Palmer,josh palmer,,,,WR,30.2,11.0,2.7454545454545456,110.0,2025
/home/anbernal/Documents/Fantasy-Football-Tool/2025/go/analysis/Justice Hill.md,Justice Hill,justice hill,Justice Hill,RB,215.0,RB,44.2,10.0,4.42,63.0,2025
/home/anbernal/Documents/Fantasy-Football-Tool/2025/go/analysis/Justin Fields.md,Justin Fields,justin fields,Justin Fields,QB,96.0,QB,142.66,9.0,15.851111111111111,27.0,2025
/home/anbernal/Documents/Fantasy-Football-Tool/2025/go/analysis/Justin Herbert.md,Justin Herbert,justin herbert,Justin Herbert,QB,112.0,QB,286.88,16.0,17.93,9.0,2025
/home/anbernal/Documents/Fantasy-Football-Tool/2025/go/analysis/Justin Jefferson.md,Justin Jefferson,justin jefferson,Justin Jefferson,WR,5.0,WR,107.10000000000001,16.0,6.6937500000000005,34.0,2025
/home/anbernal/Documents/Fantasy-Football-Tool/2025/go/analysis/Juwan Johnson.md,Juwan Johnson,juwan johnson,Juwan Johnson,TE,235.0,TE,98.80000000000001,16.0,6.175000000000001,11.0,2025
/home/anbernal/Documents/Fantasy-Football-Tool/2025/go/analysis/Ka'imi Fairbairn.md,Ka'imi Fairbairn,kaimi fairbairn,,,,K,165.0,14.0,11.785714285714286,3.0,2025
/home/anbernal/Documents/Fantasy-Football-Tool/2025/go/analysis/KaVontae Turpin.md,KaVontae Turpin,kavontae turpin,,,,WR,57.800000000000004,14.0,4.128571428571429,66.0,2025
/home/anbernal/Documents/Fantasy-Football-Tool/2025/go/analysis/Kaleb Johnson.md,Kaleb Johnson,kaleb johnson,Kaleb Johnson,RB,69.0,RB,7.800000000000001,10.0,0.78,99.0,2025
/home/anbernal/Documents/Fantasy-Football-Tool/2025/go/analysis/Kansas City Chiefs.md,Kansas City Chiefs,kansas city chiefs,,,,,,,,,2025
/home/anbernal/Documents/Fantasy-Football-Tool/2025/go/analysis/Kareem Hunt.md,Kareem Hunt,kareem hunt,Kareem Hunt,RB,197.0,RB,123.9,16.0,7.74375,28.0,2025
/home/anbernal/Documents/Fantasy-Football-Tool/2025/go/analysis/Kayshon Boutte.md,Kayshon Boutte,kayshon boutte,,,,WR,88.7,13.0,6.823076923076924,44.0,2025
/home/anbernal/Documents/Fantasy-Football-Tool/2025/go/analysis/KeAndre Lambert-Smith.md,KeAndre Lambert-Smith,keandre lambert smith,,,,WR,8.7,9.0,0.9666666666666666,164.0,2025
/home/anbernal/Documents/Fantasy-Football-Tool/2025/go/analysis/Keaton Mitchell.md,Keaton Mitchell,keaton mitchell,Keaton Mitchell,RB,248.0,RB,46.2,12.0,3.85,61.0,2025
/home/anbernal/Documents/Fantasy-Football-Tool/2025/go/analysis/Keenan Allen.md,Keenan Allen,keenan allen,Keenan Allen,WR,153.0,WR,98.10000000000001,16.0,6.1312500000000005,37.0,2025
/home/anbernal/Documents/Fantasy-Football-Tool/2025/go/analysis/Kendre Miller.md,Kendre Miller,kendre miller,Kendre Miller,RB,213.0,RB,28.3,7.0,4.042857142857143,71.0,2025
/home/anbernal/Documents/Fantasy-Football-Tool/2025/go/analysis/Kenneth Gainwell.md,Kenneth Gainwell,kenny gainwell,,,,RB,134.9,16.0,8.43125,26.0,2025
/home/anbernal/Documents/Fantasy-Football-Tool/2025/go/analysis/Kenneth Walker.md,Kenneth Walker,kenneth walker,Kenneth Walker,RB,36.0,RB,147.6,16.0,9.225,21.0,2025
/home/anbernal/Documents/Fantasy-Football-Tool/2025/go/analysis/Keon Coleman.md,Keon Coleman,keon coleman,Keon Coleman,WR,123.0,WR,57.50000000000001,11.0,5.2272727272727275,67.0,2025
/home/anbernal/Documents/Fantasy-Football-Tool/2025/go/analysis/Khalil Herbert.md,Khalil Herbert,khalil herbert,,,,RB,1.0,4.0,0.25,126.0,2025
/home/anbernal/Documents/Fantasy-Football-Tool/2025/go/analysis/Khalil Shakir.md,Khalil Shakir,khalil shakir,Khalil Shakir,WR,113.0,WR,94.4,16.0,5.9,42.0,2025
/home/anbernal/Documents/Fantasy-Football-Tool/2025/go/analysis/Kimani Vidal.md,Kimani Vidal,kimani vidal,,,,RB,100.9,12.0,8.408333333333333,39.0,2025
/home/anbernal/Documents/Fantasy-Football-Tool/2025/go/analysis/Kirk Cousins.md,Kirk Cousins,kirk cousins,,,,QB,94.34,9.0,10.482222222222223,36.0,2025
/home/anbernal/Documents/Fantasy-Football-Tool/2025/go/analysis/Kyle Monangai.md,Kyle Monangai,kyle monangai,Kyle Monangai,RB,221.0,RB,123.80000000000001,16.0,7.737500000000001,29.0,2025
/home/anbernal/Documents/Fantasy-Football-Tool/2025/go/analysis/Kyle Pitts.md,Kyle Pitts,kyle pitts,Kyle Pitts,TE,128.0,TE,117.0,16.0,7.3125,3.0,2025
/home/anbernal/Documents/Fantasy-Football-Tool/2025/go/analysis/Kyle Williams.md,Kyle Williams,kyle williams,Kyle Williams,WR,195.0,WR,38.7,13.0,2.976923076923077,95.0,2025
/home/anbernal/Documents/Fantasy-Football-Tool/2025/go/analysis/Kyler Murray.md,Kyler Murray,kyler murray,Kyler Murray,QB,86.0,QB,77.78,5.0,15.556000000000001,38.0,2025
/home/anbernal/Documents/Fantasy-Football-Tool/2025/go/analysis/Kyren Williams.md,Kyren Williams,kyren williams,Kyren Williams,RB,23.0,RB,219.20000000000002,16.0,13.700000000000001,8.0,2025
/home/anbernal/Documents/Fantasy-Football-Tool/2025/go/analysis/Ladd McConkey.md,Ladd McConkey,ladd mcconkey,Ladd McConkey,WR,26.0,WR,114.9,16.0,7.18125,27.0,2025
/home/anbernal/Documents/Fantasy-Football-Tool/2025/go/analysis/Lamar Jackson.md,Lamar Jackson,lamar jackson,Lamar Jackson,QB,21.0,QB,194.44,12.0,16.203333333333333,20.0,2025
/home/anbernal/Documents/Fantasy-Football-Tool/2025/go/analysis/Las Vegas Raiders.md,Las Vegas Raiders,las vegas raiders,,,,,,,,,2025
/home/anbernal/Documents/Fantasy-Football-Tool/2025/go/analysis/LeQuint Allen.md,LeQuint Allen,lequint allen,,,,RB,14.8,16.0,0.925,87.0,2025
/home/anbernal/Documents/Fantasy-Football-Tool/2025/go/analysis/Los Angeles Chargers.md,Los Angeles Chargers,los angeles chargers,,,,,,,,,2025
/home/anbernal/Documents/Fantasy-Football-Tool/2025/go/analysis/Los Angeles Rams.md,Los Angeles Rams,los angeles rams,,,,,,,,,2025
/home/anbernal/Documents/Fantasy-Football-Tool/2025/go/analysis/Luke McCaffrey.md,Luke McCaffrey,luke mccaffrey,,,,WR,40.300000000000004,9.0,4.477777777777778,91.0,2025
/home/anbernal/Documents/Fantasy-Football-Tool/2025/go/analysis/Luther Burden.md,Luther Burden,luther burden,Luther Burden,WR,170.0,WR,76.4,14.0,5.457142857142857,49.0,2025
/home/anbernal/Documents/Fantasy-Football-Tool/2025/go/analysis/Malik Nabers.md,Malik Nabers,malik nabers,Malik Nabers,WR,13.0,WR,39.1,4.0,9.775,94.0,2025
/home/anbernal/Documents/Fantasy-Football-Tool/2025/go/analysis/Malik Washington.md,Malik Washington,malik washington,,,,WR,61.900000000000006,16.0,3.8687500000000004,62.0,2025
/home/anbernal/Documents/Fantasy-Football-Tool/2025/go/analysis/MarShawn Lloyd.md,MarShawn Lloyd,marshawn lloyd,MarShawn Lloyd,RB,214.0,,,,,,2025
/home/anbernal/Documents/Fantasy-Football-Tool/2025/go/analysis/Mark Andrews.md,Mark Andrews,mark andrews,Mark Andrews,TE,70.0,TE,81.60000000000001,16.0,5.1000000000000005,18.0,2025
/home/anbernal/Documents/Fantasy-Football-Tool/2025/go/analysis/Marquez Valdes-Scantling.md,Marquez Valdes-Scantling,marquez valdes scantling,,,,WR,14.600000000000001,8.0,1.8250000000000002,143.0,2025
/home/anbernal/Documents/Fantasy-Football-Tool/2025/go/analysis/Marquise Brown.md,Marquise Brown,marquise brown,Marquise Brown,WR,183.0,WR,82.3,15.0,5.486666666666666,47.0,2025
/home/anbernal/Documents/Fantasy-Football-Tool/2025/go/analysis/Marvin Harrison.md,Marvin Harrison,marvin harrison,Marvin Harrison,WR,42.0,WR,86.80000000000001,12.0,7.233333333333334,45.0,2025
/home/anbernal/Documents/Fantasy-Football-Tool/2025/go/analysis/Marvin Mims.md,Marvin Mims,marvin mims,Marvin Mims,WR,160.0,WR,55.0,14.0,3.9285714285714284,71.0,2025
/home/anbernal/Documents/Fantasy-Football-Tool/2025/go/analysis/Mason Taylor.md,Mason Taylor,mason taylor,Mason Taylor,TE,227.0,TE,44.900000000000006,13.0,3.4538461538461545,36.0,2025
/home/anbernal/Documents/Fantasy-Football-Tool/2025/go/analysis/Matt Gay.md,Matt Gay,matt gay,,,,K,85.0,12.0,7.083333333333333,27.0,2025
/home/anbernal/Documents/Fantasy-Football-Tool/2025/go/analysis/Matthew Golden.md,Matthew Golden,matthew golden,Matthew Golden,WR,98.0,WR,40.2,13.0,3.0923076923076924,92.0,2025
/home/anbernal/Documents/Fantasy-Football-Tool/2025/go/analysis/Matthew Stafford.md,Matthew Stafford,matthew stafford,Matthew Stafford,QB,182.0,QB,323.72,16.0,20.2325,3.0,2025
/home/anbernal/Documents/Fantasy-Football-Tool/2025/go/analysis/Miami Dolphins.md,Miami Dolphins,miami dolphins,,,,,,,,,2025
/home/anbernal/Documents/Fantasy-Football-Tool/2025/go/analysis/Michael Penix.md,Michael Penix,michael penix,Michael Penix,QB,171.0,QB,120.28,9.0,13.364444444444445,31.0,2025
/home/anbernal/Documents/Fantasy-Football-Tool/2025/go/analysis/Michael Pittman.md,Michael Pittman,michael pittman,Michael Pittman,WR,118.0,WR,121.3,16.0,7.58125,21.0,2025
/home/anbernal/Documents/Fantasy-Football-Tool/2025/go/analysis/Michael Wilson.md,Michael Wilson,michael wilson,Michael Wilson,WR,268.0,WR,126.7,16.0,7.91875,18.0,2025
/home/anbernal/Documents/Fantasy-Football-Tool/2025/go/analysis/Mike Evans.md,Mike Evans,mike evans,Mike Evans,WR,35.0,WR,51.400000000000006,7.0,7.342857142857143,77.0,2025
/home/anbernal/Documents/Fantasy-Football-Tool/2025/go/analysis/Mike Gesicki.md,Mike Gesicki,mike gesicki,Mike Gesicki,TE,231.0,TE,41.4,11.0,3.7636363636363637,39.0,2025
/home/anbernal/Documents/Fantasy-Football-Tool/2025/go/analysis/Miles Sanders.md,Miles Sanders,miles sanders,Miles Sanders,RB,243.0,RB,18.700000000000003,4.0,4.675000000000001,82.0,2025
/home/anbernal/Documents/Fantasy-Football-Tool/2025/go/analysis/Minnesota Vikings.md,Minnesota Vikings,minnesota vikings,,,,,,,,,2025
/home/anbernal/Documents/Fantasy-Football-Tool/2025/go/analysis/Mitchell Tinsley.md,Mitchell Tinsley,mitchell tinsley,,,,WR,23.6,8.0,2.95,122.0,2025
/home/anbernal/Documents/Fantasy-Football-Tool/2025/go/analysis/Najee Harris.md,Najee Harris,najee harris,Najee Harris,RB,132.0,RB,8.600000000000001,3.0,2.866666666666667,97.0,2025
/home/anbernal/Documents/Fantasy-Football-Tool/2025/go/analysis/New England Patriots.md,New England Patriots,new england patriots,,,,,,,,,2025
/home/anbernal/Documents/Fantasy-Football-Tool/2025/go/analysis/New Orleans Saints.md,New Orleans Saints,new orleans saints,,,,,,,,,2025
/home/anbernal/Documents/Fantasy-Football-Tool/2025/go/analysis/New York Giants.md,New York Giants,new york giants,,,,,,,,,2025
/home/anbernal/Documents/Fantasy-Football-Tool/2025/go/analysis/New York Jets.md,New York Jets,new york jets,,,,,,,,,2025
/home/anbernal/Documents/Fantasy-Football-Tool/2025/go/analysis/Nick Chubb.md,Nick Chubb,nick chubb,Nick Chubb,RB,140.0,RB,75.30000000000001,15.0,5.0200000000000005,46.0,2025
/home/anbernal/Documents/Fantasy-Football-Tool/2025/go/analysis/Nico Collins.md,Nico Collins,nico collins,Nico Collins,WR,11.0,WR,155.2,15.0,10.346666666666666,8.0,2025
/home/anbernal/Documents/Fantasy-Football-Tool/2025/go/analysis/Noah Brown.md,Noah Brown,noah brown,,,,WR,8.3,4.0,2.075,166.0,2025
/home/anbernal/Documents/Fantasy-Football-Tool/2025/go/analysis/Noah Fant.md,Noah Fant,noah fant,,,,TE,42.300000000000004,12.0,3.5250000000000004,38.0,2025
/home/anbernal/Documents/Fantasy-Football-Tool/2025/go/analysis/Noah Gray.md,Noah Gray,noah gray,,,,TE,14.8,13.0,1.1384615384615384,68.0,2025
/home/anbernal/Documents/Fantasy-Football-Tool/2025/go/analysis/Olamide Zaccheaus.md,Olamide Zaccheaus,olamide zaccheaus,,,,WR,45.800000000000004,14.0,3.271428571428572,82.0,2025
/home/anbernal/Documents/Fantasy-Football-Tool/2025/go/analysis/Ollie Gordon.md,Ollie Gordon,ollie gordon,Ollie Gordon,RB,230.0,RB,46.0,16.0,2.875,62.0,2025
/home/anbernal/Documents/Fantasy-Football-Tool/2025/go/analysis/Omarion Hampton.md,Omarion Hampton,omarion hampton,Omarion Hampton,RB,32.0,RB,103.7,9.0,11.522222222222222,37.0,2025
/home/anbernal/Documents/Fantasy-Football-Tool/2025/go/analysis/Oronde Gadsden.md,Oronde Gadsden,oronde gadsden,,,,TE,80.10000000000001,14.0,5.721428571428572,19.0,2025
/home/anbernal/Documents/Fantasy-Football-Tool/2025/go/analysis/Parker Washington.md,Parker Washington,parker washington,,,,WR,112.0,15.0,7.466666666666667,31.0,2025
/home/anbernal/Documents/Fantasy-Football-Tool/2025/go/analysis/Pat Bryant.md,Pat Bryant,pat bryant,Pat Bryant,WR,254.0,WR,40.7,12.0,3.391666666666667,90.0,2025
/home/anbernal/Documents/Fantasy-Football-Tool/2025/go/analysis/Pat Freiermuth.md,Pat Freiermuth,pat freiermuth,Pat Freiermuth,TE,211.0,TE,67.5,14.0,4.821428571428571,23.0,2025
/home/anbernal/Documents/Fantasy-Football-Tool/2025/go/analysis/Patrick Mahomes.md,Patrick Mahomes,patrick mahomes,Patrick Mahomes,QB,48.0,QB,284.68,14.0,20.334285714285716,10.0,2025
/home/anbernal/Documents/Fantasy-Football-Tool/2025/go/analysis/Phil Mafah.md,Phil Mafah,phil mafah,,,,,,,,,2025
/home/anbernal/Documents/Fantasy-Football-Tool/2025/go/analysis/Philadelphia Eagles.md,Philadelphia Eagles,philadelphia eagles,,,,,,,,,2025
/home/anbernal/Documents/Fantasy-Football-Tool/2025/go/analysis/Pittsburgh Steelers.md,Pittsburgh Steelers,pittsburgh steelers,,,,,,,,,2025
/home/anbernal/Documents/Fantasy-Football-Tool/2025/go/analysis/Puka Nacua.md,Puka Nacua,puka nacua,Puka Nacua,WR,12.0,WR,230.0,15.0,15.333333333333334,2.0,2025
/home/anbernal/Documents/Fantasy-Football-Tool/2025/go/analysis/Quentin Johnston.md,Quentin Johnston,quentin johnston,Quentin Johnston,WR,235.0,WR,120.2,13.0,9.246153846153847,23.0,2025
/home/anbernal/Documents/Fantasy-Football-Tool/2025/go/analysis/Quinshon Judkins.md,Quinshon Judkins,quinshon judkins,Quinshon Judkins,RB,111.0,RB,143.8,14.0,10.271428571428572,24.0,2025
/home/anbernal/Documents/Fantasy-Football-Tool/2025/go/analysis/RJ Harvey.md,RJ Harvey,rj harvey,RJ Harvey,RB,52.0,RB,156.3,16.0,9.76875,19.0,2025
/home/anbernal/Documents/Fantasy-Football-Tool/2025/go/analysis/Rachaad White.md,Rachaad White,rachaad white,Rachaad White,RB,135.0,RB,98.9,16.0,6.18125,40.0,2025
/home/anbernal/Documents/Fantasy-Football-Tool/2025/go/analysis/Raheem Mostert.md,Raheem Mostert,raheem mostert,Raheem Mostert,RB,244.0,RB,17.400000000000002,12.0,1.4500000000000002,84.0,2025
/home/anbernal/Documents/Fantasy-Football-Tool/2025/go/analysis/Rashee Rice.md,Rashee Rice,rashee rice,Rashee Rice,WR,71.0,WR,97.1,8.0,12.1375,40.0,2025
/home/anbernal/Documents/Fantasy-Football-Tool/2025/go/analysis/Rashid Shaheed.md,Rashid Shaheed,rashid shaheed,Rashid Shaheed,WR,129.0,WR,97.39999999999999,17.0,5.7294117647058815,39.0,2025
/home/anbernal/Documents/Fantasy-Football-Tool/2025/go/analysis/Rashod Bateman.md,Rashod Bateman,rashod bateman,Rashod Bateman,WR,156.0,WR,36.4,13.0,2.8,100.0,2025
/home/anbernal/Documents/Fantasy-Football-Tool/2025/go/analysis/Ray Davis.md,Ray Davis,ray davis,Ray Davis,RB,152.0,RB,30.700000000000003,16.0,1.9187500000000002,70.0,2025
/home/anbernal/Documents/Fantasy-Football-Tool/2025/go/analysis/Ray-Ray McCloud.md,Ray-Ray McCloud,ray ray mccloud,,,,WR,6.9,6.0,1.1500000000000001,167.0,2025
/home/anbernal/Documents/Fantasy-Football-Tool/2025/go/analysis/Rhamondre Stevenson.md,Rhamondre Stevenson,rhamondre stevenson,Rhamondre Stevenson,RB,103.0,RB,113.5,13.0,8.73076923076923,31.0,2025
/home/anbernal/Documents/Fantasy-Football-Tool/2025/go/analysis/Ricky Pearsall.md,Ricky Pearsall,ricky pearsall,Ricky Pearsall,WR,84.0,WR,52.60000000000001,9.0,5.844444444444445,74.0,2025
/home/anbernal/Documents/Fantasy-Football-Tool/2025/go/analysis/Rico Dowdle.md,Rico Dowdle,rico dowdle,Rico Dowdle,RB,173.0,RB,176.3,16.0,11.01875,16.0,2025
/home/anbernal/Documents/Fantasy-Football-Tool/2025/go/analysis/Roman Wilson.md,Roman Wilson,roman wilson,Roman Wilson,WR,273.0,WR,26.6,9.0,2.9555555555555557,120.0,2025
/home/anbernal/Documents/Fantasy-Football-Tool/2025/go/analysis/Rome Odunze.md,Rome Odunze,rome odunze,Rome Odunze,WR,78.0,WR,102.10000000000001,12.0,8.508333333333335,35.0,2025
/home/anbernal/Documents/Fantasy-Football-Tool/2025/go/analysis/Romeo Doubs.md,Romeo Doubs,romeo doubs,Romeo Doubs,WR,190.0,WR,110.4,16.0,6.9,33.0,2025
/home/anbernal/Documents/Fantasy-Football-Tool/2025/go/analysis/Roschon Johnson.md,Roschon Johnson,roschon johnson,Roschon Johnson,RB,194.0,RB,1.7000000000000002,6.0,0.2833333333333334,121.0,2025
/home/anbernal/Documents/Fantasy-Football-Tool/2025/go/analysis/Russell Wilson.md,Russell Wilson,russell wilson,Russell Wilson,QB,246.0,QB,49.84,6.0,8.306666666666667,44.0,2025
/home/anbernal/Documents/Fantasy-Football-Tool/2025/go/analysis/Sam Darnold.md,Sam Darnold,sam darnold,Sam Darnold,QB,228.0,QB,226.6,16.0,14.1625,14.0,2025
/home/anbernal/Documents/Fantasy-Football-Tool/2025/go/analysis/Sam LaPorta.md,Sam LaPorta,sam laporta,Sam LaPorta,TE,50.0,TE,66.9,9.0,7.433333333333334,24.0,2025
/home/anbernal/Documents/Fantasy-Football-Tool/2025/go/analysis/Samaje Perine.md,Samaje Perine,samaje perine,,,,RB,55.7,14.0,3.9785714285714286,56.0,2025
/home/anbernal/Documents/Fantasy-Football-Tool/2025/go/analysis/San Francisco 49ers.md,San Francisco 49ers,san francisco 49ers,,,,,,,,,2025
/home/anbernal/Documents/Fantasy-Football-Tool/2025/go/analysis/Saquon Barkley.md,Saquon Barkley,saquon barkley,Saquon Barkley,RB,3.0,RB,195.3,16.0,12.20625,13.0,2025
/home/anbernal/Documents/Fantasy-Football-Tool/2025/go/analysis/Sean Tucker.md,Sean Tucker,sean tucker,Sean Tucker,RB,263.0,RB,83.8,16.0,5.2375,44.0,2025
/home/anbernal/Documents/Fantasy-Football-Tool/2025/go/analysis/Seattle Seahawks.md,Seattle Seahawks,seattle seahawks,,,,,,,,,2025
/home/anbernal/Documents/Fantasy-Football-Tool/2025/go/analysis/Shedeur Sanders.md,Shedeur Sanders,shedeur sanders,,,,QB,79.86,7.0,11.40857142857143,37.0,2025
/home/anbernal/Documents/Fantasy-Football-Tool/2025/go/analysis/Spencer Rattler.md,Spencer Rattler,spencer rattler,,,,QB,98.14,9.0,10.904444444444444,35.0,2025
/home/anbernal/Documents/Fantasy-Football-Tool/2025/go/analysis/Stefon Diggs.md,Stefon Diggs,stefon diggs,Stefon Diggs,WR,91.0,WR,121.00000000000001,16.0,7.562500000000001,22.0,2025
/home/anbernal/Documents/Fantasy-Football-Tool/2025/go/analysis/T.J. Hockenson.md,T.J. Hockenson,tj hockenson,T.J. Hockenson,TE,67.0,TE,61.8,15.0,4.12,26.0,2025
/home/anbernal/Documents/Fantasy-Football-Tool/2025/go/analysis/Tahj Brooks.md,Tahj Brooks,tahj brooks,Tahj Brooks,RB,259.0,RB,5.4,12.0,0.45,107.0,2025
/home/anbernal/Documents/Fantasy-Football-Tool/2025/go/analysis/Tai Felton.md,Tai Felton,tai felton,,,,WR,2.5,11.0,0.22727272727272727,195.0,2025
/home/anbernal/Documents/Fantasy-Football-Tool/2025/go/analysis/Tampa Bay Buccaneers.md,Tampa Bay Buccaneers,tampa bay buccaneers,,,,,,,,,2025
/home/anbernal/Documents/Fantasy-Football-Tool/2025/go/analysis/Tank Bigsby.md,Tank Bigsby,tank bigsby,Tank Bigsby,RB,102.0,RB,34.2,14.0,2.442857142857143,68.0,2025
/home/anbernal/Documents/Fantasy-Football-Tool/2025/go/analysis/Tanner McKee.md,Tanner McKee,tanner mckee,,,,QB,1.82,3.0,0.6066666666666667,63.0,2025
/home/anbernal/Documents/Fantasy-Football-Tool/2025/go/analysis/Taysom Hill.md,Taysom Hill,taysom hill,,,,TE,27.58,12.0,2.2983333333333333,52.0,2025
/home/anbernal/Documents/Fantasy-Football-Tool/2025/go/analysis/Tee Higgins.md,Tee Higgins,tee higgins,Tee Higgins,WR,28.0,WR,139.9,14.0,9.992857142857144,12.0,2025
/home/anbernal/Documents/Fantasy-Football-Tool/2025/go/analysis/Tennessee Titans.md,Tennessee Titans,tennessee titans,,,,,,,,,2025
/home/anbernal/Documents/Fantasy-Football-Tool/2025/go/analysis/Terrance Ferguson.md,Terrance Ferguson,terrance ferguson,,,,TE,41.1,11.0,3.7363636363636363,40.0,2025
/home/anbernal/Documents/Fantasy-Football-Tool/2025/go/analysis/Terry McLaurin.md,Terry McLaurin,terry mclaurin,Terry McLaurin,WR,41.0,WR,70.5,9.0,7.833333333333333,52.0,2025
/home/anbernal/Documents/Fantasy-Football-Tool/2025/go/analysis/Tetairoa McMillan.md,Tetairoa McMillan,tetairoa mcmillan,Tetairoa McMillan,WR,63.0,WR,134.9,16.0,8.43125,13.0,2025
/home/anbernal/Documents/Fantasy-Football-Tool/2025/go/analysis/Theo Johnson.md,Theo Johnson,theo johnson,,,,TE,82.8,15.0,5.52,16.0,2025
/home/anbernal/Documents/Fantasy-Football-Tool/2025/go/analysis/Tony Pollard.md,Tony Pollard,tony pollard,Tony Pollard,RB,54.0,RB,146.3,16.0,9.14375,22.0,2025
/home/anbernal/Documents/Fantasy-Football-Tool/2025/go/analysis/Tory Horton.md,Tory Horton,tory horton,,,,WR,52.1,8.0,6.5125,75.0,2025
/home/anbernal/Documents/Fantasy-Football-Tool/2025/go/analysis/Travis Etienne.md,Travis Etienne,travis etienne,Travis Etienne,RB,94.0,RB,214.10000000000002,16.0,13.381250000000001,9.0,2025
/home/anbernal/Documents/Fantasy-Football-Tool/2025/go/analysis/Travis Hunter.md,Travis Hunter,travis hunter,Travis Hunter,WR,73.0,CB,35.800000000000004,7.0,5.114285714285715,1.0,2025
/home/anbernal/Documents/Fantasy-Football-Tool/2025/go/analysis/Travis Kelce.md,Travis Kelce,travis kelce,Travis Kelce,TE,64.0,TE,116.0,16.0,7.25,4.0,2025
/home/anbernal/Documents/Fantasy-Football-Tool/2025/go/analysis/Tre Tucker.md,Tre Tucker,tre tucker,,,,WR,101.3,16.0,6.33125,36.0,2025
/home/anbernal/Documents/Fantasy-Football-Tool/2025/go/analysis/Tre' Harris.md,Tre' Harris,tre harris,Tre' Harris,WR,180.0,WR,36.6,15.0,2.44,99.0,2025
/home/anbernal/Documents/Fantasy-Football-Tool/2025/go/analysis/TreVeyon Henderson.md,TreVeyon Henderson,treveyon henderson,TreVeyon Henderson,RB,49.0,RB,153.9,16.0,9.61875,20.0,2025
/home/anbernal/Documents/Fantasy-Football-Tool/2025/go/analysis/Trevor Etienne.md,Trevor Etienne,trevor etienne,,,,RB,8.700000000000001,16.0,0.5437500000000001,96.0,2025
/home/anbernal/Documents/Fantasy-Football-Tool/2025/go/analysis/Trevor Lawrence.md,Trevor Lawrence,trevor lawrence,Trevor Lawrence,QB,165.0,QB,314.88,16.0,19.68,4.0,2025
/home/anbernal/Documents/Fantasy-Football-Tool/2025/go/analysis/Trey Benson.md,Trey Benson,trey benson,Trey Benson,RB,149.0,RB,22.400000000000002,4.0,5.6000000000000005,75.0,2025
/home/anbernal/Documents/Fantasy-Football-Tool/2025/go/analysis/Trey McBride.md,Trey McBride,trey mcbride,Trey McBride,TE,29.0,TE,183.4,16.0,11.4625,1.0,2025
/home/anbernal/Documents/Fantasy-Football-Tool/2025/go/analysis/Troy Franklin.md,Troy Franklin,troy franklin,,,,WR,112.10000000000001,16.0,7.0062500000000005,30.0,2025
/home/anbernal/Documents/Fantasy-Football-Tool/2025/go/analysis/Tua Tagovailoa.md,Tua Tagovailoa,tua tagovailoa,Tua Tagovailoa,QB,187.0,QB,160.70000000000002,14.0,11.47857142857143,25.0,2025
/home/anbernal/Documents/Fantasy-Football-Tool/2025/go/analysis/Tucker Kraft.md,Tucker Kraft,tucker kraft,Tucker Kraft,TE,95.0,TE,85.2,8.0,10.65,15.0,2025
/home/anbernal/Documents/Fantasy-Football-Tool/2025/go/analysis/Tutu Atwell.md,Tutu Atwell,tutu atwell,,,,WR,23.3,7.0,3.3285714285714287,123.0,2025
/home/anbernal/Documents/Fantasy-Football-Tool/2025/go/analysis/Ty Johnson.md,Ty Johnson,ty johnson,,,,RB,58.7,16.0,3.66875,55.0,2025
/home/anbernal/Documents/Fantasy-Football-Tool/2025/go/analysis/Tyjae Spears.md,Tyjae Spears,tyjae spears,Tyjae Spears,RB,144.0,RB,64.0,12.0,5.333333333333333,53.0,2025
/home/anbernal/Documents/Fantasy-Football-Tool/2025/go/analysis/Tyler Allgeier.md,Tyler Allgeier,tyler allgeier,Tyler Allgeier,RB,154.0,RB,107.10000000000001,16.0,6.6937500000000005,33.0,2025
/home/anbernal/Documents/Fantasy-Football-Tool/2025/go/analysis/Tyler Bass.md,Tyler Bass,tyler bass,,,,,,,,,2025
/home/anbernal/Documents/Fantasy-Football-Tool/2025/go/analysis/Tyler Conklin.md,Tyler Conklin,tyler conklin,,,,TE,9.7,5.0,1.94,75.0,2025
/home/anbernal/Documents/Fantasy-Football-Tool/2025/go/analysis/Tyler Higbee.md,Tyler Higbee,tyler higbee,,,,TE,31.0,9.0,3.4444444444444446,48.0,2025
/home/anbernal/Documents/Fantasy-Football-Tool/2025/go/analysis/Tyler Lockett.md,Tyler Lockett,tyler lockett,Tyler Lockett,WR,255.0,WR,34.6,16.0,2.1625,103.0,2025
/home/anbernal/Documents/Fantasy-Football-Tool/2025/go/analysis/Tyler Loop.md,Tyler Loop,tyler loop,,,,K,134.0,16.0,8.375,11.0,2025
/home/anbernal/Documents/Fantasy-Football-Tool/2025/go/analysis/Tyler Shough.md,Tyler Shough,tyler shough,,,,QB,136.20000000000002,10.0,13.620000000000001,28.0,2025
/home/anbernal/Documents/Fantasy-Football-Tool/2025/go/analysis/Tyler Warren.md,Tyler Warren,tyler warren,Tyler Warren,TE,104.0,TE,109.9,16.0,6.86875,8.0,2025
/home/anbernal/Documents/Fantasy-Football-Tool/2025/go/analysis/Tyreek Hill.md,Tyreek Hill,tyreek hill,Tyreek Hill,WR,34.0,WR,32.5,4.0,8.125,106.0,2025
/home/anbernal/Documents/Fantasy-Football-Tool/2025/go/analysis/Tyrone Tracy.md,Tyrone Tracy,tyrone tracy,Tyrone Tracy,RB,76.0,RB,104.9,14.0,7.492857142857143,35.0,2025
/home/anbernal/Documents/Fantasy-Football-Tool/2025/go/analysis/Wan'Dale Robinson.md,Wan'Dale Robinson,wandale robinson,Wan'Dale Robinson,WR,191.0,WR,125.9,16.0,7.86875,19.0,2025
/home/anbernal/Documents/Fantasy-Football-Tool/2025/go/analysis/Washington Commanders.md,Washington Commanders,washington commanders,,,,,,,,,2025
/home/anbernal/Documents/Fantasy-Football-Tool/2025/go/analysis/Wil Lutz.md,Wil Lutz,wil lutz,,,,K,117.0,16.0,7.3125,19.0,2025
/home/anbernal/Documents/Fantasy-Football-Tool/2025/go/analysis/Will Reichard.md,Will Reichard,will reichard,,,,K,146.0,16.0,9.125,5.0,2025
/home/anbernal/Documents/Fantasy-Football-Tool/2025/go/analysis/Will Shipley.md,Will Shipley,will shipley,Will Shipley,RB,192.0,RB,7.200000000000001,13.0,0.5538461538461539,100.0,2025
/home/anbernal/Documents/Fantasy-Football-Tool/2025/go/analysis/Woody Marks.md,Woody Marks,woody marks,Woody Marks,RB,209.0,RB,116.30000000000001,15.0,7.753333333333334,30.0,2025
/home/anbernal/Documents/Fantasy-Football-Tool/2025/go/analysis/Xavier Legette.md,Xavier Legette,xavier legette,Xavier Legette,WR,212.0,WR,52.1,14.0,3.7214285714285715,75.0,2025
/home/anbernal/Documents/Fantasy-Football-Tool/2025/go/analysis/Xavier Restrepo.md,Xavier Restrepo,xavier restrepo,,,,WR,4.1,2.0,2.05,183.0,2025
/home/anbernal/Documents/Fantasy-Football-Tool/2025/go/analysis/Xavier Worthy.md,Xavier Worthy,xavier worthy,Xavier Worthy,WR,57.0,WR,67.9,14.0,4.8500000000000005,55.0,2025
/home/anbernal/Documents/Fantasy-Football-Tool/2025/go/analysis/Younghoe Koo.md,Younghoe Koo,younghoe koo,,,,K,30.0,6.0,5.0,38.0,2025
/home/anbernal/Documents/Fantasy-Football-Tool/2025/go/analysis/Zach Charbonnet.md,Zach Charbonnet,zach charbonnet,Zach Charbonnet,RB,101.0,RB,145.7,15.0,9.713333333333333,23.0,2025
/home/anbernal/Documents/Fantasy-Football-Tool/2025/go/analysis/Zach Ertz.md,Zach Ertz,zach ertz,Zach Ertz,TE,168.0,TE,76.4,13.0,5.876923076923077,20.0,2025
/home/anbernal/Documents/Fantasy-Football-Tool/2025/go/analysis/Zack Moss.md,Zack Moss,zack moss,,,,,,,,,2025
/home/anbernal/Documents/Fantasy-Football-Tool/2025/go/analysis/Zay Flowers.md,Zay Flowers,zay flowers,Zay Flowers,WR,62.0,WR,131.5,16.0,8.21875,15.0,2025
