"Rank","Player","Team","Bye","POS","CBS","Sleeper","RTSports","AVG"
"1","Ja'Marr Chase","CIN","10","WR1","","1","1","1.0"
"2","Bijan Robinson","ATL","5","RB1","","3","2","2.5"
"3","Saquon Barkley","PHI","9","RB2","","2","4","3.0"
"4","Jahmyr Gibbs","DET","8","RB3","","5","3","4.0"
"5","Justin Jefferson","MIN","6","WR2","","4","6","5.0"
"6","CeeDee Lamb","DAL","10","WR3","","6","5","5.5"
"7","Puka Nacua","LAR","8","WR4","","7","10","8.5"
"8","Malik Nabers","NYG","14","WR5","","9","9","9.0"
"9","Amon-Ra St. Brown","DET","8","WR6","","8","11","9.5"
"10","Ashton Jeanty","LV","8","RB4","","11","8","9.5"
"11","Christian McCaffrey","SF","14","RB5","","14","7","10.5"
"12","Derrick Henry","BAL","7","RB6","","10","13","11.5"
"13","Nico Collins","HOU","6","WR7","","12","15","13.5"
"14","Brian Thomas Jr.","JAC","8","WR8","","13","14","13.5"
"15","De'Von Achane","MIA","12","RB7","","16","12","14.0"
"16","Bucky Irving","TB","9","RB8","","17","17","17.0"
"17","Brock Bowers","LV","8","TE1","","15","20","17.5"
"18","Josh Jacobs","GB","5","RB9","","20","16","18.0"
"19","Drake London","ATL","5","WR9","","18","19","18.5"
"20","A.J. Brown","PHI","9","WR10","","19","24","21.5"
"21","Jonathan Taylor","IND","11","RB10","","23","21","22.0"
"22","Josh Allen","BUF","7","QB1","","22","23","22.5"
"23","Chase Brown","CIN","10","RB11","","28","18","23.0"
"24","Lamar Jackson","BAL","7","QB2","","25","22","23.5"
"25","Ladd McConkey","LAC","12","WR11","","21","28","24.5"
"26","Kyren Williams","LAR","8","RB12","","27","25","26.0"
"27","Trey McBride","ARI","8","TE2","","24","29","26.5"
"28","Tyreek Hill","MIA","12","WR12","","29","26","27.5"
"29","Breece Hall","NYJ","9","RB13","","33","27","30.0"
"30","Jayden Daniels","WAS","12","QB3","","30","30","30.0"
"31","Jaxon Smith-Njigba","SEA","8","WR13","","26","35","30.5"
"32","Garrett Wilson","NYJ","9","WR14","","32","34","33.0"
"33","James Cook","BUF","7","RB14","","35","32","33.5"
"34","Tee Higgins","CIN","10","WR15","","31","38","34.5"
"35","Joe Burrow","CIN","10","QB4","","43","31","37.0"
"36","Omarion Hampton","LAC","12","RB15","","39","36","37.5"
"37","Alvin Kamara","NO","11","RB16","","44","33","38.5"
"38","Marvin Harrison Jr.","ARI","8","WR16","","36","41","38.5"
"39","Terry McLaurin","WAS","12","WR17","","34","44","39.0"
"40","Davante Adams","LAR","8","WR18","","42","37","39.5"
"41","Jalen Hurts","PHI","9","QB5","","40","40","40.0"
"42","George Kittle","SF","14","TE3","","38","43","40.5"
"43","Mike Evans","TB","9","WR19","","37","47","42.0"
"44","Kenneth Walker III","SEA","8","RB17","","45","39","42.0"
"45","Chuba Hubbard","CAR","14","RB18","","47","42","44.5"
"46","Rashee Rice","KC","10","WR20","","41","53","47.0"
"47","DJ Moore","CHI","5","WR21","","48","46","47.0"
"48","James Conner","ARI","8","RB19","","51","48","49.5"
"49","Courtland Sutton","DEN","12","WR22","","50","49","49.5"
"50","DK Metcalf","PIT","5","WR23","","49","52","50.5"
"51","Joe Mixon","HOU","6","RB20","","46","58","52.0"
"52","RJ Harvey","DEN","12","RB21","","58","51","54.5"
"53","DeVonta Smith","PHI","9","WR24","","54","56","55.0"
"54","Sam LaPorta","DET","8","TE4","","52","60","56.0"
"55","TreVeyon Henderson","NE","14","RB22","","63","50","56.5"
"56","David Montgomery","DET","8","RB23","","55","59","57.0"
"57","Tetairoa McMillan","CAR","14","WR25","","60","55","57.5"
"58","Patrick Mahomes II","KC","10","QB6","","64","54","59.0"
"59","Xavier Worthy","KC","10","WR26","","56","62","59.0"
"60","D'Andre Swift","CHI","5","RB24","","75","45","60.0"
"61","Jameson Williams","DET","8","WR27","","57","63","60.0"
"62","Zay Flowers","BAL","7","WR28","","53","68","60.5"
"63","Isiah Pacheco","KC","10","RB25","","62","65","63.5"
"64","Aaron Jones Sr.","MIN","6","RB26","","67","61","64.0"
"65","T.J. Hockenson","MIN","6","TE5","","59","73","66.0"
"66","George Pickens","DAL","10","WR29","","61","71","66.0"
"67","Kaleb Johnson","PIT","5","RB27","","79","57","68.0"
"68","Travis Hunter","JAC","8","WR30","","65","72","68.5"
"69","Tony Pollard","TEN","10","RB28","","73","66","69.5"
"70","Travis Kelce","KC","10","TE6","","76","64","70.0"
"71","Jerry Jeudy","CLE","9","WR31","","71","69","70.0"
"72","Calvin Ridley","TEN","10","WR32","","77","67","72.0"
"73","Chris Olave","NO","11","WR33","","69","75","72.0"
"74","Baker Mayfield","TB","9","QB7","","74","70","72.0"
"75","Jaylen Waddle","MIA","12","WR34","","68","77","72.5"
"76","Chris Godwin","TB","9","WR35","","72","78","75.0"
"77","Jordan Addison","MIN","6","WR36","","70","82","76.0"
"78","Tyrone Tracy Jr.","NYG","14","RB29","","80","74","77.0"
"79","Quinshon Judkins","CLE","9","RB30","","66","91","78.5"
"80","Bo Nix","DEN","12","QB8","","85","76","80.5"
"81","Brian Robinson Jr.","WAS","12","RB31","","81","80","80.5"
"82","Rome Odunze","CHI","5","WR37","","78","86","82.0"
"83","Deebo Samuel Sr.","WAS","12","WR38","","88","79","83.5"
"84","Jaylen Warren","PIT","5","RB32","","87","81","84.0"
"85","Travis Etienne Jr.","JAC","8","RB33","","90","84","87.0"
"86","Cooper Kupp","SEA","8","WR39","","92","83","87.5"
"87","Mark Andrews","BAL","7","TE7","","82","96","89.0"
"88","Evan Engram","DEN","12","TE8","","91","87","89.0"
"89","Khalil Shakir","BUF","7","WR40","","83","100","91.5"
"90","Kyler Murray","ARI","8","QB9","","96","88","92.0"
"91","Jakobi Meyers","LV","8","WR41","","84","102","93.0"
"92","Stefon Diggs","NE","14","WR42","","94","92","93.0"
"93","Cam Skattebo","NYG","14","RB34","","106","85","95.5"
"94","Jauan Jennings","SF","14","WR43","","102","89","95.5"
"95","Javonte Williams","DAL","10","RB35","","104","90","97.0"
"96","Matthew Golden","GB","5","WR44","","100","95","97.5"
"97","Jared Goff","DET","8","QB10","","98","97","97.5"
"98","Najee Harris","LAC","12","RB36","","89","110","99.5"
"99","Jayden Reed","GB","5","WR45","","95","104","99.5"
"100","Ricky Pearsall","SF","14","WR46","","97","105","101.0"
"101","Zach Charbonnet","SEA","8","RB37","","108","98","103.0"
"102","David Njoku","CLE","9","TE9","","99","108","103.5"
"103","Caleb Williams","CHI","5","QB11","","115","93","104.0"
"104","Rhamondre Stevenson","NE","14","RB38","","105","109","107.0"
"105","Dak Prescott","DAL","10","QB12","","121","94","107.5"
"106","Jordan Mason","MIN","6","RB39","","116","99","107.5"
"107","Tyjae Spears","TEN","10","RB40","","112","103","107.5"
"108","Jonnu Smith","PIT","5","TE10","","86","133","109.5"
"109","Tyler Warren","IND","11","TE11","","101","119","110.0"
"110","Brandon Aiyuk","SF","14","WR47","","93","128","110.5"
"111","Josh Downs","IND","11","WR48","","103","120","111.5"
"112","Justin Herbert","LAC","12","QB13","","109","114","111.5"
"113","Brock Purdy","SF","14","QB14","","111","112","111.5"
"114","Tucker Kraft","GB","5","TE12","","114","111","112.5"
"115","Michael Pittman Jr.","IND","11","WR49","","110","116","113.0"
"116","Colston Loveland","CHI","5","TE13","","120","107","113.5"
"117","Justin Fields","NYJ","9","QB15","","124","106","115.0"
"118","J.K. Dobbins","DEN","12","RB41","","132","101","116.5"
"119","Emeka Egbuka","TB","9","WR50","","117","117","117.0"
"120","Darnell Mooney","ATL","5","WR51","","107","129","118.0"
"121","Tank Bigsby","JAC","8","RB42","","131","113","122.0"
"122","Jake Ferguson","DAL","10","TE14","","122","124","123.0"
"123","Rachaad White","TB","9","RB43","","126","121","123.5"
"124","Jayden Higgins","HOU","6","WR52","","119","130","124.5"
"125","Dalton Kincaid","BUF","7","TE15","","113","142","127.5"
"126","Jaydon Blue","DAL","10","RB44","","139","118","128.5"
"127","Keon Coleman","BUF","7","WR53","","118","139","128.5"
"128","Jordan Love","GB","5","QB16","","123","134","128.5"
"129","Drake Maye","NE","14","QB17","","130","127","128.5"
"130","C.J. Stroud","HOU","6","QB18","","127","132","129.5"
"131","J.J. McCarthy","MIN","6","QB19","","140","126","133.0"
"132","Jerome Ford","CLE","9","RB45","","152","115","133.5"
"133","Isaac Guerendo","SF","14","RB46","","144","123","133.5"
"134","Austin Ekeler","WAS","12","RB47","","142","125","133.5"
"135","Tre' Harris","LAC","12","WR54","","128","140","134.0"
"136","Marvin Mims Jr.","DEN","12","WR55","","135","137","136.0"
"137","Bhayshul Tuten","JAC","8","RB48","","137","136","136.5"
"138","Dallas Goedert","PHI","9","TE16","","125","150","137.5"
"139","Ray Davis","BUF","7","RB49","","146","131","138.5"
"140","Kyle Pitts Sr.","ATL","5","TE17","","136","143","139.5"
"141","Rico Dowdle","CAR","14","RB50","","134","147","140.5"
"142","Trevor Lawrence","JAC","8","QB20","","145","138","141.5"
"143","Trey Benson","ARI","8","RB51","","149","135","142.0"
"144","Rashid Shaheed","NO","11","WR56","","129","159","144.0"
"145","Luther Burden III","CHI","5","WR57","","133","157","145.0"
"146","Nick Chubb","HOU","6","RB52","","172","122","147.0"
"147","Christian Kirk","HOU","6","WR58","","138","158","148.0"
"148","Tyler Allgeier","ATL","5","RB53","","153","145","149.0"
"149","Jack Bech","LV","8","WR59","","147","153","150.0"
"150","Marquise Brown","KC","10","WR60","","150","151","150.5"
"151","Tua Tagovailoa","MIA","12","QB21","","162","144","153.0"
"152","Hunter Henry","NE","14","TE18","","156","152","154.0"
"153","Dylan Sampson","CLE","9","RB54","","168","146","157.0"
"154","Braelon Allen","NYJ","9","RB55","","174","141","157.5"
"155","Denver Broncos","DST","12","DST1","","155","162","158.5"
"156","Isaiah Likely","BAL","7","TE19","","154","166","160.0"
"157","Michael Penix Jr.","ATL","5","QB22","","166","156","161.0"
"158","Zach Ertz","WAS","12","TE20","","158","165","161.5"
"159","Matthew Stafford","LAR","8","QB23","","163","160","161.5"
"160","Jalen McMillan","TB","9","WR61","","141","183","162.0"
"161","Kyle Williams","NE","14","WR62","","143","181","162.0"
"162","Jaylen Wright","MIA","12","RB56","","175","149","162.0"
"163","Philadelphia Eagles","DST","9","DST2","","151","174","162.5"
"164","Bryce Young","CAR","14","QB24","","171","155","163.0"
"165","Cameron Ward","TEN","10","QB25","","161","167","164.0"
"166","Rashod Bateman","BAL","7","WR63","","148","189","168.5"
"167","DeAndre Hopkins","BAL","7","WR64","","183","154","168.5"
"168","Brenton Strange","JAC","8","TE21","","179","163","171.0"
"169","Pittsburgh Steelers","DST","5","DST3","","160","188","174.0"
"170","Geno Smith","LV","8","QB26","","186","164","175.0"
"171","Cedric Tillman","CLE","9","WR65","","176","175","175.5"
"172","Mason Taylor","NYJ","9","TE22","","170","182","176.0"
"173","Xavier Legette","CAR","14","WR66","","182","170","176.0"
"174","Cade Otton","TB","9","TE23","","180","173","176.5"
"175","Roschon Johnson","CHI","5","RB57","","178","179","178.5"
"176","Sam Darnold","SEA","8","QB27","","192","168","180.0"
"177","Aaron Rodgers","PIT","5","QB28","","194","169","181.5"
"178","Justice Hill","BAL","7","RB58","","203","161","182.0"
"179","Adam Thielen","CAR","14","WR67","","165","201","183.0"
"180","Anthony Richardson Sr.","IND","11","QB29","","188","180","184.0"
"181","Wan'Dale Robinson","NYG","14","WR68","","181","187","184.0"
"182","Mike Gesicki","CIN","10","TE24","","169","200","184.5"
"183","Quentin Johnston","LAC","12","WR69","","173","196","184.5"
"184","Minnesota Vikings","DST","6","DST4","","167","205","186.0"
"185","Brandon Aubrey","DAL","10","K1","","229","148","188.5"
"186","Keenan Allen","","","WR70","","184","193","188.5"
"187","Kyle Monangai","CHI","5","RB59","","208","171","189.5"
"188","Romeo Doubs","GB","5","WR71","","185","198","191.5"
"189","Pat Freiermuth","PIT","5","TE25","","159","225","192.0"
"190","Baltimore Ravens","DST","7","DST5","","191","195","193.0"
"191","Houston Texans","DST","6","DST6","","202","186","194.0"
"192","Kareem Hunt","KC","10","RB60","","216","176","196.0"
"193","DeMario Douglas","NE","14","WR72","","198","194","196.0"
"194","Blake Corum","LAR","8","RB61","","177","217","197.0"
"195","Joshua Palmer","BUF","7","WR73","","187","208","197.5"
"196","Russell Wilson","NYG","14","QB30","","219","178","198.5"
"197","Chig Okonkwo","TEN","10","TE26","","207","190","198.5"
"198","MarShawn Lloyd","GB","5","RB62","","205","192","198.5"
"199","Cameron Dicker","LAC","12","K2","","230","172","201.0"
"200","Jarquez Hunter","LAR","8","RB63","","218","184","201.0"
"201","Brashard Smith","KC","10","RB64","","193","216","204.5"
"202","Alec Pierce","IND","11","WR74","","197","215","206.0"
"203","DJ Giddens","IND","11","RB65","","209","203","206.0"
"204","Dalton Schultz","HOU","6","TE27","","201","212","206.5"
"205","Buffalo Bills","DST","7","DST7","","238","177","207.5"
"206","San Francisco 49ers","DST","14","DST8","","164","253","208.5"
"207","Devin Neal","NO","11","RB66","","189","229","209.0"
"208","Kansas City Chiefs","DST","10","DST9","","204","218","211.0"
"209","Miles Sanders","DAL","10","RB67","","239","185","212.0"
"210","Jake Bates","DET","8","K3","","233","191","212.0"
"211","Ka'imi Fairbairn","HOU","6","K4","","231","197","214.0"
"212","Detroit Lions","DST","8","DST10","","199","236","217.5"
"213","Will Shipley","PHI","9","RB68","","223","214","218.5"
"214","Elijah Arroyo","SEA","8","TE28","","241","199","220.0"
"215","Tyler Shough","NO","11","QB31","","237","206","221.5"
"216","Washington Commanders","DST","12","DST11","","157","287","222.0"
"217","Darren Waller","MIA","12","TE29","","232","213","222.5"
"218","Pat Bryant","DEN","12","WR75","","200","247","223.5"
"219","Jaxson Dart","NYG","14","QB32","","213","235","224.0"
"220","Shedeur Sanders","CLE","9","QB33","","227","224","225.5"
"221","Tampa Bay Buccaneers","DST","9","DST12","","196","256","226.0"
"222","Daniel Jones","IND","11","QB34","","244","210","227.0"
"223","Jalen Royals","KC","10","WR76","","211","243","227.0"
"224","Harrison Butker","KC","10","K5","","235","219","227.0"
"225","Jaleel McLaughlin","DEN","12","RB69","","222","234","228.0"
"226","Woody Marks","HOU","6","RB70","","252","207","229.5"
"227","Jaylin Noel","HOU","6","WR77","","210","251","230.5"
"228","Juwan Johnson","NO","11","TE30","","228","245","236.5"
"229","Terrance Ferguson","LAR","8","TE31","","206","268","237.0"
"230","Tyler Bass","BUF","7","K6","","234","241","237.5"
"231","Tahj Brooks","CIN","10","RB71","","258","221","239.5"
"232","Amari Cooper","","","WR78","","190","291","240.5"
"233","Chase McLaughlin","TB","9","K7","","276","209","242.5"
"234","Los Angeles Rams","DST","8","DST13","","256","231","243.5"
"235","Joe Flacco","CLE","9","QB35","","286","202","244.0"
"236","Raheem Mostert","LV","8","RB72","","267","222","244.5"
"237","Cole Kmet","CHI","5","TE32","","220","271","245.5"
"238","New York Giants","DST","14","DST14","","245","246","245.5"
"239","Ja'Tavion Sanders","CAR","14","TE33","","215","279","247.0"
"240","Zack Moss","","","RB73","","272","223","247.5"
"241","Darius Slayton","NYG","14","WR79","","254","244","249.0"
"242","Elijah Mitchell","KC","10","RB74","","295","204","249.5"
"243","Michael Wilson","ARI","8","WR80","","214","286","250.0"
"244","Tyler Lockett","TEN","10","WR81","","217","284","250.5"
"245","Seattle Seahawks","DST","8","DST15","","195","309","252.0"
"246","Dyami Brown","JAC","8","WR82","","247","257","252.0"
"247","Green Bay Packers","DST","5","DST16","","250","254","252.0"
"248","Trevor Etienne","CAR","14","RB75","","255","250","252.5"
"249","Theo Johnson","NYG","14","TE34","","226","281","253.5"
"250","Chris Boswell","PIT","5","K8","","275","232","253.5"
"251","Tyler Conklin","LAC","12","TE35","","270","237","253.5"
"252","Jake Elliott","PHI","9","K9","","278","230","254.0"
"253","Evan McPherson","CIN","10","K10","","236","272","254.0"
"254","Jacory Croskey-Merritt","WAS","12","RB76","","284","227","255.5"
"255","Jalen Milroe","SEA","8","QB36","","262","249","255.5"
"256","Dallas Cowboys","DST","10","DST17","","287","226","256.5"
"257","Jason Sanders","MIA","12","K11","","280","233","256.5"
"258","Jordan James","SF","14","RB77","","212","307","259.5"
"259","Calvin Austin III","PIT","5","WR83","","249","270","259.5"
"260","Los Angeles Chargers","DST","12","DST18","","253","266","259.5"
"261","Wil Lutz","DEN","12","K12","","309","211","260.0"
"262","Kirk Cousins","ATL","5","QB37","","300","220","260.0"
"263","Noah Gray","KC","10","TE36","","260","261","260.5"
"264","New England Patriots","DST","14","DST19","","248","277","262.5"
"265","Diontae Johnson","CLE","9","WR84","","263","262","262.5"
"266","Ollie Gordon II","MIA","12","RB78","","257","269","263.0"
"267","Elic Ayomanor","TEN","10","WR85","","225","302","263.5"
"268","Dontayvion Wicks","GB","5","WR86","","224","305","264.5"
"269","Antonio Gibson","NE","14","RB79","","303","228","265.5"
"270","Adonai Mitchell","IND","11","WR87","","221","312","266.5"
"271","Dont'e Thornton Jr.","LV","8","WR88","","281","255","268.0"
"272","New York Jets","DST","9","DST20","","243","294","268.5"
"273","Isaac TeSlaa","DET","8","WR89","","266","275","270.5"
"274","Tyler Loop","BAL","7","K13","","279","267","273.0"
"275","Kendre Miller","NO","11","RB80","","264","283","273.5"
"276","A.J. Dillon","PHI","9","RB81","","","238","238.0"
"277","Andrei Iosivas","CIN","10","WR90","","288","260","274.0"
"278","Brandon McManus","GB","5","K14","","","239","239.0"
"279","Harold Fannin Jr.","CLE","9","TE37","","246","303","274.5"
"280","Tennessee Titans","DST","10","DST21","","240","","240.0"
"281","Alexander Mattison","MIA","12","RB82","","","240","240.0"
"282","Luke McCaffrey","WAS","12","WR91","","","242","242.0"
"283","Jalen Coker","CAR","14","WR92","","242","","242.0"
"284","Younghoe Koo","ATL","5","K15","","277","278","277.5"
"285","Keaton Mitchell","BAL","7","RB83","","265","292","278.5"
"286","Ray-Ray McCloud III","ATL","5","WR93","","","248","248.0"
"287","Devin Singletary","NYG","14","RB84","","294","264","279.0"
"288","Tyler Higbee","LAR","8","TE38","","302","258","280.0"
"289","Miami Dolphins","DST","12","DST22","","251","","251.0"
"290","Jalen Nailor","MIN","6","WR94","","","252","252.0"
"291","Tre Tucker","LV","8","WR95","","","259","259.0"
"292","Roman Wilson","PIT","5","WR96","","259","310","284.5"
"293","Brandin Cooks","NO","11","WR97","","269","300","284.5"
"294","Xavier Restrepo","TEN","10","WR98","","261","","261.0"
"295","Taysom Hill","NO","11","TE39","","273","298","285.5"
"296","Audric Estime","DEN","12","RB85","","271","301","286.0"
"297","Oronde Gadsden II","LAC","12","TE40","","283","289","286.0"
"298","Matt Gay","WAS","12","K16","","","263","263.0"
"299","Cincinnati Bengals","DST","10","DST23","","","265","265.0"
"300","Tory Horton","SEA","8","WR99","","268","","268.0"
"301","Will Reichard","MIN","6","K17","","","273","273.0"
"302","Arizona Cardinals","DST","8","DST24","","","274","274.0"
"303","Noah Fant","CIN","10","TE41","","274","","274.0"
"304","Devaughn Vele","DEN","12","WR100","","","276","276.0"
"305","Sean Tucker","TB","9","RB86","","","280","280.0"
"306","Daniel Carlson","LV","8","K18","","308","282","295.0"
"307","Jordan Whittington","LAR","8","WR101","","282","","282.0"
"308","Jermaine Burton","CIN","10","WR102","","","285","285.0"
"309","Ben Sinnott","WAS","12","TE42","","285","","285.0"
"310","Chicago Bears","DST","5","DST25","","","288","288.0"
"311","Christian Watson","GB","5","WR103","","289","","289.0"
"312","Kayshon Boutte","NE","14","WR104","","291","308","299.5"
"313","Tutu Atwell","LAR","8","WR105","","290","","290.0"
"314","Kenneth Gainwell","PIT","5","RB87","","","290","290.0"
"315","Indianapolis Colts","DST","11","DST26","","292","","292.0"
"316","Las Vegas Raiders","DST","8","DST27","","293","","293.0"
"317","Joshua Karty","LAR","8","K19","","","293","293.0"
"318","Jake Moody","SF","14","K20","","","295","295.0"
"319","Jacksonville Jaguars","DST","8","DST28","","296","","296.0"
"320","Emanuel Wilson","GB","5","RB88","","","296","296.0"
"321","Cleveland Browns","DST","9","DST29","","","297","297.0"
"322","Khalil Herbert","IND","11","RB89","","297","315","306.0"
"323","New Orleans Saints","DST","11","DST30","","298","","298.0"
"324","Samaje Perine","CIN","10","RB90","","","299","299.0"
"325","Marquez Valdes-Scantling","SEA","8","WR106","","299","","299.0"
"326","Damien Martinez","SEA","8","RB91","","301","","301.0"
"327","Ty Johnson","BUF","7","RB92","","","304","304.0"
"328","Troy Franklin","DEN","12","WR107","","304","","304.0"
"329","Jalen Tolbert","DAL","10","WR108","","305","","305.0"
"330","Curtis Samuel","BUF","7","WR109","","306","","306.0"
"331","KeAndre Lambert-Smith","LAC","12","WR110","","","306","306.0"
"332","Elijah Moore","BUF","7","WR111","","","311","311.0"
"333","Isaiah Davis","NYJ","9","RB93","","","313","313.0"
"334","Dameon Pierce","HOU","6","RB94","","","314","314.0"
"335","Phil Mafah","DAL","10","RB95","","","316","316.0"
""
""