Player,Team,POS,Average_ADP,Depth,Depth_Rank
Ja'Marr Chase,CIN,WR1,1.0,WR1,1
Bijan Robinson,ATL,RB1,2.5,RB1,1
Saquon Barkley,PHI,RB2,3.0,RB1,1
Jahmyr Gibbs,DET,RB3,4.0,RB1,1
Justin Jefferson,MIN,WR2,5.0,WR1,1
CeeDee Lamb,DAL,WR3,5.5,WR1,1
Malik Nabers,NYG,WR4,8.5,WR1,1
Amon-Ra St. Brown,DET,WR5,9.0,WR1,1
Ashton Jeanty,LV,RB4,10.0,RB1,1
Puka Nacua,LAR,WR6,10.5,WR1,1
Derrick Henry,BAL,RB6,10.5,RB1,1
Christian McCaffrey,SF,RB5,10.5,RB1,1
Nico Collins,HOU,WR7,12.0,WR1,1
Brian Thomas,JAC,WR8,14.0,WR1,1
De'Von Achane,MIA,RB7,14.5,RB1,1
Brock Bowers,LV,TE1,17.5,TE1,1
Bucky Irving,TB,RB8,17.5,RB1,1
Josh Jacobs,GB,RB9,18.0,RB1,1
Drake London,ATL,WR9,18.5,WR1,1
A.J. Brown,PHI,WR10,22.0,WR1,1
Jonathan Taylor,IND,RB10,22.0,RB1,1
Chase Brown,CIN,RB11,22.5,RB1,1
Josh Allen,BUF,QB1,22.5,QB1,1
Lamar Jackson,BAL,QB2,23.5,QB1,1
Ladd McConkey,LAC,WR11,25.0,WR1,1
Trey McBride,ARI,TE2,25.0,TE1,1
Kyren Williams,LAR,RB12,25.5,RB1,1
Jayden Daniels,WAS,QB3,28.5,QB1,1
Tyreek Hill,MIA,WR12,28.5,WR1,1
Jaxon Smith-Njigba,SEA,WR13,30.5,WR1,1
Breece Hall,NYJ,RB13,32.5,RB1,1
James Cook,BUF,RB14,33.0,RB1,1
Tee Higgins,CIN,WR14,33.5,WR2,2
Omarion Hampton,LAC,RB15,34.5,RB1,1
Garrett Wilson,NYJ,WR15,35.5,WR1,1
Joe Burrow,CIN,QB4,38.0,QB1,1
Jalen Hurts,PHI,QB5,38.5,QB1,1
Alvin Kamara,NO,RB16,39.0,RB1,1
George Kittle,SF,TE3,39.0,TE1,1
Terry McLaurin,WAS,WR16,39.5,WR1,1
Marvin Harrison,ARI,WR17,40.0,WR1,1
Mike Evans,TB,WR18,41.5,WR1,1
Kenneth Walker,SEA,RB17,41.5,RB1,1
Davante Adams,LAR,WR19,42.5,WR2,2
Chuba Hubbard,CAR,RB18,44.5,RB1,1
DJ Moore,CHI,WR20,47.5,WR1,1
James Conner,ARI,RB19,50.0,RB1,1
DK Metcalf,PIT,WR21,50.5,WR1,1
Courtland Sutton,DEN,WR22,50.5,WR1,1
TreVeyon Henderson,NE,RB20,52.0,RB1,1
Rashee Rice,KC,WR23,53.5,WR1,1
RJ Harvey,DEN,RB21,54.0,RB1,1
DeVonta Smith,PHI,WR24,55.5,WR2,2
Tetairoa McMillan,CAR,WR25,56.5,WR1,1
David Montgomery,DET,RB22,57.0,RB2,2
Sam LaPorta,DET,TE4,58.5,TE1,1
Patrick Mahomes,KC,QB6,59.0,QB1,1
Xavier Worthy,KC,WR26,59.0,WR2,2
Jameson Williams,DET,WR27,59.0,WR2,2
Joe Mixon,HOU,RB23,60.0,RB1,1
Isiah Pacheco,KC,RB24,60.0,RB1,1
D'Andre Swift,CHI,RB25,61.5,RB1,1
Zay Flowers,BAL,WR28,61.5,WR1,1
George Pickens,DAL,WR29,62.5,WR2,2
Aaron Jones,MIN,RB26,63.5,RB1,1
Tony Pollard,TEN,RB27,64.0,RB1,1
Calvin Ridley,TEN,WR30,66.5,WR1,1
T.J. Hockenson,MIN,TE5,67.0,TE1,1
Travis Hunter,JAC,WR31,68.5,WR2,2
Travis Kelce,KC,TE6,69.5,TE1,1
Jerry Jeudy,CLE,WR32,69.5,WR1,1
Baker Mayfield,TB,QB7,71.5,QB1,1
Kaleb Johnson,PIT,RB28,73.0,RB1,1
Jaylen Waddle,MIA,WR33,73.0,WR2,2
Chris Olave,NO,WR34,73.0,WR1,1
Tyrone Tracy,NYG,RB29,75.5,RB1,1
Bo Nix,DEN,QB8,79.0,QB1,1
Rome Odunze,CHI,WR35,80.5,WR2,2
Jaylen Warren,PIT,RB30,81.5,RB2,2
Jordan Addison,MIN,WR36,82.5,WR2,2
Quinshon Judkins,CLE,RB31,84.0,RB1,1
Deebo Samuel,WAS,WR37,84.0,WR2,2
Chris Godwin,TB,WR38,86.0,WR2,2
Stefon Diggs,NE,WR39,86.5,WR1,1
Mark Andrews,BAL,TE7,87.0,TE1,1
Jakobi Meyers,LV,WR40,87.5,WR1,1
Travis Etienne,JAC,RB32,88.0,RB1,1
Brian Robinson,SF,RB33,88.5,RB2,2
Cooper Kupp,SEA,WR41,88.5,WR2,2
Ricky Pearsall,SF,WR42,89.0,WR1,1
Evan Engram,DEN,TE8,89.0,TE1,1
Matthew Golden,GB,WR43,91.0,WR1,1
Kyler Murray,ARI,QB9,92.5,QB1,1
Khalil Shakir,BUF,WR44,93.5,WR1,1
Jordan Mason,MIN,RB34,100.0,RB2,2
Javonte Williams,DAL,RB35,100.5,RB1,1
Jared Goff,DET,QB10,100.5,QB1,1
Jauan Jennings,SF,WR45,100.5,WR2,2
Zach Charbonnet,SEA,RB36,101.0,RB2,2
Tyler Warren,IND,TE9,101.0,TE1,1
Emeka Egbuka,TB,WR46,102.5,WR3,3
David Njoku,CLE,TE10,103.0,TE1,1
Dak Prescott,DAL,QB11,105.5,QB1,1
Jayden Reed,GB,WR47,106.0,WR2,2
Caleb Williams,CHI,QB12,106.5,QB1,1
Najee Harris,LAC,RB37,107.0,RB2,2
Cam Skattebo,NYG,RB38,107.0,RB2,2
Rhamondre Stevenson,NE,RB39,108.5,RB2,2
Brock Purdy,SF,QB13,110.0,QB1,1
Justin Herbert,LAC,QB14,111.0,QB1,1
Michael Pittman,IND,WR48,112.0,WR1,1
J.K. Dobbins,DEN,RB40,112.5,RB2,2
Josh Downs,IND,WR49,112.5,WR2,2
Colston Loveland,CHI,TE11,113.0,TE1,1
Tyjae Spears,TEN,RB41,114.0,RB2,2
Justin Fields,NYJ,QB15,114.5,QB1,1
Tucker Kraft,GB,TE12,114.5,TE1,1
Jonnu Smith,PIT,TE13,116.0,TE1,1
Brandon Aiyuk,SF,WR50,117.5,WR3,3
Darnell Mooney,ATL,WR51,120.5,WR2,2
Tank Bigsby,JAC,RB42,120.5,RB2,2
Keon Coleman,BUF,WR52,120.5,WR2,2
Drake Maye,NE,QB16,124.5,QB1,1
Jake Ferguson,DAL,TE14,124.5,TE1,1
Jaydon Blue,DAL,RB43,125.0,RB2,2
Jayden Higgins,HOU,WR53,125.5,WR2,2
Rachaad White,TB,RB44,126.0,RB2,2
Dalton Kincaid,BUF,TE15,127.0,TE1,1
C.J. Stroud,HOU,QB17,129.0,QB1,1
Austin Ekeler,WAS,RB45,131.5,RB1,1
Jordan Love,GB,QB18,131.5,QB1,1
J.J. McCarthy,MIN,QB19,135.0,QB1,1
Bhayshul Tuten,JAC,RB46,135.0,RB3,3
Jerome Ford,CLE,RB47,136.0,RB2,2
Marvin Mims,DEN,WR54,136.0,WR2,2
Trey Benson,ARI,RB48,136.5,RB2,2
Kyle Pitts,ATL,TE16,137.5,TE1,1
Rashid Shaheed,NO,WR55,139.5,WR2,2
Trevor Lawrence,JAC,QB20,140.0,QB1,1
Dallas Goedert,PHI,TE17,140.5,TE1,1
Rico Dowdle,CAR,RB49,140.5,RB2,2
Isaac Guerendo,SF,RB51,141.0,RB3,3
Luther Burden,CHI,WR56,141.0,WR3,3
Ray Davis,BUF,RB50,141.0,RB2,2
Christian Kirk,HOU,WR57,144.5,WR3,3
Tre' Harris,LAC,WR58,145.0,WR2,2
Braelon Allen,NYJ,RB52,146.0,RB2,2
Tyler Allgeier,ATL,RB53,149.0,RB2,2
Nick Chubb,HOU,RB54,150.5,RB2,2
Tua Tagovailoa,MIA,QB21,152.5,QB1,1
Hunter Henry,NE,TE18,154.5,TE1,1
Marquise Brown,KC,WR59,154.5,WR3,3
Keenan Allen,LAC,WR60,156.0,WR3,3
Dylan Sampson,CLE,RB55,158.0,RB3,3
Zach Ertz,WAS,TE19,159.0,TE1,1
Denver Broncos,DST,DST1,159.5,DST1,1
Philadelphia Eagles,DST,DST2,161.0,DST2,2
Jack Bech,LV,WR61,162.0,WR2,2
Bryce Young,CAR,QB22,163.0,QB1,1
Jaylen Wright,MIA,RB56,163.5,RB2,2
Michael Penix,ATL,QB23,163.5,QB1,1
Cam Ward,TEN,QB24,164.5,QB1,1
Matthew Stafford,LAR,QB25,168.0,QB1,1
Rashod Bateman,BAL,WR62,169.5,WR2,2
DeAndre Hopkins,BAL,WR63,170.0,WR3,3
Brenton Strange,JAC,TE20,171.0,TE1,1
Cedric Tillman,CLE,WR64,171.5,WR2,2
Jalen McMillan,TB,WR65,172.0,WR4,4
Pittsburgh Steelers,DST,DST3,172.0,DST3,3
Kyle Williams,NE,WR66,173.5,WR2,2
Geno Smith,LV,QB26,175.5,QB1,1
Cade Otton,TB,TE21,176.0,TE1,1
Isaiah Likely,BAL,TE22,176.5,TE2,2
Adam Thielen,CAR,WR67,176.5,WR2,2
Wan'Dale Robinson,NYG,WR68,177.5,WR2,2
Minnesota Vikings,DST,DST4,178.5,DST4,4
Sam Darnold,SEA,QB27,180.5,QB1,1
Kyle Monangai,CHI,RB57,181.0,RB2,2
Mason Taylor,NYJ,TE23,182.5,TE1,1
Xavier Legette,CAR,WR69,182.5,WR3,3
DeMario Douglas,NE,WR70,184.0,WR3,3
Justice Hill,BAL,RB58,184.5,RB2,2
Joshua Palmer,BUF,WR71,186.5,WR3,3
Aaron Rodgers,PIT,QB28,187.5,QB1,1
Anthony Richardson,IND,QB29,188.5,QB1,1
Romeo Doubs,GB,WR72,188.5,WR3,3
Baltimore Ravens,DST,DST5,189.0,DST5,5
Chig Okonkwo,TEN,TE24,191.5,TE1,1
Houston Texans,DST,DST6,192.0,DST6,6
Roschon Johnson,CHI,RB59,193.0,RB3,3
Brandon Aubrey,DAL,K1,193.5,K1,1
Kareem Hunt,KC,RB60,197.5,RB2,2
Mike Gesicki,CIN,TE25,198.0,TE1,1
Blake Corum,LAR,RB61,198.0,RB2,2
San Francisco 49ers,DST,DST7,198.0,DST7,7
Pat Freiermuth,PIT,TE26,198.5,TE2,2
Cameron Dicker,LAC,K2,202.5,K1,1
Alec Pierce,IND,WR73,207.0,WR3,3
Jarquez Hunter,LAR,RB62,207.5,RB3,3
Buffalo Bills,DST,DST8,208.0,DST8,8
Kansas City Chiefs,DST,DST9,208.0,DST9,9
Russell Wilson,NYG,QB30,208.5,QB1,1
Dalton Schultz,HOU,TE27,208.5,TE1,1
Jake Bates,DET,K3,209.0,K1,1
Will Shipley,PHI,RB63,209.5,RB2,2
Detroit Lions,DST,DST10,209.5,DST10,10
Quentin Johnston,LAC,WR74,212.5,WR4,4
Ka'imi Fairbairn,HOU,K4,212.5,K1,1
Chris Rodriguez,WAS,RB78,213.0,RB2,2
DJ Giddens,IND,RB64,213.5,RB2,2
Pat Bryant,DEN,WR75,214.0,WR3,3
Jacory Croskey-Merritt,WAS,RB65,214.0,RB3,3
Brashard Smith,KC,RB66,215.0,RB3,3
MarShawn Lloyd,GB,RB67,215.5,RB2,2
Woody Marks,HOU,RB68,216.0,RB3,3
Jaxson Dart,NYG,QB31,218.5,QB2,2
Washington Commanders,DST,DST11,222.0,DST11,11
Elijah Arroyo,SEA,TE28,223.0,TE1,1
Harrison Butker,KC,K5,223.0,K1,1
Ja'Tavion Sanders,CAR,TE29,225.0,TE1,1
Ollie Gordon,MIA,RB69,225.0,RB3,3
Tyler Shough,NO,QB32,226.0,QB1,1
Daniel Jones,IND,QB33,226.5,QB2,2
Miles Sanders,DAL,RB70,226.5,RB3,3
Shedeur Sanders,CLE,QB34,230.5,QB1,1
Darren Waller,MIA,TE30,230.5,TE1,1
Brandon McManus,GB,K14,231.0,K1,1
Tahj Brooks,CIN,RB71,232.0,RB2,2
Sean Tucker,TB,RB82,233.0,RB3,3
Keaton Mitchell,BAL,RB72,233.5,RB3,3
Chase McLaughlin,TB,K6,238.0,K1,1
Jaylin Noel,HOU,WR76,238.5,WR4,4
Cam Little,JAC,K15,239.0,K1,1
Los Angeles Rams,DST,DST12,239.0,DST12,12
Tennessee Titans,DST,DST20,240.0,DST13,13
Spencer Rattler,NO,QB38,241.0,QB2,2
Tyler Bass,BUF,K7,242.5,K1,1
Jalen Royals,KC,WR77,242.5,WR4,4
Ray-Ray McCloud,ATL,WR91,243.0,WR3,3
Juwan Johnson,NO,TE31,244.0,TE1,1
Dont'e Thornton,LV,WR78,244.0,WR3,3
Devin Neal,NO,RB73,244.5,RB2,2
New York Giants,DST,DST13,245.0,DST14,14
Cole Kmet,CHI,TE32,245.5,TE2,2
Michael Wilson,ARI,WR79,246.0,WR2,2
Tampa Bay Buccaneers,DST,DST14,246.5,DST15,15
A.J. Dillon,PHI,RB84,247.0,RB3,3
Arizona Cardinals,DST,DST22,248.0,DST16,16
Joe Flacco,CLE,QB35,248.0,QB2,2
Chris Boswell,PIT,K8,248.0,K1,1
Evan McPherson,CIN,K9,248.5,K1,1
Adonai Mitchell,IND,WR81,251.0,WR4,4
Darius Slayton,NYG,WR82,251.5,WR3,3
Jake Elliott,PHI,K10,251.5,K1,1
Green Bay Packers,DST,DST16,253.0,DST17,17
Terrance Ferguson,LAR,TE33,253.5,TE1,1
Matt Gay,WAS,K17,254.0,K1,1
Isaac TeSlaa,DET,WR83,254.0,WR3,3
Seattle Seahawks,DST,DST15,255.0,DST18,18
Jason Sanders,MIA,K12,255.0,K1,1
Wil Lutz,DEN,K11,255.0,K1,1
Raheem Mostert,LV,RB74,255.5,RB2,2
New York Jets,DST,DST17,256.5,DST19,19
Roman Wilson,PIT,WR84,257.0,WR2,2
Dyami Brown,JAC,WR85,258.0,WR3,3
Elijah Mitchell,KC,RB75,259.0,RB4,4
Theo Johnson,NYG,TE34,259.5,TE1,1
Tyler Loop,BAL,K13,259.5,K1,1
Xavier Restrepo,TEN,WR96,261.0,WR2,2
Kendre Miller,NO,RB76,261.0,RB3,3
Dallas Cowboys,DST,DST18,261.5,DST20,20
Jimmy Garoppolo,LAR,QB39,262.0,QB2,2
Zack Moss,,RB79,262.5,NO TEAM,0
Olamide Zaccheaus,CHI,WR97,263.0,WR4,4
Trevor Etienne,CAR,RB80,263.5,RB3,3
Tory Horton,SEA,WR86,263.5,WR3,3
Chicago Bears,DST,DST24,264.0,DST21,21
Dontayvion Wicks,GB,WR88,264.5,WR4,4
Amari Cooper,,WR80,264.5,NO TEAM,0
Los Angeles Chargers,DST,DST19,265.0,DST22,22
Dameon Pierce,HOU,RB86,265.0,RB4,4
Tyler Conklin,LAC,TE35,268.0,TE1,1
Elic Ayomanor,TEN,WR89,269.0,WR3,3
Jordan James,SF,RB77,270.5,RB4,4
Tyler Lockett,TEN,WR87,271.0,WR4,4
Jaleel McLaughlin,DEN,RB81,271.0,RB3,3
Jalen Milroe,SEA,QB36,271.0,QB2,2
Noah Gray,KC,TE36,272.0,TE2,2
Kirk Cousins,ATL,QB37,273.0,QB2,2
New England Patriots,DST,DST21,276.0,DST23,23
Younghoe Koo,ATL,K16,276.5,K1,1
Antonio Gibson,NE,RB83,276.5,RB3,3
Andrei Iosivas,CIN,WR92,278.0,WR3,3
Harold Fannin,CLE,TE37,278.5,TE2,2
Miami Dolphins,DST,DST23,279.0,DST24,24
Troy Franklin,DEN,WR94,280.5,WR4,4
Cincinnati Bengals,DST,DST25,282.0,DST25,25
Calvin Austin,PIT,WR93,284.0,WR3,3
Devin Singletary,NYG,RB85,284.5,RB3,3
Kayshon Boutte,NE,WR95,285.0,WR4,4
Malik Washington,MIA,WR102,285.0,WR3,3
Cam Akers,NO,RB88,286.0,RB4,4
Jalen Coker,CAR,WR90,287.0,WR4,4
Ty Johnson,BUF,RB89,288.0,RB3,3
Jalen Tolbert,DAL,WR99,289.0,WR3,3
Cleveland Browns,DST,DST26,289.0,DST26,26
Christian Watson,GB,WR103,289.0,WR5,5
Brandin Cooks,NO,WR100,289.5,WR3,3
KeAndre Lambert-Smith,LAC,WR105,291.0,WR5,5
Taysom Hill,NO,TE38,291.0,TE2,2
Indianapolis Colts,DST,DST27,292.0,DST27,27
Efton Chism,NE,WR106,292.0,WR5,5
Las Vegas Raiders,DST,DST28,293.0,DST28,28
Audric Estime,DEN,RB87,294.0,RB4,4
Jake Moody,SF,K19,294.0,K1,1
Noah Brown,WAS,WR107,295.0,WR3,3
Jacksonville Jaguars,DST,DST29,296.0,DST29,29
KaVontae Turpin,DAL,WR108,296.0,WR4,4
Khalil Herbert,IND,RB90,297.0,RB3,3
Diontae Johnson,CLE,WR98,297.0,WR3,3
New Orleans Saints,DST,DST30,298.0,DST30,30
Samaje Perine,CIN,RB91,298.0,RB3,3
Daniel Carlson,LV,K18,299.0,K1,1
Will Reichard,MIN,K20,299.0,K1,1
Tyler Higbee,LAR,TE42,302.0,TE2,2
Noah Fant,CIN,TE39,302.0,TE2,2
Tanner McKee,PHI,QB40,303.0,QB2,2
Curtis Samuel,BUF,WR110,306.0,WR4,4
Tutu Atwell,LAR,WR104,306.0,WR3,3
Tre Tucker,LV,WR111,306.0,WR4,4
Mitchell Tinsley,CIN,WR112,308.0,WR4,4
Oronde Gadsden,LAC,TE40,308.0,TE2,2
Jordan Whittington,LAR,WR101,308.5,WR4,4
Demarcus Robinson,SF,WR113,312.0,WR4,4
Ben Sinnott,WAS,TE41,312.5,TE2,2
Marquez Valdes-Scantling,SEA,WR109,313.0,WR4,4
Jalen Nailor,MIN,WR114,314.0,WR3,3
Joshua Karty,LAR,K21,316.0,K1,1
Isaiah Bond,CLE,WR115,318.0,WR4,4
Kenneth Gainwell,PIT,RB93,321.0,RB3,3
Damien Martinez,SEA,RB92,321.0,RB3,3
Emanuel Wilson,GB,RB94,323.0,RB3,3
Jermaine Burton,CIN,WR116,324.0,WR5,5
Elijah Moore,BUF,WR117,326.0,WR5,5
Devaughn Vele,NO,WR118,328.0,WR4,4
LeQuint Allen,JAC,RB95,334.0,RB4,4
Tai Felton,MIN,WR119,336.0,WR4,4
Kimani Vidal,LAC,RB96,337.0,RB3,3
Isaiah Davis,NYJ,RB97,338.0,RB3,3
Jameis Winston,NYG,QB41,342.0,QB3,3
Parker Washington,JAC,WR120,343.0,WR4,4
Phil Mafah,DAL,RB98,344.0,RB4,4
,,UNK,,NO TEAM,0
,,UNK,,NO TEAM,0
